USE CBS; 

-- Delete all data from EMPLOYEE before inserting
-- DELETE FROM EMPLOYEE;

INSERT INTO EMPLOYEE (ssn, Fname, Minit, Lname, startDate, supervisor)
VALUES (123456789, 'Mason', 'G', 'Kim','2019-09-05', NULL);

INSERT INTO EMPLOYEE (ssn, Fname, Minit, Lname, startDate, supervisor)
VALUES (112233445, 'Jason', 'F', 'Dry', '2019-12-20', 123456789);

INSERT INTO EMPLOYEE
VALUES (111222333, 'Jeff', 'L', 'Mason', '2018-09-30', 123456789);

-- INSERT INTO ADDRESS (S_ssn, street, city, state, zip) 
-- VALUES (123456789, 'Campus', 'Seattle', 'WA', '98195');

-- INSERT INTO ADDRESS (S_ssn, street, city, state, zip) 
-- VALUES (112233445, '18115 Campus Way NE', 'Bothell', 'WA', '98011');

-- INSERT INTO ADDRESS (S_ssn, street, city, state, zip) 
-- VALUES (111222333, 'Make This St', 'Lynnwood', 'WA', '98087');
-- Delete all data from BUS before inserting
-- DELETE FROM BUS;

INSERT INTO BUS (busID, busName, capacity, manufactured_date, E_driver)
VALUES (11111, '535 Lynnwood', 60, '2020-01-01', 111222333);

INSERT INTO BUS (busID, busName, capacity, manufactured_date, E_driver)
VALUES (22222, '535 Bellevue', 60, '2020-01-01', 112233445);

-- Delete all data from FARE_TIER before inserting
-- DELETE FROM FARE_TIER;

INSERT INTO FARE_TIER (tier, cost, fareName)
VALUES (1, 1, 'Veteran');

INSERT INTO FARE_TIER (tier, cost, fareName)
VALUES (2, 1, 'Disabled');

INSERT INTO FARE_TIER (tier, cost, fareName)
VALUES (3, 1.5, 'Student');

INSERT INTO FARE_TIER (tier, cost, fareName)
VALUES (4, 1.5, 'Child');

INSERT INTO FARE_TIER (tier, cost, fareName)
VALUES (5, 2.75, 'Adult');

INSERT INTO FARE_TIER (tier, cost, fareName)
VALUES (6, 1, 'Senior');

-- Delete all data from CARD before inserting
-- DELETE FROM CARD;

INSERT INTO CARD (cardNum, balance, expiry_date, F_fare)
VALUES(456789123, 99.99, '2022-09-20', 3); -- Some student

INSERT INTO CARD (cardNum, balance, expiry_date, F_fare)
VALUES(789456123, 99.99, '2022-10-20', 3); -- Some student

INSERT INTO CARD (cardNum, balance, expiry_date, F_fare)
VALUES(987654321, 4.69, '2022-09-20', 1); -- Some Veteran

INSERT INTO CARD (cardNum, balance, expiry_date, F_fare)
VALUES(321654987, 23.69, '2022-10-20', 4); -- Some Child

-- Delete all data from TAPS before inserting
-- DELETE FROM TAPS;

INSERT INTO TAPS (B_busID, C_cardNum, time_stamp)
VALUES(11111, 321654987, '2020-06-20 15:20:39');

INSERT INTO TAPS (B_busID, C_cardNum, time_stamp)
VALUES(11111, 987654321, '2019-12-07 20:20:20');

INSERT INTO TAPS (B_busID, C_cardNum, time_stamp)
VALUES(22222, 987654321, '2020-11-14 07:21:49');

-- Delete all data from BUS_STOP before inserting
-- DELETE FROM BUS_STOP;

INSERT INTO BUS_STOP (stopID, street1, street2)
VALUES(123132, '110 Ave NE', 'Campus Way NE');

INSERT INTO BUS_STOP (stopID, street1, street2)
VALUES(321321, '200th ST SW', '46th Ave W');

INSERT INTO BUS_STOP (stopID, street1, street2)
VALUES(654789, '112th St SE', 'South Everett St');

-- Delete all data from ROUTE before inserting
-- DELETE FROM ROUTE;

INSERT INTO ROUTE (routeID, S_firstStop, S_lastStop)
VALUES(159357, 123132, 321321);

INSERT INTO ROUTE (routeID, S_firstStop, S_lastStop)
VALUES(357159, 321321, 654789);

INSERT INTO ROUTE (routeID, S_firstStop, S_lastStop)
VALUES(965874, 654789, 123132);

-- Delete all data from VISITS before inserting
-- DELETE FROM VISITS;

-- INSERT INTO VISITS (R_routeID, S_stopID, arrivalTime, departTime)
-- VALUES(159357, 123132, '16:30:10', '16:30:40');

-- INSERT INTO VISITS (R_routeID, S_stopID, arrivalTime, departTime)
-- VALUES(357159, 321321, '06:29:11', '06:29:38');

-- INSERT INTO VISITS (R_routeID, S_stopID, arrivalTime, departTime)
-- VALUES(965874, 654789, '21:01:57', '21:01:57');

-- Delete all data from SCHEDULED before inserting
-- DELETE FROM SCHEDULED;

INSERT INTO SCHEDULED (R_routeID, B_busID, timeStart, timeEnd)
VALUES(159357, 11111, '15:01:57', '21:01:57');

INSERT INTO SCHEDULED (R_routeID, B_busID, timeStart, timeEnd)
VALUES(159357, 22222, '19:20:33', '20:08:57');

insert into EMPLOYEE (ssn, Fname, Minit, Lname, startDate, supervisor) values (824851403, 'Kati', 'W', 'Duplan', '2013-09-27', null);
insert into EMPLOYEE (ssn, Fname, Minit, Lname, startDate, supervisor) values (644370991, 'Lorilee', 'T', 'Wyett', '2005-12-24', null);
insert into EMPLOYEE (ssn, Fname, Minit, Lname, startDate, supervisor) values (488039334, 'Abey', 'I', 'Paradin', '2013-02-26', null);
insert into EMPLOYEE (ssn, Fname, Minit, Lname, startDate, supervisor) values (774315411, 'Cedric', 'T', 'Barkley', '2015-12-05', null);
insert into EMPLOYEE (ssn, Fname, Minit, Lname, startDate, supervisor) values (600459105, 'Nikolia', 'R', 'Burbank', '2017-10-02', null);
insert into EMPLOYEE (ssn, Fname, Minit, Lname, startDate, supervisor) values (937235392, 'Warner', 'O', 'Stubbert', '2001-07-09', null);
insert into EMPLOYEE (ssn, Fname, Minit, Lname, startDate, supervisor) values (472476944, 'Mattheus', 'Z', 'Lyptratt', '2019-11-12', null);
insert into EMPLOYEE (ssn, Fname, Minit, Lname, startDate, supervisor) values (139797007, 'Anna-maria', 'E', 'Martyn', '2002-04-08', null);
insert into EMPLOYEE (ssn, Fname, Minit, Lname, startDate, supervisor) values (166032504, 'Sherwood', 'H', 'Deavall', '2015-08-18', null);
insert into EMPLOYEE (ssn, Fname, Minit, Lname, startDate, supervisor) values (366372582, 'Ida', 'Z', 'Doughty', '2014-10-06', null);
insert into EMPLOYEE (ssn, Fname, Minit, Lname, startDate, supervisor) values (481262964, 'Olenolin', 'B', 'Brownill', '2010-09-15', null);
insert into EMPLOYEE (ssn, Fname, Minit, Lname, startDate, supervisor) values (659701453, 'Alvy', 'H', 'Lightman', '2001-09-11', null);
insert into EMPLOYEE (ssn, Fname, Minit, Lname, startDate, supervisor) values (313974553, 'Welsh', 'W', 'Ganiford', '2015-09-30', null);
insert into EMPLOYEE (ssn, Fname, Minit, Lname, startDate, supervisor) values (492593766, 'Deedee', 'E', 'Fellgett', '2001-10-07', null);
insert into EMPLOYEE (ssn, Fname, Minit, Lname, startDate, supervisor) values (669055432, 'Rosene', 'H', 'Paoloni', '2009-10-16', null);
insert into EMPLOYEE (ssn, Fname, Minit, Lname, startDate, supervisor) values (676893850, 'Jenn', 'M', 'Reardon', '2017-12-17', null);
insert into EMPLOYEE (ssn, Fname, Minit, Lname, startDate, supervisor) values (104607353, 'Freddie', 'S', 'End', '2014-10-12', null);
insert into EMPLOYEE (ssn, Fname, Minit, Lname, startDate, supervisor) values (591278118, 'Felice', 'R', 'Arpin', '2007-04-02', null);
insert into EMPLOYEE (ssn, Fname, Minit, Lname, startDate, supervisor) values (985548937, 'Celestyna', 'Z', 'Cain', '2018-08-20', null);
insert into EMPLOYEE (ssn, Fname, Minit, Lname, startDate, supervisor) values (441162035, 'Lyssa', 'O', 'Delap', '2005-08-27', null);
insert into EMPLOYEE (ssn, Fname, Minit, Lname, startDate, supervisor) values (592319671, 'Lishe', 'C', 'Edmonston', '2012-02-25', null);
insert into EMPLOYEE (ssn, Fname, Minit, Lname, startDate, supervisor) values (613314239, 'Bradford', 'E', 'Wolffers', '2015-08-06', null);
insert into EMPLOYEE (ssn, Fname, Minit, Lname, startDate, supervisor) values (836978782, 'Ethelyn', 'C', 'Billingham', '2018-03-23', null);
insert into EMPLOYEE (ssn, Fname, Minit, Lname, startDate, supervisor) values (820503135, 'Boigie', 'B', 'Gidley', '2003-02-15', null);
insert into EMPLOYEE (ssn, Fname, Minit, Lname, startDate, supervisor) values (122350986, 'Finley', 'H', 'Sands-Allan', '2002-05-21', null);
insert into EMPLOYEE (ssn, Fname, Minit, Lname, startDate, supervisor) values (531456609, 'Kalli', 'H', 'Charrington', '2002-05-27', null);
insert into EMPLOYEE (ssn, Fname, Minit, Lname, startDate, supervisor) values (768264439, 'Marissa', 'F', 'Djorvic', '2010-04-07', null);
insert into EMPLOYEE (ssn, Fname, Minit, Lname, startDate, supervisor) values (616435033, 'Charmion', 'L', 'Richarz', '2013-10-15', null);
insert into EMPLOYEE (ssn, Fname, Minit, Lname, startDate, supervisor) values (767525305, 'Ham', 'G', 'Andreu', '2008-02-17', null);
insert into EMPLOYEE (ssn, Fname, Minit, Lname, startDate, supervisor) values (790579277, 'Ardine', 'D', 'Biever', '2007-01-20', null);
insert into EMPLOYEE (ssn, Fname, Minit, Lname, startDate, supervisor) values (561714579, 'Dorie', 'G', 'Nyssen', '2017-07-24', null);
insert into EMPLOYEE (ssn, Fname, Minit, Lname, startDate, supervisor) values (669376754, 'Chelsie', 'I', 'Manketell', '2013-06-19', null);
insert into EMPLOYEE (ssn, Fname, Minit, Lname, startDate, supervisor) values (890807527, 'Lenora', 'T', 'Monkman', '2017-02-09', null);
insert into EMPLOYEE (ssn, Fname, Minit, Lname, startDate, supervisor) values (144337268, 'Matthaeus', 'C', 'Grzegorek', '2004-10-08', null);
insert into EMPLOYEE (ssn, Fname, Minit, Lname, startDate, supervisor) values (430011893, 'Poppy', 'E', 'Jeanesson', '2009-05-02', null);
insert into EMPLOYEE (ssn, Fname, Minit, Lname, startDate, supervisor) values (231293985, 'Evangelia', 'Z', 'Maffeo', '2011-08-23', null);
insert into EMPLOYEE (ssn, Fname, Minit, Lname, startDate, supervisor) values (436961321, 'Jenna', 'N', 'Cherm', '2000-08-28', null);
insert into EMPLOYEE (ssn, Fname, Minit, Lname, startDate, supervisor) values (182064985, 'Kingston', 'I', 'Cianni', '2017-12-06', null);
insert into EMPLOYEE (ssn, Fname, Minit, Lname, startDate, supervisor) values (993463224, 'Jolene', 'C', 'Ekins', '2014-02-02', null);
insert into EMPLOYEE (ssn, Fname, Minit, Lname, startDate, supervisor) values (284714531, 'Wes', 'M', 'Kyston', '2006-07-07', null);
insert into EMPLOYEE (ssn, Fname, Minit, Lname, startDate, supervisor) values (667442309, 'Consuela', 'J', 'Veldman', '2008-05-31', null);
insert into EMPLOYEE (ssn, Fname, Minit, Lname, startDate, supervisor) values (534323165, 'Bendick', 'G', 'Jaggs', '2006-03-19', null);
insert into EMPLOYEE (ssn, Fname, Minit, Lname, startDate, supervisor) values (967158275, 'Em', 'F', 'Cradoc', '2013-11-27', null);
insert into EMPLOYEE (ssn, Fname, Minit, Lname, startDate, supervisor) values (154639902, 'Alexandra', 'R', 'Kingscott', '2011-08-19', null);
insert into EMPLOYEE (ssn, Fname, Minit, Lname, startDate, supervisor) values (801746835, 'Rogerio', 'O', 'Churchley', '2010-10-06', null);
insert into EMPLOYEE (ssn, Fname, Minit, Lname, startDate, supervisor) values (270589620, 'Rona', 'J', 'Rossbrooke', '2002-03-07', null);
insert into EMPLOYEE (ssn, Fname, Minit, Lname, startDate, supervisor) values (438910512, 'Garrard', 'S', 'Arthan', '2003-08-23', null);
insert into EMPLOYEE (ssn, Fname, Minit, Lname, startDate, supervisor) values (693659553, 'Lacey', 'F', 'Pedder', '2010-08-02', null);
insert into EMPLOYEE (ssn, Fname, Minit, Lname, startDate, supervisor) values (646121223, 'Maddy', 'P', 'Yatman', '2002-04-27', null);
insert into EMPLOYEE (ssn, Fname, Minit, Lname, startDate, supervisor) values (277105093, 'Herc', 'H', 'Follet', '2004-09-28', null);


insert into EMPLOYEE (ssn, Fname, Minit, Lname, startDate, supervisor) values (443521957, 'Demetris', 'L', 'Gusticke', '2019-09-11', 139797007);
insert into EMPLOYEE (ssn, Fname, Minit, Lname, startDate, supervisor) values (710382130, 'Atalanta', 'O', 'McTavy', '2009-07-01', 531456609);
insert into EMPLOYEE (ssn, Fname, Minit, Lname, startDate, supervisor) values (712270795, 'Iormina', 'Y', 'Berndsen', '2000-07-24', 561714579);
insert into EMPLOYEE (ssn, Fname, Minit, Lname, startDate, supervisor) values (737795983, 'Bing', 'H', 'Kless', '2009-02-05', 472476944);
insert into EMPLOYEE (ssn, Fname, Minit, Lname, startDate, supervisor) values (861641057, 'Dalli', 'U', 'Grady', '2010-07-05', 646121223);
insert into EMPLOYEE (ssn, Fname, Minit, Lname, startDate, supervisor) values (438121388, 'Riley', 'H', 'Seaborn', '2002-06-16', 644370991);
insert into EMPLOYEE (ssn, Fname, Minit, Lname, startDate, supervisor) values (772889194, 'Adelheid', 'M', 'Jerromes', '2009-06-11', 820503135);
insert into EMPLOYEE (ssn, Fname, Minit, Lname, startDate, supervisor) values (178402438, 'Gradey', 'P', 'Bernaldez', '2019-02-10', 774315411);
insert into EMPLOYEE (ssn, Fname, Minit, Lname, startDate, supervisor) values (386233636, 'Walther', 'X', 'Langrish', '2012-10-10', 667442309);
insert into EMPLOYEE (ssn, Fname, Minit, Lname, startDate, supervisor) values (251255376, 'Orion', 'Z', 'Bowman', '2010-05-21', 667442309);
insert into EMPLOYEE (ssn, Fname, Minit, Lname, startDate, supervisor) values (836288861, 'Tyrone', 'P', 'Shemelt', '2000-10-11', 767525305);
insert into EMPLOYEE (ssn, Fname, Minit, Lname, startDate, supervisor) values (336925601, 'Gwynne', 'P', 'Oughton', '2004-03-29', 669376754);
insert into EMPLOYEE (ssn, Fname, Minit, Lname, startDate, supervisor) values (923375304, 'Bordie', 'X', 'Karpol', '2000-11-05', 644370991);
insert into EMPLOYEE (ssn, Fname, Minit, Lname, startDate, supervisor) values (563969579, 'Dalenna', 'U', 'O''Keefe', '2004-10-09', 104607353);
insert into EMPLOYEE (ssn, Fname, Minit, Lname, startDate, supervisor) values (618566580, 'Wes', 'F', 'Scocroft', '2011-06-18', 801746835);
insert into EMPLOYEE (ssn, Fname, Minit, Lname, startDate, supervisor) values (420277416, 'Vere', 'T', 'Barensen', '2017-01-14', 123456789);
insert into EMPLOYEE (ssn, Fname, Minit, Lname, startDate, supervisor) values (207642239, 'Menard', 'X', 'Randleson', '2005-03-06', 492593766);
insert into EMPLOYEE (ssn, Fname, Minit, Lname, startDate, supervisor) values (987630551, 'Kelcy', 'C', 'Nevitt', '2015-01-29', 366372582);
insert into EMPLOYEE (ssn, Fname, Minit, Lname, startDate, supervisor) values (157493611, 'Bamby', 'K', 'Colcutt', '2001-12-28', 613314239);
insert into EMPLOYEE (ssn, Fname, Minit, Lname, startDate, supervisor) values (154921571, 'Hillard', 'R', 'Blabie', '2014-10-27', 531456609);
insert into EMPLOYEE (ssn, Fname, Minit, Lname, startDate, supervisor) values (848808968, 'Ewell', 'N', 'Snozzwell', '2014-01-10', 531456609);
insert into EMPLOYEE (ssn, Fname, Minit, Lname, startDate, supervisor) values (676103746, 'Evyn', 'C', 'Mabbs', '2008-12-23', 534323165);
insert into EMPLOYEE (ssn, Fname, Minit, Lname, startDate, supervisor) values (651447905, 'Benton', 'B', 'Whybray', '2005-11-06', 937235392);
insert into EMPLOYEE (ssn, Fname, Minit, Lname, startDate, supervisor) values (897500571, 'Ev', 'R', 'Spraberry', '2013-01-07', 693659553);
insert into EMPLOYEE (ssn, Fname, Minit, Lname, startDate, supervisor) values (414992251, 'Teressa', 'A', 'O''Dulchonta', '2017-06-16', 820503135);
insert into EMPLOYEE (ssn, Fname, Minit, Lname, startDate, supervisor) values (826793961, 'Dimitri', 'V', 'Nayer', '2008-02-06', 937235392);
insert into EMPLOYEE (ssn, Fname, Minit, Lname, startDate, supervisor) values (581826153, 'Caldwell', 'M', 'O''dell', '2014-04-10', 613314239);
insert into EMPLOYEE (ssn, Fname, Minit, Lname, startDate, supervisor) values (890076190, 'Vlad', 'S', 'Matic', '2013-06-18', 659701453);
insert into EMPLOYEE (ssn, Fname, Minit, Lname, startDate, supervisor) values (828198883, 'Darrelle', 'C', 'Shard', '2012-01-14', 441162035);
insert into EMPLOYEE (ssn, Fname, Minit, Lname, startDate, supervisor) values (563722841, 'Grete', 'W', 'Jurek', '2011-12-12', 531456609);
insert into EMPLOYEE (ssn, Fname, Minit, Lname, startDate, supervisor) values (864810215, 'Ted', 'G', 'Jikovsky', '2017-01-03', 646121223);
insert into EMPLOYEE (ssn, Fname, Minit, Lname, startDate, supervisor) values (602604016, 'Alysa', 'Y', 'Brave', '2006-05-12', 154639902);
insert into EMPLOYEE (ssn, Fname, Minit, Lname, startDate, supervisor) values (900221260, 'Torey', 'I', 'Kloster', '2004-01-04', 561714579);
insert into EMPLOYEE (ssn, Fname, Minit, Lname, startDate, supervisor) values (177002527, 'Sheri', 'J', 'Valek', '2005-11-02', 277105093);
insert into EMPLOYEE (ssn, Fname, Minit, Lname, startDate, supervisor) values (885837735, 'Karlen', 'K', 'Debold', '2009-12-01', 166032504);
insert into EMPLOYEE (ssn, Fname, Minit, Lname, startDate, supervisor) values (788344721, 'Joceline', 'B', 'Urling', '2016-09-22', 591278118);
insert into EMPLOYEE (ssn, Fname, Minit, Lname, startDate, supervisor) values (824501621, 'Zsa zsa', 'R', 'Cristofari', '2007-01-05', 111222333);
insert into EMPLOYEE (ssn, Fname, Minit, Lname, startDate, supervisor) values (798301345, 'Levy', 'W', 'Hayle', '2012-12-12', 592319671);
insert into EMPLOYEE (ssn, Fname, Minit, Lname, startDate, supervisor) values (549143058, 'Yancey', 'Y', 'Standingford', '2014-07-06', 937235392);
insert into EMPLOYEE (ssn, Fname, Minit, Lname, startDate, supervisor) values (358026844, 'Faith', 'G', 'Upstone', '2003-12-05', 646121223);
insert into EMPLOYEE (ssn, Fname, Minit, Lname, startDate, supervisor) values (154705279, 'Porty', 'O', 'Rye', '2000-10-17', 937235392);
insert into EMPLOYEE (ssn, Fname, Minit, Lname, startDate, supervisor) values (265806065, 'Kirsti', 'R', 'MacNamee', '2009-12-01', 488039334);
insert into EMPLOYEE (ssn, Fname, Minit, Lname, startDate, supervisor) values (252945358, 'Chandra', 'W', 'Knappen', '2015-04-18', 644370991);
insert into EMPLOYEE (ssn, Fname, Minit, Lname, startDate, supervisor) values (244968379, 'Eldredge', 'G', 'Shadbolt', '2019-07-19', 591278118);
insert into EMPLOYEE (ssn, Fname, Minit, Lname, startDate, supervisor) values (167941783, 'Lloyd', 'R', 'Goodred', '2005-02-22', 436961321);
insert into EMPLOYEE (ssn, Fname, Minit, Lname, startDate, supervisor) values (529452674, 'Stevena', 'T', 'Tungay', '2016-01-26', 270589620);
insert into EMPLOYEE (ssn, Fname, Minit, Lname, startDate, supervisor) values (880824374, 'Ody', 'L', 'Phateplace', '2018-08-11', 820503135);
insert into EMPLOYEE (ssn, Fname, Minit, Lname, startDate, supervisor) values (630217764, 'Jaimie', 'V', 'Le Clercq', '2016-12-18', 104607353);
insert into EMPLOYEE (ssn, Fname, Minit, Lname, startDate, supervisor) values (364151456, 'Rolph', 'B', 'Streets', '2006-11-20', 481262964);
insert into EMPLOYEE (ssn, Fname, Minit, Lname, startDate, supervisor) values (994985081, 'Hi', 'L', 'Paulin', '2001-03-17', 166032504);
insert into EMPLOYEE (ssn, Fname, Minit, Lname, startDate, supervisor) values (150542311, 'Julina', 'V', 'Rounds', '2006-07-12', 313974553);
insert into EMPLOYEE (ssn, Fname, Minit, Lname, startDate, supervisor) values (638941657, 'Constanta', 'V', 'Zuan', '2011-02-06', 438910512);
insert into EMPLOYEE (ssn, Fname, Minit, Lname, startDate, supervisor) values (462672945, 'Filmer', 'A', 'Measey', '2002-01-02', 313974553);
insert into EMPLOYEE (ssn, Fname, Minit, Lname, startDate, supervisor) values (467756103, 'Annmarie', 'Y', 'Huddles', '2004-08-03', 659701453);
insert into EMPLOYEE (ssn, Fname, Minit, Lname, startDate, supervisor) values (177450153, 'Gert', 'G', 'Harbord', '2007-07-28', 985548937);
insert into EMPLOYEE (ssn, Fname, Minit, Lname, startDate, supervisor) values (783109559, 'Annabella', 'Y', 'Carlett', '2009-08-19', 231293985);
insert into EMPLOYEE (ssn, Fname, Minit, Lname, startDate, supervisor) values (538513181, 'Harwilll', 'Z', 'Mignot', '2003-01-28', 600459105);
insert into EMPLOYEE (ssn, Fname, Minit, Lname, startDate, supervisor) values (452828975, 'Estevan', 'Q', 'Huckell', '2019-05-28', 774315411);
insert into EMPLOYEE (ssn, Fname, Minit, Lname, startDate, supervisor) values (827480321, 'Boote', 'S', 'Manlow', '2000-11-01', 561714579);
insert into EMPLOYEE (ssn, Fname, Minit, Lname, startDate, supervisor) values (783692526, 'Ilysa', 'W', 'Rudham', '2008-02-02', 592319671);
insert into EMPLOYEE (ssn, Fname, Minit, Lname, startDate, supervisor) values (475339310, 'Starlene', 'R', 'Demange', '2016-10-23', 561714579);
insert into EMPLOYEE (ssn, Fname, Minit, Lname, startDate, supervisor) values (823283430, 'Keslie', 'N', 'Clendening', '2014-03-23', 481262964);
insert into EMPLOYEE (ssn, Fname, Minit, Lname, startDate, supervisor) values (750631253, 'Delila', 'F', 'Millins', '2006-03-18', 600459105);
insert into EMPLOYEE (ssn, Fname, Minit, Lname, startDate, supervisor) values (395589057, 'Tann', 'Q', 'Povey', '2001-04-01', 104607353);
insert into EMPLOYEE (ssn, Fname, Minit, Lname, startDate, supervisor) values (237775899, 'Freddie', 'U', 'Spitaro', '2007-11-10', 646121223);
insert into EMPLOYEE (ssn, Fname, Minit, Lname, startDate, supervisor) values (964445166, 'Dion', 'Y', 'Plevin', '2007-11-07', 488039334);
insert into EMPLOYEE (ssn, Fname, Minit, Lname, startDate, supervisor) values (107795443, 'Dede', 'Y', 'Holburn', '2002-07-10', 488039334);
insert into EMPLOYEE (ssn, Fname, Minit, Lname, startDate, supervisor) values (845585406, 'Jolie', 'U', 'Doyle', '2004-01-07', 667442309);
insert into EMPLOYEE (ssn, Fname, Minit, Lname, startDate, supervisor) values (582330081, 'Morlee', 'V', 'Hembling', '2004-01-03', 144337268);
insert into EMPLOYEE (ssn, Fname, Minit, Lname, startDate, supervisor) values (542135317, 'Deedee', 'Q', 'Pennycook', '2000-03-28', 774315411);
insert into EMPLOYEE (ssn, Fname, Minit, Lname, startDate, supervisor) values (848570731, 'Codee', 'Y', 'McCusker', '2009-03-20', 676893850);
insert into EMPLOYEE (ssn, Fname, Minit, Lname, startDate, supervisor) values (506129135, 'Nikolaus', 'Y', 'Kesteven', '2011-12-10', 774315411);
insert into EMPLOYEE (ssn, Fname, Minit, Lname, startDate, supervisor) values (885147330, 'Phillipp', 'E', 'Braundt', '2010-10-18', 441162035);
insert into EMPLOYEE (ssn, Fname, Minit, Lname, startDate, supervisor) values (422060097, 'Basile', 'H', 'Farnish', '2019-04-10', 613314239);
insert into EMPLOYEE (ssn, Fname, Minit, Lname, startDate, supervisor) values (413264344, 'Natassia', 'U', 'Biddlestone', '2017-04-21', 112233445);
insert into EMPLOYEE (ssn, Fname, Minit, Lname, startDate, supervisor) values (972844832, 'Collie', 'N', 'Brownsell', '2017-05-23', 890807527);
insert into EMPLOYEE (ssn, Fname, Minit, Lname, startDate, supervisor) values (397383835, 'Lorna', 'L', 'Huetson', '2007-08-29', 104607353);
insert into EMPLOYEE (ssn, Fname, Minit, Lname, startDate, supervisor) values (350282106, 'Kimberlyn', 'G', 'Alkins', '2011-04-19', 616435033);
insert into EMPLOYEE (ssn, Fname, Minit, Lname, startDate, supervisor) values (612564679, 'Beale', 'E', 'Nodes', '2014-08-02', 438910512);
insert into EMPLOYEE (ssn, Fname, Minit, Lname, startDate, supervisor) values (829424509, 'Henderson', 'C', 'Delahunt', '2019-04-02', 767525305);
insert into EMPLOYEE (ssn, Fname, Minit, Lname, startDate, supervisor) values (796049486, 'Meggi', 'O', 'Kibbe', '2002-03-18', 231293985);
insert into EMPLOYEE (ssn, Fname, Minit, Lname, startDate, supervisor) values (783700984, 'Bing', 'M', 'Willmore', '2002-11-07', 591278118);
insert into EMPLOYEE (ssn, Fname, Minit, Lname, startDate, supervisor) values (447096429, 'Eldon', 'J', 'Ewebank', '2016-01-12', 790579277);
insert into EMPLOYEE (ssn, Fname, Minit, Lname, startDate, supervisor) values (701101962, 'Algernon', 'M', 'Cocklin', '2016-04-16', 985548937);
insert into EMPLOYEE (ssn, Fname, Minit, Lname, startDate, supervisor) values (784756537, 'Eddie', 'M', 'Garbar', '2018-07-11', 613314239);
insert into EMPLOYEE (ssn, Fname, Minit, Lname, startDate, supervisor) values (839699501, 'Irene', 'O', 'Klus', '2003-08-20', 790579277);
insert into EMPLOYEE (ssn, Fname, Minit, Lname, startDate, supervisor) values (944504794, 'Robbi', 'V', 'Halsall', '2019-03-01', 890807527);
insert into EMPLOYEE (ssn, Fname, Minit, Lname, startDate, supervisor) values (489141121, 'Ainslie', 'W', 'Greguol', '2017-09-16', 139797007);
insert into EMPLOYEE (ssn, Fname, Minit, Lname, startDate, supervisor) values (624912375, 'Odetta', 'X', 'Walster', '2008-10-22', 166032504);
insert into EMPLOYEE (ssn, Fname, Minit, Lname, startDate, supervisor) values (697580307, 'Regine', 'Q', 'Wearn', '2015-04-07', 659701453);
insert into EMPLOYEE (ssn, Fname, Minit, Lname, startDate, supervisor) values (374080731, 'Rex', 'V', 'Larose', '2002-03-27', 669376754);
insert into EMPLOYEE (ssn, Fname, Minit, Lname, startDate, supervisor) values (933404381, 'Nevins', 'C', 'Giacopini', '2006-12-27', 790579277);
insert into EMPLOYEE (ssn, Fname, Minit, Lname, startDate, supervisor) values (114857056, 'Marina', 'A', 'Tatters', '2016-03-06', 774315411);
insert into EMPLOYEE (ssn, Fname, Minit, Lname, startDate, supervisor) values (463529801, 'Hope', 'C', 'Seide', '2005-08-11', 139797007);
insert into EMPLOYEE (ssn, Fname, Minit, Lname, startDate, supervisor) values (410734696, 'Dana', 'M', 'Lait', '2011-06-21', 166032504);
insert into EMPLOYEE (ssn, Fname, Minit, Lname, startDate, supervisor) values (417733995, 'Junie', 'U', 'Verrill', '2012-08-12', 104607353);
insert into EMPLOYEE (ssn, Fname, Minit, Lname, startDate, supervisor) values (440068255, 'Paulie', 'G', 'Wrack', '2012-11-11', 801746835);
insert into EMPLOYEE (ssn, Fname, Minit, Lname, startDate, supervisor) values (863847544, 'Benedicta', 'V', 'Childers', '2000-10-17', 890807527);
insert into EMPLOYEE (ssn, Fname, Minit, Lname, startDate, supervisor) values (302981382, 'Brennan', 'G', 'Keher', '2018-09-29', 693659553);
insert into EMPLOYEE (ssn, Fname, Minit, Lname, startDate, supervisor) values (631245515, 'Angil', 'X', 'Giacubo', '2005-02-05', 270589620);
insert into EMPLOYEE (ssn, Fname, Minit, Lname, startDate, supervisor) values (146248251, 'Carilyn', 'I', 'Aleksidze', '2007-07-10', 820503135);
insert into EMPLOYEE (ssn, Fname, Minit, Lname, startDate, supervisor) values (679920243, 'Akim', 'Q', 'Gocher', '2010-03-25', 534323165);
insert into EMPLOYEE (ssn, Fname, Minit, Lname, startDate, supervisor) values (675822238, 'Gert', 'U', 'Treagust', '2017-07-11', 472476944);
insert into EMPLOYEE (ssn, Fname, Minit, Lname, startDate, supervisor) values (622759836, 'Bryant', 'M', 'Farmloe', '2008-03-07', 472476944);
insert into EMPLOYEE (ssn, Fname, Minit, Lname, startDate, supervisor) values (862346852, 'Laryssa', 'Y', 'Wardle', '2017-07-06', 591278118);
insert into EMPLOYEE (ssn, Fname, Minit, Lname, startDate, supervisor) values (519796575, 'Clerkclaude', 'E', 'Bromehead', '2010-11-09', 890807527);
insert into EMPLOYEE (ssn, Fname, Minit, Lname, startDate, supervisor) values (805468162, 'Lynda', 'Y', 'Haythorn', '2008-05-26', 166032504);
insert into EMPLOYEE (ssn, Fname, Minit, Lname, startDate, supervisor) values (762450062, 'Libbey', 'Z', 'Lyfe', '2018-05-21', 154639902);
insert into EMPLOYEE (ssn, Fname, Minit, Lname, startDate, supervisor) values (756100459, 'Isabelita', 'Z', 'Triplet', '2014-01-13', 182064985);
insert into EMPLOYEE (ssn, Fname, Minit, Lname, startDate, supervisor) values (563939849, 'Clyde', 'B', 'Thistleton', '2006-09-20', 430011893);
insert into EMPLOYEE (ssn, Fname, Minit, Lname, startDate, supervisor) values (844712554, 'Brandy', 'M', 'Braybrooke', '2009-03-24', 534323165);
insert into EMPLOYEE (ssn, Fname, Minit, Lname, startDate, supervisor) values (554056951, 'Stu', 'V', 'Boog', '2010-06-16', 790579277);
insert into EMPLOYEE (ssn, Fname, Minit, Lname, startDate, supervisor) values (985850919, 'Amandi', 'W', 'Overell', '2014-08-07', 561714579);
insert into EMPLOYEE (ssn, Fname, Minit, Lname, startDate, supervisor) values (254980280, 'Tori', 'M', 'Woodcock', '2016-03-29', 993463224);
insert into EMPLOYEE (ssn, Fname, Minit, Lname, startDate, supervisor) values (782715057, 'Zacharie', 'B', 'Parratt', '2010-11-12', 122350986);
insert into EMPLOYEE (ssn, Fname, Minit, Lname, startDate, supervisor) values (689591398, 'Garvy', 'G', 'Jenken', '2014-05-21', 667442309);
insert into EMPLOYEE (ssn, Fname, Minit, Lname, startDate, supervisor) values (670368117, 'Lorrayne', 'Y', 'Surpliss', '2015-10-17', 676893850);
insert into EMPLOYEE (ssn, Fname, Minit, Lname, startDate, supervisor) values (672237666, 'Cloris', 'O', 'Moxham', '2019-08-19', 231293985);
insert into EMPLOYEE (ssn, Fname, Minit, Lname, startDate, supervisor) values (352535807, 'Lilah', 'C', 'Gemnett', '2001-10-16', 937235392);
insert into EMPLOYEE (ssn, Fname, Minit, Lname, startDate, supervisor) values (621558510, 'Archaimbaud', 'J', 'Sidle', '2007-01-28', 488039334);
insert into EMPLOYEE (ssn, Fname, Minit, Lname, startDate, supervisor) values (437794016, 'Waneta', 'A', 'Studde', '2004-08-16', 436961321);
insert into EMPLOYEE (ssn, Fname, Minit, Lname, startDate, supervisor) values (169468659, 'Michal', 'D', 'Seely', '2019-10-04', 139797007);
insert into EMPLOYEE (ssn, Fname, Minit, Lname, startDate, supervisor) values (758946137, 'Maribel', 'U', 'Mosdell', '2000-11-14', 436961321);
insert into EMPLOYEE (ssn, Fname, Minit, Lname, startDate, supervisor) values (597988060, 'Krystal', 'Q', 'Wanka', '2007-04-12', 993463224);
insert into EMPLOYEE (ssn, Fname, Minit, Lname, startDate, supervisor) values (785143730, 'Dani', 'N', 'Grinikhinov', '2015-09-26', 561714579);
insert into EMPLOYEE (ssn, Fname, Minit, Lname, startDate, supervisor) values (642195513, 'David', 'N', 'Scyner', '2009-12-16', 111222333);
insert into EMPLOYEE (ssn, Fname, Minit, Lname, startDate, supervisor) values (964136840, 'Marcello', 'M', 'Blaycock', '2005-10-25', 820503135);
insert into EMPLOYEE (ssn, Fname, Minit, Lname, startDate, supervisor) values (667333723, 'Jilly', 'Y', 'Corde', '2013-10-26', 790579277);
insert into EMPLOYEE (ssn, Fname, Minit, Lname, startDate, supervisor) values (762536719, 'Kiri', 'N', 'Ronaghan', '2000-06-07', 937235392);
insert into EMPLOYEE (ssn, Fname, Minit, Lname, startDate, supervisor) values (872848054, 'Hagen', 'X', 'Fisbburne', '2009-02-08', 613314239);
insert into EMPLOYEE (ssn, Fname, Minit, Lname, startDate, supervisor) values (843184453, 'Rivalee', 'G', 'Orneblow', '2012-11-05', 824851403);
insert into EMPLOYEE (ssn, Fname, Minit, Lname, startDate, supervisor) values (282491941, 'Rosella', 'F', 'Knevet', '2004-01-29', 667442309);
insert into EMPLOYEE (ssn, Fname, Minit, Lname, startDate, supervisor) values (244303608, 'Barry', 'Z', 'Arnoldi', '2001-03-31', 836978782);
insert into EMPLOYEE (ssn, Fname, Minit, Lname, startDate, supervisor) values (797228592, 'Amelia', 'L', 'Sawter', '2006-03-23', 613314239);
insert into EMPLOYEE (ssn, Fname, Minit, Lname, startDate, supervisor) values (838320177, 'Matty', 'G', 'Rosenblatt', '2006-07-14', 824851403);
insert into EMPLOYEE (ssn, Fname, Minit, Lname, startDate, supervisor) values (341772131, 'Dennie', 'F', 'Fromant', '2010-03-05', 985548937);
insert into EMPLOYEE (ssn, Fname, Minit, Lname, startDate, supervisor) values (450504106, 'Ruth', 'I', 'MacTrustram', '2000-10-27', 774315411);
insert into EMPLOYEE (ssn, Fname, Minit, Lname, startDate, supervisor) values (210956184, 'Richmond', 'J', 'Grewer', '2014-08-13', 472476944);
insert into EMPLOYEE (ssn, Fname, Minit, Lname, startDate, supervisor) values (895510281, 'Laura', 'Y', 'Brothers', '2002-10-06', 139797007);
insert into EMPLOYEE (ssn, Fname, Minit, Lname, startDate, supervisor) values (318089282, 'Linda', 'Y', 'Mountfort', '2016-06-27', 561714579);
insert into EMPLOYEE (ssn, Fname, Minit, Lname, startDate, supervisor) values (987253223, 'Zachary', 'Y', 'Lardge', '2000-03-16', 937235392);
insert into EMPLOYEE (ssn, Fname, Minit, Lname, startDate, supervisor) values (761371431, 'Lesly', 'V', 'Eilhart', '2005-02-08', 646121223);
insert into EMPLOYEE (ssn, Fname, Minit, Lname, startDate, supervisor) values (537458338, 'Theo', 'O', 'Landes', '2014-09-01', 801746835);
insert into EMPLOYEE (ssn, Fname, Minit, Lname, startDate, supervisor) values (668836126, 'Erv', 'X', 'Lightewood', '2012-06-30', 139797007);
insert into EMPLOYEE (ssn, Fname, Minit, Lname, startDate, supervisor) values (995338629, 'Mabel', 'I', 'Hiner', '2012-01-11', 669055432);
insert into EMPLOYEE (ssn, Fname, Minit, Lname, startDate, supervisor) values (304818044, 'Allene', 'W', 'Dobey', '2006-10-18', 824851403);
insert into EMPLOYEE (ssn, Fname, Minit, Lname, startDate, supervisor) values (888252497, 'Hillier', 'Q', 'Fewless', '2009-04-17', 112233445);
insert into EMPLOYEE (ssn, Fname, Minit, Lname, startDate, supervisor) values (361114260, 'Phillipe', 'M', 'Vowles', '2015-01-07', 277105093);
insert into EMPLOYEE (ssn, Fname, Minit, Lname, startDate, supervisor) values (590702769, 'Jackson', 'P', 'McAster', '2013-06-01', 111222333);
insert into EMPLOYEE (ssn, Fname, Minit, Lname, startDate, supervisor) values (513673588, 'Dudley', 'U', 'Jozwiak', '2013-03-18', 430011893);

insert into ADDRESS (S_ssn, street, city, state, zip) values (104607353, 'Nelson', 'Duluth', 'MN', 39754);
insert into ADDRESS (S_ssn, street, city, state, zip) values (107795443, 'Tony', 'Lafayette', 'LA', 72170);
insert into ADDRESS (S_ssn, street, city, state, zip) values (111222333, 'Parkside', 'Orlando', 'FL', 68962);
insert into ADDRESS (S_ssn, street, city, state, zip) values (112233445, 'Golden Leaf', 'Fort Worth', 'TX', 56592);
insert into ADDRESS (S_ssn, street, city, state, zip) values (114857056, 'Lillian', 'Naples', 'FL', 59645);
insert into ADDRESS (S_ssn, street, city, state, zip) values (122350986, 'Rusk', 'Hollywood', 'FL', 39044);
insert into ADDRESS (S_ssn, street, city, state, zip) values (123456789, 'Ruskin', 'Memphis', 'TN', 47822);
insert into ADDRESS (S_ssn, street, city, state, zip) values (139797007, 'Delladonna', 'El Paso', 'TX', 63147);
insert into ADDRESS (S_ssn, street, city, state, zip) values (144337268, 'Ridge Oak', 'Hayward', 'CA', 63079);
insert into ADDRESS (S_ssn, street, city, state, zip) values (146248251, 'Stang', 'Staten Island', 'NY', 87104);
insert into ADDRESS (S_ssn, street, city, state, zip) values (150542311, 'Algoma', 'Washington', 'DC', 65624);
insert into ADDRESS (S_ssn, street, city, state, zip) values (154639902, 'Loomis', 'Phoenix', 'AZ', 79343);
insert into ADDRESS (S_ssn, street, city, state, zip) values (154705279, 'Sutteridge', 'San Francisco', 'CA', 63113);
insert into ADDRESS (S_ssn, street, city, state, zip) values (154921571, 'Hovde', 'Little Rock', 'AR', 97482);
insert into ADDRESS (S_ssn, street, city, state, zip) values (157493611, 'Shoshone', 'Philadelphia', 'PA', 40333);
insert into ADDRESS (S_ssn, street, city, state, zip) values (166032504, 'Bonner', 'Portland', 'OR', 48365);
insert into ADDRESS (S_ssn, street, city, state, zip) values (167941783, 'Fair Oaks', 'Lehigh Acres', 'FL', 69662);
insert into ADDRESS (S_ssn, street, city, state, zip) values (169468659, 'Waxwing', 'Charleston', 'SC', 83884);
insert into ADDRESS (S_ssn, street, city, state, zip) values (177002527, 'Bartillon', 'El Paso', 'TX', 42734);
insert into ADDRESS (S_ssn, street, city, state, zip) values (177450153, 'Oak', 'Dallas', 'TX', 49645);
insert into ADDRESS (S_ssn, street, city, state, zip) values (178402438, 'Golf Course', 'Tucson', 'AZ', 46391);
insert into ADDRESS (S_ssn, street, city, state, zip) values (182064985, 'Packers', 'Chicago', 'IL', 51051);
insert into ADDRESS (S_ssn, street, city, state, zip) values (207642239, 'Warrior', 'Miami', 'FL', 86333);
insert into ADDRESS (S_ssn, street, city, state, zip) values (210956184, 'Farwell', 'Charleston', 'SC', 59141);
insert into ADDRESS (S_ssn, street, city, state, zip) values (231293985, 'Mallory', 'Boston', 'MA', 76929);
insert into ADDRESS (S_ssn, street, city, state, zip) values (237775899, 'Mandrake', 'Boston', 'MA', 11604);
insert into ADDRESS (S_ssn, street, city, state, zip) values (244303608, 'Welch', 'Winston Salem', 'NC', 97811);
insert into ADDRESS (S_ssn, street, city, state, zip) values (244968379, 'Maywood', 'South Bend', 'IN', 34236);
insert into ADDRESS (S_ssn, street, city, state, zip) values (251255376, 'Ruskin', 'Saint Louis', 'MO', 68957);
insert into ADDRESS (S_ssn, street, city, state, zip) values (252945358, '3rd', 'Tampa', 'FL', 33939);
insert into ADDRESS (S_ssn, street, city, state, zip) values (254980280, 'Stephen', 'Los Angeles', 'CA', 95611);
insert into ADDRESS (S_ssn, street, city, state, zip) values (265806065, 'Forest Run', 'Portland', 'ME', 97372);
insert into ADDRESS (S_ssn, street, city, state, zip) values (270589620, 'Columbus', 'Boise', 'ID', 21434);
insert into ADDRESS (S_ssn, street, city, state, zip) values (277105093, 'Summit', 'Baton Rouge', 'LA', 67458);
insert into ADDRESS (S_ssn, street, city, state, zip) values (282491941, 'Rusk', 'Bismarck', 'ND', 62722);
insert into ADDRESS (S_ssn, street, city, state, zip) values (284714531, 'Darwin', 'Peoria', 'IL', 89782);
insert into ADDRESS (S_ssn, street, city, state, zip) values (302981382, 'Colorado', 'Amarillo', 'TX', 17669);
insert into ADDRESS (S_ssn, street, city, state, zip) values (304818044, 'Mariners Cove', 'Kent', 'WA', 86902);
insert into ADDRESS (S_ssn, street, city, state, zip) values (313974553, 'Meadow Ridge', 'Boulder', 'CO', 15225);
insert into ADDRESS (S_ssn, street, city, state, zip) values (318089282, 'Oneill', 'Wilmington', 'DE', 17782);
insert into ADDRESS (S_ssn, street, city, state, zip) values (336925601, 'Fulton', 'Raleigh', 'NC', 25417);
insert into ADDRESS (S_ssn, street, city, state, zip) values (341772131, 'Darwin', 'Philadelphia', 'PA', 87065);
insert into ADDRESS (S_ssn, street, city, state, zip) values (350282106, 'Blackbird', 'Irvine', 'CA', 10922);
insert into ADDRESS (S_ssn, street, city, state, zip) values (352535807, 'Oneill', 'Omaha', 'NE', 50324);
insert into ADDRESS (S_ssn, street, city, state, zip) values (358026844, 'Larry', 'Las Cruces', 'NM', 28027);
insert into ADDRESS (S_ssn, street, city, state, zip) values (361114260, 'Laurel', 'Spokane', 'WA', 48670);
insert into ADDRESS (S_ssn, street, city, state, zip) values (364151456, 'Meadow Ridge', 'Fresno', 'CA', 48562);
insert into ADDRESS (S_ssn, street, city, state, zip) values (366372582, 'Browning', 'Washington', 'DC', 46405);
insert into ADDRESS (S_ssn, street, city, state, zip) values (374080731, 'Darwin', 'Richmond', 'VA', 61422);
insert into ADDRESS (S_ssn, street, city, state, zip) values (386233636, 'Marcy', 'Washington', 'DC', 86192);
insert into ADDRESS (S_ssn, street, city, state, zip) values (395589057, 'Bellgrove', 'Milwaukee', 'WI', 89350);
insert into ADDRESS (S_ssn, street, city, state, zip) values (397383835, 'Maple', 'San Bernardino', 'CA', 88007);
insert into ADDRESS (S_ssn, street, city, state, zip) values (410734696, 'Ramsey', 'Pueblo', 'CO', 37666);
insert into ADDRESS (S_ssn, street, city, state, zip) values (413264344, 'Stoughton', 'Houston', 'TX', 23611);
insert into ADDRESS (S_ssn, street, city, state, zip) values (414992251, 'Pawling', 'Canton', 'OH', 80075);
insert into ADDRESS (S_ssn, street, city, state, zip) values (417733995, 'Washington', 'Fort Lauderdale', 'FL', 97255);
insert into ADDRESS (S_ssn, street, city, state, zip) values (420277416, 'Annamark', 'Stockton', 'CA', 11791);
insert into ADDRESS (S_ssn, street, city, state, zip) values (422060097, 'Gale', 'Schenectady', 'NY', 91690);
insert into ADDRESS (S_ssn, street, city, state, zip) values (430011893, 'Nobel', 'Brooklyn', 'NY', 38192);
insert into ADDRESS (S_ssn, street, city, state, zip) values (436961321, 'Waywood', 'Jamaica', 'NY', 37733);
insert into ADDRESS (S_ssn, street, city, state, zip) values (437794016, 'Oakridge', 'Santa Barbara', 'CA', 87848);
insert into ADDRESS (S_ssn, street, city, state, zip) values (438121388, 'Little Fleur', 'Jacksonville', 'FL', 19617);
insert into ADDRESS (S_ssn, street, city, state, zip) values (438910512, 'New Castle', 'Riverside', 'CA', 94560);
insert into ADDRESS (S_ssn, street, city, state, zip) values (440068255, 'Hoffman', 'Van Nuys', 'CA', 65585);
insert into ADDRESS (S_ssn, street, city, state, zip) values (441162035, 'Monument', 'New York City', 'NY', 85267);
insert into ADDRESS (S_ssn, street, city, state, zip) values (443521957, 'Jenifer', 'Oklahoma City', 'OK', 12999);
insert into ADDRESS (S_ssn, street, city, state, zip) values (447096429, 'Dakota', 'Miami', 'FL', 15478);
insert into ADDRESS (S_ssn, street, city, state, zip) values (450504106, 'Bunting', 'Dallas', 'TX', 29548);
insert into ADDRESS (S_ssn, street, city, state, zip) values (452828975, 'Roth', 'Dallas', 'TX', 94146);
insert into ADDRESS (S_ssn, street, city, state, zip) values (462672945, 'Roxbury', 'Montgomery', 'AL', 77281);
insert into ADDRESS (S_ssn, street, city, state, zip) values (463529801, 'Fair Oaks', 'Santa Ana', 'CA', 71748);
insert into ADDRESS (S_ssn, street, city, state, zip) values (467756103, 'Warrior', 'Stockton', 'CA', 80642);
insert into ADDRESS (S_ssn, street, city, state, zip) values (472476944, 'Eagan', 'Charlotte', 'NC', 33672);
insert into ADDRESS (S_ssn, street, city, state, zip) values (475339310, 'Lake View', 'Duluth', 'GA', 87476);
insert into ADDRESS (S_ssn, street, city, state, zip) values (481262964, 'Center', 'Fresno', 'CA', 79919);
insert into ADDRESS (S_ssn, street, city, state, zip) values (488039334, 'Gateway', 'Zephyrhills', 'FL', 99794);
insert into ADDRESS (S_ssn, street, city, state, zip) values (489141121, 'Merry', 'Iowa City', 'IA', 49119);
insert into ADDRESS (S_ssn, street, city, state, zip) values (492593766, 'Forster', 'Saint Louis', 'MO', 96840);
insert into ADDRESS (S_ssn, street, city, state, zip) values (506129135, 'Kedzie', 'Berkeley', 'CA', 42228);
insert into ADDRESS (S_ssn, street, city, state, zip) values (513673588, 'Red Cloud', 'Hicksville', 'NY', 45429);
insert into ADDRESS (S_ssn, street, city, state, zip) values (519796575, 'Kropf', 'Sacramento', 'CA', 38304);
insert into ADDRESS (S_ssn, street, city, state, zip) values (529452674, 'Manufacturers', 'Rochester', 'MN', 72862);
insert into ADDRESS (S_ssn, street, city, state, zip) values (531456609, 'Armistice', 'Northridge', 'CA', 88967);
insert into ADDRESS (S_ssn, street, city, state, zip) values (534323165, 'Golf View', 'Oklahoma City', 'OK', 53362);
insert into ADDRESS (S_ssn, street, city, state, zip) values (537458338, 'Monterey', 'Brooklyn', 'NY', 17408);
insert into ADDRESS (S_ssn, street, city, state, zip) values (538513181, 'Algoma', 'Columbus', 'OH', 27324);
insert into ADDRESS (S_ssn, street, city, state, zip) values (542135317, 'Amoth', 'Las Vegas', 'NV', 68789);
insert into ADDRESS (S_ssn, street, city, state, zip) values (549143058, 'Mitchell', 'Norfolk', 'VA', 31254);
insert into ADDRESS (S_ssn, street, city, state, zip) values (554056951, 'Bashford', 'Birmingham', 'AL', 14716);
insert into ADDRESS (S_ssn, street, city, state, zip) values (561714579, 'Macpherson', 'Kalamazoo', 'MI', 21637);
insert into ADDRESS (S_ssn, street, city, state, zip) values (563722841, 'Village Green', 'Honolulu', 'HI', 93062);
insert into ADDRESS (S_ssn, street, city, state, zip) values (563939849, 'Dawn', 'San Bernardino', 'CA', 94566);
insert into ADDRESS (S_ssn, street, city, state, zip) values (563969579, 'Basil', 'Trenton', 'NJ', 79971);
insert into ADDRESS (S_ssn, street, city, state, zip) values (581826153, 'Gateway', 'Norman', 'OK', 11372);
insert into ADDRESS (S_ssn, street, city, state, zip) values (582330081, '6th', 'Shreveport', 'LA', 16028);
insert into ADDRESS (S_ssn, street, city, state, zip) values (590702769, 'Doe Crossing', 'Fairbanks', 'AK', 91600);
insert into ADDRESS (S_ssn, street, city, state, zip) values (591278118, 'Melrose', 'Milwaukee', 'WI', 89971);
insert into ADDRESS (S_ssn, street, city, state, zip) values (592319671, 'Southridge', 'Boynton Beach', 'FL', 14642);
insert into ADDRESS (S_ssn, street, city, state, zip) values (597988060, 'Paget', 'Billings', 'MT', 90843);
insert into ADDRESS (S_ssn, street, city, state, zip) values (600459105, 'Corry', 'Springfield', 'IL', 85130);
insert into ADDRESS (S_ssn, street, city, state, zip) values (602604016, 'Hayes', 'Houston', 'TX', 44979);
insert into ADDRESS (S_ssn, street, city, state, zip) values (612564679, 'Division', 'Chicago', 'IL', 82907);
insert into ADDRESS (S_ssn, street, city, state, zip) values (613314239, 'Dawn', 'Kansas City', 'MO', 24417);
insert into ADDRESS (S_ssn, street, city, state, zip) values (616435033, 'Miller', 'Las Vegas', 'NV', 82663);
insert into ADDRESS (S_ssn, street, city, state, zip) values (618566580, 'Arrowood', 'Topeka', 'KS', 53520);
insert into ADDRESS (S_ssn, street, city, state, zip) values (621558510, 'Sunnyside', 'Montgomery', 'AL', 96216);
insert into ADDRESS (S_ssn, street, city, state, zip) values (622759836, 'Morningstar', 'Edmond', 'OK', 60806);
insert into ADDRESS (S_ssn, street, city, state, zip) values (624912375, 'Bayside', 'Birmingham', 'AL', 15536);
insert into ADDRESS (S_ssn, street, city, state, zip) values (630217764, 'Sundown', 'Jefferson City', 'MO', 42514);
insert into ADDRESS (S_ssn, street, city, state, zip) values (631245515, 'Autumn Leaf', 'Cincinnati', 'OH', 17865);
insert into ADDRESS (S_ssn, street, city, state, zip) values (638941657, 'Spohn', 'Reno', 'NV', 16189);
insert into ADDRESS (S_ssn, street, city, state, zip) values (642195513, 'Gerald', 'Saint Paul', 'MN', 78194);
insert into ADDRESS (S_ssn, street, city, state, zip) values (644370991, 'Schurz', 'Bethesda', 'MD', 86127);
insert into ADDRESS (S_ssn, street, city, state, zip) values (646121223, 'Ronald Regan', 'Fairfield', 'CT', 59115);
insert into ADDRESS (S_ssn, street, city, state, zip) values (651447905, 'Elmside', 'Baltimore', 'MD', 58672);
insert into ADDRESS (S_ssn, street, city, state, zip) values (659701453, 'Hazelcrest', 'New Orleans', 'LA', 16990);
insert into ADDRESS (S_ssn, street, city, state, zip) values (667333723, 'John Wall', 'Shreveport', 'LA', 12230);
insert into ADDRESS (S_ssn, street, city, state, zip) values (667442309, 'Loftsgordon', 'Austin', 'TX', 48117);
insert into ADDRESS (S_ssn, street, city, state, zip) values (668836126, 'Knutson', 'New York City', 'NY', 54695);
insert into ADDRESS (S_ssn, street, city, state, zip) values (669055432, 'Sutteridge', 'Washington', 'DC', 31994);
insert into ADDRESS (S_ssn, street, city, state, zip) values (669376754, 'Macpherson', 'Arlington', 'TX', 86891);
insert into ADDRESS (S_ssn, street, city, state, zip) values (670368117, 'Boyd', 'Arlington', 'TX', 49271);
insert into ADDRESS (S_ssn, street, city, state, zip) values (672237666, 'Fuller', 'Chicago', 'IL', 99884);
insert into ADDRESS (S_ssn, street, city, state, zip) values (675822238, 'American Ash', 'Washington', 'DC', 45213);
insert into ADDRESS (S_ssn, street, city, state, zip) values (676103746, 'Continental', 'Spartanburg', 'SC', 84871);
insert into ADDRESS (S_ssn, street, city, state, zip) values (676893850, 'Starling', 'Prescott', 'AZ', 75116);
insert into ADDRESS (S_ssn, street, city, state, zip) values (679920243, 'Stuart', 'Cincinnati', 'OH', 50844);
insert into ADDRESS (S_ssn, street, city, state, zip) values (689591398, 'Bay', 'El Paso', 'TX', 95008);
insert into ADDRESS (S_ssn, street, city, state, zip) values (693659553, 'Ronald Regan', 'Washington', 'DC', 40814);
insert into ADDRESS (S_ssn, street, city, state, zip) values (697580307, 'Mendota', 'Philadelphia', 'PA', 75103);
insert into ADDRESS (S_ssn, street, city, state, zip) values (701101962, 'Melby', 'Sterling', 'VA', 49142);
insert into ADDRESS (S_ssn, street, city, state, zip) values (710382130, 'Schiller', 'Lexington', 'KY', 17231);
insert into ADDRESS (S_ssn, street, city, state, zip) values (712270795, 'Heath', 'Montgomery', 'AL', 19684);
insert into ADDRESS (S_ssn, street, city, state, zip) values (737795983, 'Hansons', 'Sioux City', 'IA', 54347);
insert into ADDRESS (S_ssn, street, city, state, zip) values (750631253, 'Commercial', 'Jackson', 'MS', 32366);
insert into ADDRESS (S_ssn, street, city, state, zip) values (756100459, '7th', 'Baton Rouge', 'LA', 65519);
insert into ADDRESS (S_ssn, street, city, state, zip) values (758946137, 'Fuller', 'Cincinnati', 'OH', 41592);
insert into ADDRESS (S_ssn, street, city, state, zip) values (761371431, 'Loftsgordon', 'El Paso', 'TX', 90684);
insert into ADDRESS (S_ssn, street, city, state, zip) values (762450062, 'Waubesa', 'Charlotte', 'NC', 50539);
insert into ADDRESS (S_ssn, street, city, state, zip) values (762536719, 'Clove', 'Las Vegas', 'NV', 36582);
insert into ADDRESS (S_ssn, street, city, state, zip) values (767525305, 'Hoffman', 'Clearwater', 'FL', 71049);
insert into ADDRESS (S_ssn, street, city, state, zip) values (768264439, 'Crest Line', 'Roanoke', 'VA', 62869);
insert into ADDRESS (S_ssn, street, city, state, zip) values (772889194, '2nd', 'Sarasota', 'FL', 43077);
insert into ADDRESS (S_ssn, street, city, state, zip) values (774315411, 'Cascade', 'Gaithersburg', 'MD', 75082);
insert into ADDRESS (S_ssn, street, city, state, zip) values (782715057, 'Sunfield', 'Bloomington', 'IN', 85970);
insert into ADDRESS (S_ssn, street, city, state, zip) values (783109559, 'Oneill', 'White Plains', 'NY', 29781);
insert into ADDRESS (S_ssn, street, city, state, zip) values (783692526, 'La Follette', 'Pensacola', 'FL', 49497);
insert into ADDRESS (S_ssn, street, city, state, zip) values (783700984, 'East', 'Rockville', 'MD', 89125);
insert into ADDRESS (S_ssn, street, city, state, zip) values (784756537, 'Larry', 'Chattanooga', 'TN', 66339);
insert into ADDRESS (S_ssn, street, city, state, zip) values (785143730, 'Towne', 'Anchorage', 'AK', 98960);

insert into BUS (busID, busName, capacity, manufactured_date, E_driver) values (17217, '831 G‘azalkent', 142, '2008-04-02', 104607353);
insert into BUS (busID, busName, capacity, manufactured_date, E_driver) values (68226, '613 Shuishiying', 94, '2004-04-05', 107795443);
insert into BUS (busID, busName, capacity, manufactured_date, E_driver) values (24517, '273 Chabařovice', 283, '2001-10-28', 114857056);
insert into BUS (busID, busName, capacity, manufactured_date, E_driver) values (12835, '442 Jaguaribe', 271, '2015-04-20', 122350986);
insert into BUS (busID, busName, capacity, manufactured_date, E_driver) values (50521, '655 Brampton', 224, '2007-07-17', 123456789);
insert into BUS (busID, busName, capacity, manufactured_date, E_driver) values (39836, '862 Parabcan', 115, '2008-02-12', 139797007);
insert into BUS (busID, busName, capacity, manufactured_date, E_driver) values (51660, '224 Khvalynsk', 281, '2015-12-17', 144337268);
insert into BUS (busID, busName, capacity, manufactured_date, E_driver) values (54494, '697 Xiacaoqiao', 298, '2008-02-17', 146248251);
insert into BUS (busID, busName, capacity, manufactured_date, E_driver) values (25466, '10 Lidköping', 149, '2004-01-09', 150542311);
insert into BUS (busID, busName, capacity, manufactured_date, E_driver) values (72341, '940 Cimenga', 89, '2014-09-29', 154639902);
insert into BUS (busID, busName, capacity, manufactured_date, E_driver) values (18912, '215 Marčelji', 158, '2010-08-24', 154705279);
insert into BUS (busID, busName, capacity, manufactured_date, E_driver) values (29447, '272 Ljusdal', 225, '2010-05-16', 154921571);
insert into BUS (busID, busName, capacity, manufactured_date, E_driver) values (57153, '670 Madrid', 74, '2002-05-17', 157493611);
insert into BUS (busID, busName, capacity, manufactured_date, E_driver) values (12678, '838 Maogang', 169, '2019-01-12', 166032504);
insert into BUS (busID, busName, capacity, manufactured_date, E_driver) values (20868, '933 Dobdoban', 280, '2008-03-07', 167941783);
insert into BUS (busID, busName, capacity, manufactured_date, E_driver) values (56403, '120 Dagang', 244, '2017-04-09', 169468659);
insert into BUS (busID, busName, capacity, manufactured_date, E_driver) values (29961, '768 Ciechanów', 225, '2011-08-29', 177002527);
insert into BUS (busID, busName, capacity, manufactured_date, E_driver) values (17994, '94 Kurikka', 295, '2001-12-03', 177450153);
insert into BUS (busID, busName, capacity, manufactured_date, E_driver) values (45891, '440 Magsaysay', 131, '2011-08-23', 178402438);
insert into BUS (busID, busName, capacity, manufactured_date, E_driver) values (65453, '184 Sremska Mitrovica', 240, '2012-02-20', 182064985);
insert into BUS (busID, busName, capacity, manufactured_date, E_driver) values (97845, '883 Zielonki', 113, '2011-05-16', 207642239);
insert into BUS (busID, busName, capacity, manufactured_date, E_driver) values (76647, '285 Montpellier', 114, '2016-01-19', 210956184);
insert into BUS (busID, busName, capacity, manufactured_date, E_driver) values (62553, '158 Hantsport', 131, '2001-12-19', 231293985);
insert into BUS (busID, busName, capacity, manufactured_date, E_driver) values (99713, '979 Juatuba', 76, '2015-08-22', 237775899);
insert into BUS (busID, busName, capacity, manufactured_date, E_driver) values (49069, '548 Tsu-shi', 81, '2006-11-07', 244303608);
insert into BUS (busID, busName, capacity, manufactured_date, E_driver) values (69890, '177 Quezon', 110, '2017-02-09', 244968379);
insert into BUS (busID, busName, capacity, manufactured_date, E_driver) values (96806, '251 Zhlobin', 258, '2013-08-01', 251255376);
insert into BUS (busID, busName, capacity, manufactured_date, E_driver) values (92170, '939 Karabudakhkent', 93, '2018-02-07', 252945358);
insert into BUS (busID, busName, capacity, manufactured_date, E_driver) values (66829, '450 Luowan', 265, '2017-10-18', 254980280);
insert into BUS (busID, busName, capacity, manufactured_date, E_driver) values (79508, '757 Monjas', 50, '2014-06-14', 265806065);
insert into BUS (busID, busName, capacity, manufactured_date, E_driver) values (35197, '43 Bodø', 227, '2006-08-30', 270589620);
insert into BUS (busID, busName, capacity, manufactured_date, E_driver) values (45028, '330 Tenjolaya', 139, '2000-11-08', 277105093);
insert into BUS (busID, busName, capacity, manufactured_date, E_driver) values (51250, '899 Sartana', 289, '2006-11-23', 282491941);
insert into BUS (busID, busName, capacity, manufactured_date, E_driver) values (72329, '702 Domsjö', 177, '2017-05-21', 284714531);
insert into BUS (busID, busName, capacity, manufactured_date, E_driver) values (85690, '919 Malkā', 238, '2009-01-30', 302981382);
insert into BUS (busID, busName, capacity, manufactured_date, E_driver) values (21273, '775 Padova', 127, '2019-10-24', 304818044);
insert into BUS (busID, busName, capacity, manufactured_date, E_driver) values (47859, '18 Bancar', 188, '2001-09-19', 313974553);
insert into BUS (busID, busName, capacity, manufactured_date, E_driver) values (74917, '508 Guanbuqiao', 165, '2007-05-26', 318089282);
insert into BUS (busID, busName, capacity, manufactured_date, E_driver) values (78474, '382 Yarmolyntsi', 127, '2004-06-04', 336925601);
insert into BUS (busID, busName, capacity, manufactured_date, E_driver) values (78851, '166 Abéché', 250, '2004-06-16', 341772131);
insert into BUS (busID, busName, capacity, manufactured_date, E_driver) values (17682, '495 Qinghua', 101, '2008-03-19', 350282106);
insert into BUS (busID, busName, capacity, manufactured_date, E_driver) values (98009, '836 Dongobesh', 189, '2000-09-05', 352535807);
insert into BUS (busID, busName, capacity, manufactured_date, E_driver) values (98414, '454 Aksu', 50, '2017-10-03', 358026844);
insert into BUS (busID, busName, capacity, manufactured_date, E_driver) values (22167, '833 Ash Shaykh Zuwayd', 297, '2012-08-23', 361114260);
insert into BUS (busID, busName, capacity, manufactured_date, E_driver) values (18206, '807 Shuntian', 157, '2016-05-31', 364151456);
insert into BUS (busID, busName, capacity, manufactured_date, E_driver) values (78696, '835 Shakhun’ya', 213, '2017-03-01', 366372582);
insert into BUS (busID, busName, capacity, manufactured_date, E_driver) values (24159, '666 Sumpur Kudus', 88, '2013-03-20', 374080731);
insert into BUS (busID, busName, capacity, manufactured_date, E_driver) values (68761, '130 Jiguaní', 297, '2017-04-25', 386233636);
insert into BUS (busID, busName, capacity, manufactured_date, E_driver) values (32410, '659 Sucun', 217, '2012-04-24', 395589057);
insert into BUS (busID, busName, capacity, manufactured_date, E_driver) values (15399, '935 Saint-Ouen', 144, '2001-04-26', 397383835);
insert into BUS (busID, busName, capacity, manufactured_date, E_driver) values (30948, '645 Maninihon', 155, '2011-11-10', 410734696);
insert into BUS (busID, busName, capacity, manufactured_date, E_driver) values (66514, '586 Taphan Hin', 154, '2010-01-08', 413264344);
insert into BUS (busID, busName, capacity, manufactured_date, E_driver) values (29568, '35 Araxá', 245, '2007-06-27', 414992251);
insert into BUS (busID, busName, capacity, manufactured_date, E_driver) values (23943, '923 Intipucá', 249, '2015-10-18', 420277416);
insert into BUS (busID, busName, capacity, manufactured_date, E_driver) values (75277, '356 Zhongnan', 159, '2012-03-02', 422060097);
insert into BUS (busID, busName, capacity, manufactured_date, E_driver) values (29283, '500 Krasnyy Yar', 273, '2016-09-24', 430011893);
insert into BUS (busID, busName, capacity, manufactured_date, E_driver) values (28529, '324 São João dos Patos', 98, '2019-06-15', 436961321);
insert into BUS (busID, busName, capacity, manufactured_date, E_driver) values (23257, '812 Bago City', 243, '2002-04-28', 437794016);
insert into BUS (busID, busName, capacity, manufactured_date, E_driver) values (55593, '426 Chandmanĭ', 218, '2008-08-12', 438121388);
insert into BUS (busID, busName, capacity, manufactured_date, E_driver) values (58681, '939 Pante Raja', 224, '2013-08-30', 438910512);
insert into BUS (busID, busName, capacity, manufactured_date, E_driver) values (67901, '497 Repentigny', 81, '2006-01-17', 440068255);
insert into BUS (busID, busName, capacity, manufactured_date, E_driver) values (26840, '390 Andongwei', 66, '2014-10-08', 441162035);
insert into BUS (busID, busName, capacity, manufactured_date, E_driver) values (31133, '39 Carepa', 96, '2005-05-20', 443521957);
insert into BUS (busID, busName, capacity, manufactured_date, E_driver) values (72192, '211 Beaconsfield', 233, '2009-08-13', 447096429);
insert into BUS (busID, busName, capacity, manufactured_date, E_driver) values (82911, '628 Tetandara', 195, '2011-10-17', 450504106);
insert into BUS (busID, busName, capacity, manufactured_date, E_driver) values (69637, '709 Tuen Mun', 237, '2012-04-15', 452828975);
insert into BUS (busID, busName, capacity, manufactured_date, E_driver) values (59881, '664 Wilkes Barre', 251, '2014-07-27', 462672945);
insert into BUS (busID, busName, capacity, manufactured_date, E_driver) values (55287, '625 Albuquerque', 178, '2008-11-21', 463529801);
insert into BUS (busID, busName, capacity, manufactured_date, E_driver) values (14327, '993 Longcun', 206, '2000-09-19', 467756103);
insert into BUS (busID, busName, capacity, manufactured_date, E_driver) values (60576, '425 Feikeng', 120, '2011-05-29', 472476944);
insert into BUS (busID, busName, capacity, manufactured_date, E_driver) values (85843, '97 Trzebiatów', 123, '2014-12-09', 475339310);
insert into BUS (busID, busName, capacity, manufactured_date, E_driver) values (49650, '361 Ganfang', 214, '2006-03-05', 481262964);
insert into BUS (busID, busName, capacity, manufactured_date, E_driver) values (79883, '889 Panagyurishte', 224, '2009-12-11', 488039334);
insert into BUS (busID, busName, capacity, manufactured_date, E_driver) values (71257, '740 Nanhuatang', 191, '2015-02-22', 489141121);
insert into BUS (busID, busName, capacity, manufactured_date, E_driver) values (90635, '401 Carpentras', 187, '2017-08-07', 492593766);
insert into BUS (busID, busName, capacity, manufactured_date, E_driver) values (83086, '305 Yaxi', 266, '2019-11-02', 506129135);
insert into BUS (busID, busName, capacity, manufactured_date, E_driver) values (19658, '328 Obonoma', 67, '2003-06-11', 513673588);
insert into BUS (busID, busName, capacity, manufactured_date, E_driver) values (26937, '834 Petrov', 273, '2017-04-23', 519796575);
insert into BUS (busID, busName, capacity, manufactured_date, E_driver) values (86616, '954 Rokem Barat', 158, '2014-05-24', 529452674);
insert into BUS (busID, busName, capacity, manufactured_date, E_driver) values (74215, '96 Donglai', 206, '2003-02-03', 531456609);
insert into BUS (busID, busName, capacity, manufactured_date, E_driver) values (97141, '507 Šimanovci', 275, '2007-07-13', 534323165);
insert into BUS (busID, busName, capacity, manufactured_date, E_driver) values (13458, '448 Lugulu', 279, '2014-08-29', 537458338);
insert into BUS (busID, busName, capacity, manufactured_date, E_driver) values (38302, '772 Danyang', 163, '2004-08-20', 538513181);
insert into BUS (busID, busName, capacity, manufactured_date, E_driver) values (52838, '140 Chābahār', 285, '2011-05-15', 542135317);
insert into BUS (busID, busName, capacity, manufactured_date, E_driver) values (12128, '199 Tupambaé', 217, '2005-05-20', 549143058);
insert into BUS (busID, busName, capacity, manufactured_date, E_driver) values (67829, '71 Seren', 61, '2006-10-27', 554056951);
insert into BUS (busID, busName, capacity, manufactured_date, E_driver) values (24819, '566 Lubniewice', 142, '2017-12-09', 561714579);
insert into BUS (busID, busName, capacity, manufactured_date, E_driver) values (64501, '887 Cukangpanjang', 59, '2001-01-12', 563722841);
insert into BUS (busID, busName, capacity, manufactured_date, E_driver) values (64508, '920 Miura', 231, '2006-01-24', 563939849);
insert into BUS (busID, busName, capacity, manufactured_date, E_driver) values (74372, '208 La Paz de Oriente', 170, '2000-06-23', 563969579);
insert into BUS (busID, busName, capacity, manufactured_date, E_driver) values (81789, '946 Fort-de-France', 215, '2000-09-11', 581826153);
insert into BUS (busID, busName, capacity, manufactured_date, E_driver) values (46123, '584 Lac-Mégantic', 139, '2004-01-18', 582330081);
insert into BUS (busID, busName, capacity, manufactured_date, E_driver) values (30588, '338 Tsibulev', 277, '2016-01-18', 590702769);
insert into BUS (busID, busName, capacity, manufactured_date, E_driver) values (64183, '206 Inuvik', 222, '2014-11-09', 591278118);
insert into BUS (busID, busName, capacity, manufactured_date, E_driver) values (88790, '653 Bastan', 287, '2015-01-10', 592319671);
insert into BUS (busID, busName, capacity, manufactured_date, E_driver) values (61642, '63 Nancang', 186, '2013-06-01', 597988060);
insert into BUS (busID, busName, capacity, manufactured_date, E_driver) values (96929, '795 Natonin', 100, '2003-01-18', 600459105);
insert into BUS (busID, busName, capacity, manufactured_date, E_driver) values (11848, '572 Guayabal', 117, '2011-11-07', 602604016);
insert into BUS (busID, busName, capacity, manufactured_date, E_driver) values (72750, '569 Glushkovo', 135, '2015-12-10', 612564679);
insert into BUS (busID, busName, capacity, manufactured_date, E_driver) values (53108, '387 Jinotega', 192, '2005-05-24', 613314239);
insert into BUS (busID, busName, capacity, manufactured_date, E_driver) values (37772, '232 Yidao', 106, '2017-03-02', 616435033);
insert into BUS (busID, busName, capacity, manufactured_date, E_driver) values (18766, '790 Toledo', 211, '2001-08-20', 618566580);
insert into BUS (busID, busName, capacity, manufactured_date, E_driver) values (10488, '106 Lanos', 195, '2019-03-07', 621558510);
insert into BUS (busID, busName, capacity, manufactured_date, E_driver) values (73363, '365 Long’anqiao', 277, '2006-11-07', 622759836);
insert into BUS (busID, busName, capacity, manufactured_date, E_driver) values (92141, '771 Passos', 257, '2006-10-08', 624912375);
insert into BUS (busID, busName, capacity, manufactured_date, E_driver) values (77162, '993 Banī Suhaylā', 72, '2013-11-08', 630217764);
insert into BUS (busID, busName, capacity, manufactured_date, E_driver) values (44679, '938 Baranów', 176, '2011-12-10', 631245515);
insert into BUS (busID, busName, capacity, manufactured_date, E_driver) values (14130, '121 London', 167, '2013-10-05', 638941657);
insert into BUS (busID, busName, capacity, manufactured_date, E_driver) values (73462, '996 Färgelanda', 59, '2002-04-12', 642195513);
insert into BUS (busID, busName, capacity, manufactured_date, E_driver) values (25350, '938 Quimilí', 118, '2007-07-07', 644370991);
insert into BUS (busID, busName, capacity, manufactured_date, E_driver) values (60721, '899 Santos', 260, '2014-06-09', 646121223);
insert into BUS (busID, busName, capacity, manufactured_date, E_driver) values (86505, '265 Novotroitskaya', 232, '2018-08-12', 651447905);
insert into BUS (busID, busName, capacity, manufactured_date, E_driver) values (63145, '730 Palaiseau', 292, '2011-09-15', 659701453);
insert into BUS (busID, busName, capacity, manufactured_date, E_driver) values (32594, '435 Wŏnju', 259, '2017-02-16', 667333723);
insert into BUS (busID, busName, capacity, manufactured_date, E_driver) values (94831, '456 Kaduela', 89, '2005-03-20', 667442309);
insert into BUS (busID, busName, capacity, manufactured_date, E_driver) values (42652, '774 Dzaoudzi', 282, '2011-06-14', 668836126);
insert into BUS (busID, busName, capacity, manufactured_date, E_driver) values (86131, '767 Tatebal', 289, '2003-10-01', 669055432);
insert into BUS (busID, busName, capacity, manufactured_date, E_driver) values (79906, '926 Xinqiao', 55, '2000-11-13', 669376754);
insert into BUS (busID, busName, capacity, manufactured_date, E_driver) values (17208, '688 Tikiw', 97, '2017-12-25', 672237666);
insert into BUS (busID, busName, capacity, manufactured_date, E_driver) values (73518, '844 Tehetu', 242, '2002-11-24', 675822238);
insert into BUS (busID, busName, capacity, manufactured_date, E_driver) values (52028, '966 Bornu Yassu', 297, '2002-01-03', 676103746);
insert into BUS (busID, busName, capacity, manufactured_date, E_driver) values (82062, '86 Veranópolis', 197, '2016-08-29', 676893850);
insert into BUS (busID, busName, capacity, manufactured_date, E_driver) values (60057, '462 Garibaldi', 88, '2008-06-19', 679920243);
insert into BUS (busID, busName, capacity, manufactured_date, E_driver) values (99822, '167 Samothráki', 237, '2001-12-24', 689591398);
insert into BUS (busID, busName, capacity, manufactured_date, E_driver) values (27401, '187 Hengli', 287, '2011-09-23', 693659553);
insert into BUS (busID, busName, capacity, manufactured_date, E_driver) values (66444, '848 Milano', 196, '2017-05-04', 697580307);
insert into BUS (busID, busName, capacity, manufactured_date, E_driver) values (98678, '304 Honglu', 281, '2016-07-23', 701101962);
insert into BUS (busID, busName, capacity, manufactured_date, E_driver) values (53506, '91 Kapiri Mposhi', 186, '2009-03-14', 710382130);
insert into BUS (busID, busName, capacity, manufactured_date, E_driver) values (33824, '657 Zheleznogorsk-Ilimskiy', 200, '2014-09-07', 712270795);
insert into BUS (busID, busName, capacity, manufactured_date, E_driver) values (68684, '846 Belomorsk', 261, '2010-11-05', 737795983);
insert into BUS (busID, busName, capacity, manufactured_date, E_driver) values (84953, '637 Sukamulya', 215, '2002-01-19', 750631253);
insert into BUS (busID, busName, capacity, manufactured_date, E_driver) values (54730, '706 Al Miftāḩ', 94, '2003-01-23', 756100459);
insert into BUS (busID, busName, capacity, manufactured_date, E_driver) values (65433, '864 Puerto Rico', 94, '2005-10-17', 758946137);
insert into BUS (busID, busName, capacity, manufactured_date, E_driver) values (23511, '403 Sapucaia', 294, '2018-04-16', 761371431);
insert into BUS (busID, busName, capacity, manufactured_date, E_driver) values (43206, '314 Antas', 239, '2017-03-17', 762450062);
insert into BUS (busID, busName, capacity, manufactured_date, E_driver) values (64178, '449 Pendembu', 236, '2002-06-07', 762536719);
insert into BUS (busID, busName, capacity, manufactured_date, E_driver) values (22555, '618 Chengyue', 283, '2009-09-28', 767525305);
insert into BUS (busID, busName, capacity, manufactured_date, E_driver) values (42536, '896 Moog', 117, '2010-10-22', 768264439);
insert into BUS (busID, busName, capacity, manufactured_date, E_driver) values (86507, '62 Žlutice', 205, '2006-06-24', 772889194);
insert into BUS (busID, busName, capacity, manufactured_date, E_driver) values (98608, '770 Pardelhas', 107, '2015-01-27', 774315411);
insert into BUS (busID, busName, capacity, manufactured_date, E_driver) values (73671, '282 Křižanov', 56, '2018-07-27', 782715057);
insert into BUS (busID, busName, capacity, manufactured_date, E_driver) values (80205, '802 Babao', 259, '2010-12-22', 783109559);
insert into BUS (busID, busName, capacity, manufactured_date, E_driver) values (54469, '72 El Asintal', 171, '2017-08-07', 783692526);
insert into BUS (busID, busName, capacity, manufactured_date, E_driver) values (41086, '532 Wujingfu', 253, '2019-04-19', 783700984);
insert into BUS (busID, busName, capacity, manufactured_date, E_driver) values (43799, '520 Rozsypne', 208, '2000-06-06', 784756537);
insert into BUS (busID, busName, capacity, manufactured_date, E_driver) values (21808, '172 Unquillo', 163, '2000-07-23', 785143730);

insert into CARD (cardNum, balance, expiry_date, F_fare) values (452835040, 97.75, '2021-12-29', 6);
insert into CARD (cardNum, balance, expiry_date, F_fare) values (511622611, 43.44, '2027-11-25', 4);
insert into CARD (cardNum, balance, expiry_date, F_fare) values (634752350, 83.88, '2024-01-23', 3);
insert into CARD (cardNum, balance, expiry_date, F_fare) values (734657465, 43.94, '2022-07-15', 5);
insert into CARD (cardNum, balance, expiry_date, F_fare) values (334006334, 68.0, '2024-07-26', 6);
insert into CARD (cardNum, balance, expiry_date, F_fare) values (753669466, 25.27, '2025-01-26', 6);
insert into CARD (cardNum, balance, expiry_date, F_fare) values (413941358, 23.55, '2023-08-14', 2);
insert into CARD (cardNum, balance, expiry_date, F_fare) values (953233949, 54.36, '2022-04-16', 1);
insert into CARD (cardNum, balance, expiry_date, F_fare) values (776298740, 61.11, '2023-10-12', 3);
insert into CARD (cardNum, balance, expiry_date, F_fare) values (928514310, 6.4, '2023-07-22', 4);
insert into CARD (cardNum, balance, expiry_date, F_fare) values (845754820, 9.43, '2026-12-05', 2);
insert into CARD (cardNum, balance, expiry_date, F_fare) values (826322218, 53.68, '2026-10-12', 5);
insert into CARD (cardNum, balance, expiry_date, F_fare) values (314990251, 63.78, '2025-11-08', 6);
insert into CARD (cardNum, balance, expiry_date, F_fare) values (793926114, 38.07, '2028-02-20', 2);
insert into CARD (cardNum, balance, expiry_date, F_fare) values (647976671, 71.28, '2024-01-07', 5);
insert into CARD (cardNum, balance, expiry_date, F_fare) values (487712837, 88.85, '2023-01-07', 6);
insert into CARD (cardNum, balance, expiry_date, F_fare) values (175981532, 32.74, '2024-01-21', 3);
insert into CARD (cardNum, balance, expiry_date, F_fare) values (698588230, 62.92, '2026-03-14', 1);
insert into CARD (cardNum, balance, expiry_date, F_fare) values (950624965, 57.47, '2023-01-14', 4);
insert into CARD (cardNum, balance, expiry_date, F_fare) values (911587714, 25.42, '2020-01-06', 5);
insert into CARD (cardNum, balance, expiry_date, F_fare) values (224619265, 40.78, '2019-04-18', 4);
insert into CARD (cardNum, balance, expiry_date, F_fare) values (286228251, 89.75, '2019-12-23', 5);
insert into CARD (cardNum, balance, expiry_date, F_fare) values (545881764, 75.08, '2027-02-21', 6);
insert into CARD (cardNum, balance, expiry_date, F_fare) values (579325934, 33.53, '2021-12-25', 3);
insert into CARD (cardNum, balance, expiry_date, F_fare) values (168767792, 58.5, '2026-10-23', 3);
insert into CARD (cardNum, balance, expiry_date, F_fare) values (353073363, 17.53, '2024-10-21', 5);
insert into CARD (cardNum, balance, expiry_date, F_fare) values (280053071, 82.35, '2021-05-01', 2);
insert into CARD (cardNum, balance, expiry_date, F_fare) values (183263191, 2.38, '2022-08-03', 4);
insert into CARD (cardNum, balance, expiry_date, F_fare) values (256655538, 36.8, '2020-09-14', 3);
insert into CARD (cardNum, balance, expiry_date, F_fare) values (478147117, 36.35, '2020-03-12', 2);
insert into CARD (cardNum, balance, expiry_date, F_fare) values (650474357, 26.48, '2025-06-10', 1);
insert into CARD (cardNum, balance, expiry_date, F_fare) values (857516284, 25.43, '2027-09-25', 2);
insert into CARD (cardNum, balance, expiry_date, F_fare) values (142115850, 13.36, '2027-06-18', 3);
insert into CARD (cardNum, balance, expiry_date, F_fare) values (555960652, 67.44, '2022-04-15', 3);
insert into CARD (cardNum, balance, expiry_date, F_fare) values (608812621, 57.04, '2021-10-10', 3);
insert into CARD (cardNum, balance, expiry_date, F_fare) values (316727218, 93.55, '2021-08-25', 3);
insert into CARD (cardNum, balance, expiry_date, F_fare) values (740410500, 51.72, '2026-06-25', 3);
insert into CARD (cardNum, balance, expiry_date, F_fare) values (897079258, 94.71, '2027-02-04', 1);
insert into CARD (cardNum, balance, expiry_date, F_fare) values (284704144, 5.44, '2026-05-13', 5);
insert into CARD (cardNum, balance, expiry_date, F_fare) values (832371969, 89.12, '2027-12-16', 4);
insert into CARD (cardNum, balance, expiry_date, F_fare) values (785686628, 2.24, '2027-03-21', 1);
insert into CARD (cardNum, balance, expiry_date, F_fare) values (463676807, 30.49, '2026-02-02', 6);
insert into CARD (cardNum, balance, expiry_date, F_fare) values (755069157, 2.5, '2020-12-26', 1);
insert into CARD (cardNum, balance, expiry_date, F_fare) values (658862099, 68.65, '2027-12-27', 5);
insert into CARD (cardNum, balance, expiry_date, F_fare) values (564445861, 82.31, '2025-06-13', 5);
insert into CARD (cardNum, balance, expiry_date, F_fare) values (823629994, 38.1, '2021-01-10', 1);
insert into CARD (cardNum, balance, expiry_date, F_fare) values (898869323, 50.23, '2026-10-15', 2);
insert into CARD (cardNum, balance, expiry_date, F_fare) values (918170278, 67.78, '2021-02-09', 2);
insert into CARD (cardNum, balance, expiry_date, F_fare) values (972100150, 41.56, '2024-09-12', 4);
insert into CARD (cardNum, balance, expiry_date, F_fare) values (323304186, 58.46, '2025-12-15', 1);
insert into CARD (cardNum, balance, expiry_date, F_fare) values (401263057, 25.84, '2027-05-03', 1);
insert into CARD (cardNum, balance, expiry_date, F_fare) values (949739328, 93.29, '2027-07-10', 1);
insert into CARD (cardNum, balance, expiry_date, F_fare) values (799888871, 65.05, '2019-09-08', 1);
insert into CARD (cardNum, balance, expiry_date, F_fare) values (316376656, 72.39, '2027-03-09', 2);
insert into CARD (cardNum, balance, expiry_date, F_fare) values (648450285, 0.54, '2019-05-16', 2);
insert into CARD (cardNum, balance, expiry_date, F_fare) values (215129056, 73.85, '2024-07-27', 6);
insert into CARD (cardNum, balance, expiry_date, F_fare) values (354303526, 82.09, '2020-02-16', 4);
insert into CARD (cardNum, balance, expiry_date, F_fare) values (205943632, 19.78, '2022-09-13', 3);
insert into CARD (cardNum, balance, expiry_date, F_fare) values (799833830, 64.49, '2024-02-29', 2);
insert into CARD (cardNum, balance, expiry_date, F_fare) values (615962208, 30.42, '2020-03-01', 6);
insert into CARD (cardNum, balance, expiry_date, F_fare) values (654519039, 43.39, '2024-12-18', 4);
insert into CARD (cardNum, balance, expiry_date, F_fare) values (514289226, 83.58, '2023-11-26', 3);
insert into CARD (cardNum, balance, expiry_date, F_fare) values (171605014, 14.27, '2021-06-04', 2);
insert into CARD (cardNum, balance, expiry_date, F_fare) values (838321983, 85.14, '2026-01-25', 5);
insert into CARD (cardNum, balance, expiry_date, F_fare) values (708441895, 25.7, '2021-12-18', 5);
insert into CARD (cardNum, balance, expiry_date, F_fare) values (314800356, 6.87, '2027-01-12', 3);
insert into CARD (cardNum, balance, expiry_date, F_fare) values (797669883, 30.82, '2021-03-16', 1);
insert into CARD (cardNum, balance, expiry_date, F_fare) values (541502730, 14.66, '2023-08-01', 4);
insert into CARD (cardNum, balance, expiry_date, F_fare) values (613466663, 64.15, '2020-04-30', 5);
insert into CARD (cardNum, balance, expiry_date, F_fare) values (788935121, 51.0, '2027-09-03', 3);
insert into CARD (cardNum, balance, expiry_date, F_fare) values (629128759, 2.89, '2023-04-26', 5);
insert into CARD (cardNum, balance, expiry_date, F_fare) values (877440937, 36.49, '2025-08-20', 1);
insert into CARD (cardNum, balance, expiry_date, F_fare) values (927174334, 83.75, '2027-04-21', 5);
insert into CARD (cardNum, balance, expiry_date, F_fare) values (684683534, 96.21, '2026-07-05', 1);
insert into CARD (cardNum, balance, expiry_date, F_fare) values (543129932, 47.16, '2020-10-29', 1);
insert into CARD (cardNum, balance, expiry_date, F_fare) values (506507623, 0.65, '2019-05-24', 2);
insert into CARD (cardNum, balance, expiry_date, F_fare) values (979186087, 92.79, '2027-08-16', 6);
insert into CARD (cardNum, balance, expiry_date, F_fare) values (809253636, 25.27, '2020-11-30', 6);
insert into CARD (cardNum, balance, expiry_date, F_fare) values (676149218, 79.94, '2024-04-21', 2);
insert into CARD (cardNum, balance, expiry_date, F_fare) values (777019300, 50.76, '2023-02-27', 1);
insert into CARD (cardNum, balance, expiry_date, F_fare) values (614747125, 21.32, '2019-08-10', 2);
insert into CARD (cardNum, balance, expiry_date, F_fare) values (377595912, 40.98, '2027-07-16', 5);
insert into CARD (cardNum, balance, expiry_date, F_fare) values (279557875, 54.44, '2025-06-29', 2);
insert into CARD (cardNum, balance, expiry_date, F_fare) values (378435468, 77.64, '2027-04-28', 6);
insert into CARD (cardNum, balance, expiry_date, F_fare) values (839013323, 97.93, '2021-12-21', 3);
insert into CARD (cardNum, balance, expiry_date, F_fare) values (258766531, 88.22, '2023-05-18', 3);
insert into CARD (cardNum, balance, expiry_date, F_fare) values (942356167, 82.9, '2027-03-11', 1);
insert into CARD (cardNum, balance, expiry_date, F_fare) values (909255418, 88.42, '2026-01-27', 3);
insert into CARD (cardNum, balance, expiry_date, F_fare) values (458478924, 16.12, '2022-03-17', 2);
insert into CARD (cardNum, balance, expiry_date, F_fare) values (277179674, 29.24, '2021-05-27', 6);
insert into CARD (cardNum, balance, expiry_date, F_fare) values (401469561, 16.58, '2027-12-31', 4);
insert into CARD (cardNum, balance, expiry_date, F_fare) values (512829932, 29.4, '2025-07-04', 3);
insert into CARD (cardNum, balance, expiry_date, F_fare) values (298254566, 79.75, '2024-10-04', 4);
insert into CARD (cardNum, balance, expiry_date, F_fare) values (616849471, 47.95, '2025-03-10', 4);
insert into CARD (cardNum, balance, expiry_date, F_fare) values (960926163, 72.63, '2022-07-25', 4);
insert into CARD (cardNum, balance, expiry_date, F_fare) values (629903277, 34.91, '2026-03-01', 6);
insert into CARD (cardNum, balance, expiry_date, F_fare) values (990770754, 89.34, '2025-12-29', 6);
insert into CARD (cardNum, balance, expiry_date, F_fare) values (567629486, 78.62, '2021-07-05', 6);
insert into CARD (cardNum, balance, expiry_date, F_fare) values (805257764, 49.0, '2025-04-18', 5);
insert into CARD (cardNum, balance, expiry_date, F_fare) values (382699397, 55.15, '2025-12-08', 2);
insert into CARD (cardNum, balance, expiry_date, F_fare) values (651800103, 18.98, '2026-11-10', 4);
insert into CARD (cardNum, balance, expiry_date, F_fare) values (686836164, 44.22, '2027-08-21', 6);
insert into CARD (cardNum, balance, expiry_date, F_fare) values (724407336, 86.51, '2023-04-28', 4);
insert into CARD (cardNum, balance, expiry_date, F_fare) values (123230074, 36.93, '2020-12-02', 6);
insert into CARD (cardNum, balance, expiry_date, F_fare) values (946405947, 74.91, '2022-11-18', 5);
insert into CARD (cardNum, balance, expiry_date, F_fare) values (796009153, 19.45, '2022-08-11', 6);
insert into CARD (cardNum, balance, expiry_date, F_fare) values (652713724, 56.56, '2019-10-29', 3);
insert into CARD (cardNum, balance, expiry_date, F_fare) values (227768101, 66.01, '2026-11-27', 6);
insert into CARD (cardNum, balance, expiry_date, F_fare) values (307614068, 41.41, '2024-01-07', 4);
insert into CARD (cardNum, balance, expiry_date, F_fare) values (477806269, 38.08, '2022-09-10', 5);
insert into CARD (cardNum, balance, expiry_date, F_fare) values (451270198, 30.87, '2020-03-20', 1);
insert into CARD (cardNum, balance, expiry_date, F_fare) values (502922776, 4.18, '2023-12-08', 6);
insert into CARD (cardNum, balance, expiry_date, F_fare) values (370325784, 12.79, '2023-11-22', 4);
insert into CARD (cardNum, balance, expiry_date, F_fare) values (480317069, 33.26, '2024-03-03', 5);
insert into CARD (cardNum, balance, expiry_date, F_fare) values (161928971, 95.53, '2026-07-21', 4);
insert into CARD (cardNum, balance, expiry_date, F_fare) values (958983637, 26.9, '2027-12-12', 3);
insert into CARD (cardNum, balance, expiry_date, F_fare) values (308382923, 78.85, '2020-06-03', 6);
insert into CARD (cardNum, balance, expiry_date, F_fare) values (347338292, 89.45, '2025-05-07', 3);
insert into CARD (cardNum, balance, expiry_date, F_fare) values (248639292, 49.37, '2019-05-29', 2);
insert into CARD (cardNum, balance, expiry_date, F_fare) values (467469460, 3.7, '2025-05-18', 3);
insert into CARD (cardNum, balance, expiry_date, F_fare) values (633387861, 17.21, '2023-07-28', 1);
insert into CARD (cardNum, balance, expiry_date, F_fare) values (369233330, 55.57, '2027-07-05', 2);
insert into CARD (cardNum, balance, expiry_date, F_fare) values (882639184, 92.03, '2020-02-01', 1);
insert into CARD (cardNum, balance, expiry_date, F_fare) values (117277413, 79.5, '2027-09-19', 6);
insert into CARD (cardNum, balance, expiry_date, F_fare) values (280887475, 62.72, '2020-02-07', 5);
insert into CARD (cardNum, balance, expiry_date, F_fare) values (385873100, 34.9, '2025-12-13', 1);
insert into CARD (cardNum, balance, expiry_date, F_fare) values (690207397, 40.64, '2027-06-15', 5);
insert into CARD (cardNum, balance, expiry_date, F_fare) values (457044178, 20.47, '2019-06-13', 4);
insert into CARD (cardNum, balance, expiry_date, F_fare) values (709713055, 75.42, '2019-08-18', 2);
insert into CARD (cardNum, balance, expiry_date, F_fare) values (482395604, 21.84, '2025-12-10', 3);
insert into CARD (cardNum, balance, expiry_date, F_fare) values (175075340, 39.15, '2021-03-12', 2);
insert into CARD (cardNum, balance, expiry_date, F_fare) values (464798726, 9.07, '2021-10-24', 2);
insert into CARD (cardNum, balance, expiry_date, F_fare) values (903727402, 72.33, '2025-07-08', 3);
insert into CARD (cardNum, balance, expiry_date, F_fare) values (583889231, 57.58, '2026-03-27', 4);
insert into CARD (cardNum, balance, expiry_date, F_fare) values (747781384, 31.46, '2028-01-11', 6);
insert into CARD (cardNum, balance, expiry_date, F_fare) values (278283034, 45.42, '2027-12-23', 2);
insert into CARD (cardNum, balance, expiry_date, F_fare) values (453450527, 50.41, '2019-04-25', 1);
insert into CARD (cardNum, balance, expiry_date, F_fare) values (521287242, 72.04, '2022-01-26', 2);
insert into CARD (cardNum, balance, expiry_date, F_fare) values (571977984, 36.48, '2024-09-22', 5);
insert into CARD (cardNum, balance, expiry_date, F_fare) values (559257869, 39.21, '2021-10-06', 5);
insert into CARD (cardNum, balance, expiry_date, F_fare) values (459223251, 49.81, '2025-08-26', 5);
insert into CARD (cardNum, balance, expiry_date, F_fare) values (735627672, 26.31, '2022-01-21', 1);
insert into CARD (cardNum, balance, expiry_date, F_fare) values (670354832, 92.83, '2023-06-14', 1);
insert into CARD (cardNum, balance, expiry_date, F_fare) values (762727534, 45.65, '2024-07-01', 4);
insert into CARD (cardNum, balance, expiry_date, F_fare) values (912399721, 23.56, '2019-10-13', 5);
insert into CARD (cardNum, balance, expiry_date, F_fare) values (227073064, 68.19, '2021-09-24', 1);
insert into CARD (cardNum, balance, expiry_date, F_fare) values (786064696, 29.69, '2020-11-01', 2);
insert into CARD (cardNum, balance, expiry_date, F_fare) values (736868115, 4.16, '2022-01-11', 3);
insert into CARD (cardNum, balance, expiry_date, F_fare) values (810491809, 53.04, '2025-03-09', 6);
insert into CARD (cardNum, balance, expiry_date, F_fare) values (449675579, 62.85, '2023-05-04', 6);


insert into TAPS (B_busID, C_cardNum, time_stamp) values (66444, 897079258, '2019-12-08 01:50:26');
insert into TAPS (B_busID, C_cardNum, time_stamp) values (64183, 810491809, '2019-07-22 21:00:15');
insert into TAPS (B_busID, C_cardNum, time_stamp) values (58681, 378435468, '2020-02-26 02:10:04');
insert into TAPS (B_busID, C_cardNum, time_stamp) values (92141, 307614068, '2020-01-05 00:39:57');
insert into TAPS (B_busID, C_cardNum, time_stamp) values (41086, 583889231, '2019-06-18 07:23:48');
insert into TAPS (B_busID, C_cardNum, time_stamp) values (30948, 175981532, '2020-01-14 06:47:08');
insert into TAPS (B_busID, C_cardNum, time_stamp) values (39836, 647976671, '2019-03-28 06:11:51');
insert into TAPS (B_busID, C_cardNum, time_stamp) values (79906, 284704144, '2019-08-04 09:57:40');
insert into TAPS (B_busID, C_cardNum, time_stamp) values (35197, 314990251, '2019-06-25 01:44:29');
insert into TAPS (B_busID, C_cardNum, time_stamp) values (68761, 786064696, '2019-05-02 02:16:48');
insert into TAPS (B_busID, C_cardNum, time_stamp) values (65453, 762727534, '2019-04-19 05:10:55');
insert into TAPS (B_busID, C_cardNum, time_stamp) values (55287, 785686628, '2019-11-05 09:11:52');
insert into TAPS (B_busID, C_cardNum, time_stamp) values (74372, 788935121, '2020-02-11 12:30:49');
insert into TAPS (B_busID, C_cardNum, time_stamp) values (73518, 279557875, '2019-05-22 14:33:30');
insert into TAPS (B_busID, C_cardNum, time_stamp) values (35197, 629128759, '2019-06-11 03:06:46');
insert into TAPS (B_busID, C_cardNum, time_stamp) values (24819, 385873100, '2019-11-14 08:37:38');
insert into TAPS (B_busID, C_cardNum, time_stamp) values (61642, 314990251, '2019-05-17 00:08:40');
insert into TAPS (B_busID, C_cardNum, time_stamp) values (68684, 258766531, '2020-03-13 16:16:12');
insert into TAPS (B_busID, C_cardNum, time_stamp) values (65433, 227073064, '2019-11-21 05:28:37');
insert into TAPS (B_busID, C_cardNum, time_stamp) values (78696, 175981532, '2019-11-07 03:17:20');
insert into TAPS (B_busID, C_cardNum, time_stamp) values (42652, 323304186, '2019-10-05 15:31:01');
insert into TAPS (B_busID, C_cardNum, time_stamp) values (53506, 480317069, '2019-07-12 04:31:14');
insert into TAPS (B_busID, C_cardNum, time_stamp) values (55287, 987654321, '2019-11-22 23:54:02');
insert into TAPS (B_busID, C_cardNum, time_stamp) values (31133, 826322218, '2019-12-30 14:07:00');
insert into TAPS (B_busID, C_cardNum, time_stamp) values (88790, 314800356, '2019-08-26 18:14:25');
insert into TAPS (B_busID, C_cardNum, time_stamp) values (72329, 464798726, '2019-03-17 12:09:52');
insert into TAPS (B_busID, C_cardNum, time_stamp) values (44679, 452835040, '2019-09-03 12:15:04');
insert into TAPS (B_busID, C_cardNum, time_stamp) values (15399, 559257869, '2019-06-04 11:14:52');
insert into TAPS (B_busID, C_cardNum, time_stamp) values (18912, 316727218, '2019-03-19 21:03:51');
insert into TAPS (B_busID, C_cardNum, time_stamp) values (10488, 797669883, '2019-10-22 13:25:45');
insert into TAPS (B_busID, C_cardNum, time_stamp) values (86616, 334006334, '2019-06-26 07:24:48');
insert into TAPS (B_busID, C_cardNum, time_stamp) values (46123, 564445861, '2019-05-22 18:27:32');
insert into TAPS (B_busID, C_cardNum, time_stamp) values (67901, 413941358, '2020-02-07 02:26:00');
insert into TAPS (B_busID, C_cardNum, time_stamp) values (26937, 579325934, '2020-03-05 18:12:54');
insert into TAPS (B_busID, C_cardNum, time_stamp) values (21273, 786064696, '2019-08-20 05:00:11');
insert into TAPS (B_busID, C_cardNum, time_stamp) values (92141, 559257869, '2019-10-08 08:04:03');
insert into TAPS (B_busID, C_cardNum, time_stamp) values (13458, 354303526, '2019-08-10 04:43:35');
insert into TAPS (B_busID, C_cardNum, time_stamp) values (75277, 175981532, '2019-05-06 09:32:04');
insert into TAPS (B_busID, C_cardNum, time_stamp) values (98009, 377595912, '2019-08-14 09:20:09');
insert into TAPS (B_busID, C_cardNum, time_stamp) values (61642, 353073363, '2019-08-16 10:28:02');
insert into TAPS (B_busID, C_cardNum, time_stamp) values (96806, 698588230, '2019-09-11 08:09:15');
insert into TAPS (B_busID, C_cardNum, time_stamp) values (13458, 616849471, '2020-01-25 22:56:36');
insert into TAPS (B_busID, C_cardNum, time_stamp) values (41086, 918170278, '2020-02-19 09:36:14');
insert into TAPS (B_busID, C_cardNum, time_stamp) values (90635, 314800356, '2019-09-03 08:06:45');
insert into TAPS (B_busID, C_cardNum, time_stamp) values (85690, 927174334, '2020-02-09 22:48:32');
insert into TAPS (B_busID, C_cardNum, time_stamp) values (97845, 797669883, '2019-04-21 13:20:41');
insert into TAPS (B_busID, C_cardNum, time_stamp) values (72750, 227768101, '2019-10-12 07:06:30');
insert into TAPS (B_busID, C_cardNum, time_stamp) values (49069, 651800103, '2019-04-29 13:55:09');
insert into TAPS (B_busID, C_cardNum, time_stamp) values (57153, 799833830, '2019-03-15 17:51:55');
insert into TAPS (B_busID, C_cardNum, time_stamp) values (54469, 838321983, '2019-08-01 15:20:24');
insert into TAPS (B_busID, C_cardNum, time_stamp) values (51250, 555960652, '2019-05-05 02:32:24');
insert into TAPS (B_busID, C_cardNum, time_stamp) values (68684, 953233949, '2019-05-01 08:46:51');
insert into TAPS (B_busID, C_cardNum, time_stamp) values (69637, 168767792, '2020-02-02 00:43:20');
insert into TAPS (B_busID, C_cardNum, time_stamp) values (21273, 401263057, '2019-03-17 17:25:51');
insert into TAPS (B_busID, C_cardNum, time_stamp) values (94831, 735627672, '2019-05-12 12:24:30');
insert into TAPS (B_busID, C_cardNum, time_stamp) values (42652, 799833830, '2019-10-13 20:34:08');
insert into TAPS (B_busID, C_cardNum, time_stamp) values (73363, 793926114, '2019-12-29 05:04:13');
insert into TAPS (B_busID, C_cardNum, time_stamp) values (86616, 608812621, '2020-02-05 06:03:44');
insert into TAPS (B_busID, C_cardNum, time_stamp) values (49650, 480317069, '2020-02-04 01:00:17');
insert into TAPS (B_busID, C_cardNum, time_stamp) values (67829, 634752350, '2019-05-08 22:19:23');
insert into TAPS (B_busID, C_cardNum, time_stamp) values (98009, 458478924, '2019-12-24 08:55:43');
insert into TAPS (B_busID, C_cardNum, time_stamp) values (60721, 740410500, '2019-12-19 08:54:35');
insert into TAPS (B_busID, C_cardNum, time_stamp) values (33824, 277179674, '2020-01-18 17:51:40');
insert into TAPS (B_busID, C_cardNum, time_stamp) values (24517, 953233949, '2019-04-19 18:43:55');
insert into TAPS (B_busID, C_cardNum, time_stamp) values (45891, 477806269, '2019-10-03 21:08:04');
insert into TAPS (B_busID, C_cardNum, time_stamp) values (27401, 898869323, '2019-04-15 03:55:25');
insert into TAPS (B_busID, C_cardNum, time_stamp) values (55593, 401263057, '2019-10-31 16:24:33');
insert into TAPS (B_busID, C_cardNum, time_stamp) values (53506, 747781384, '2019-05-26 15:18:19');
insert into TAPS (B_busID, C_cardNum, time_stamp) values (29447, 648450285, '2019-08-08 23:15:35');
insert into TAPS (B_busID, C_cardNum, time_stamp) values (77162, 571977984, '2019-09-22 05:51:34');
insert into TAPS (B_busID, C_cardNum, time_stamp) values (19658, 918170278, '2019-04-02 07:07:18');
insert into TAPS (B_busID, C_cardNum, time_stamp) values (31133, 882639184, '2019-08-29 16:28:58');
insert into TAPS (B_busID, C_cardNum, time_stamp) values (29447, 478147117, '2020-02-23 01:51:00');
insert into TAPS (B_busID, C_cardNum, time_stamp) values (78851, 175981532, '2019-12-23 00:31:11');
insert into TAPS (B_busID, C_cardNum, time_stamp) values (65433, 463676807, '2019-05-21 13:29:58');
insert into TAPS (B_busID, C_cardNum, time_stamp) values (99822, 762727534, '2019-04-01 23:29:17');
insert into TAPS (B_busID, C_cardNum, time_stamp) values (73462, 839013323, '2019-08-29 06:35:58');
insert into TAPS (B_busID, C_cardNum, time_stamp) values (68226, 990770754, '2019-05-24 04:56:41');
insert into TAPS (B_busID, C_cardNum, time_stamp) values (92170, 686836164, '2019-10-20 19:37:01');
insert into TAPS (B_busID, C_cardNum, time_stamp) values (64178, 278283034, '2019-12-23 14:35:46');
insert into TAPS (B_busID, C_cardNum, time_stamp) values (68761, 316727218, '2019-10-27 14:48:34');
insert into TAPS (B_busID, C_cardNum, time_stamp) values (64501, 353073363, '2020-03-06 22:45:50');
insert into TAPS (B_busID, C_cardNum, time_stamp) values (68226, 832371969, '2019-03-17 05:54:55');
insert into TAPS (B_busID, C_cardNum, time_stamp) values (30588, 845754820, '2019-11-14 23:20:52');
insert into TAPS (B_busID, C_cardNum, time_stamp) values (82062, 839013323, '2019-11-30 13:48:59');
insert into TAPS (B_busID, C_cardNum, time_stamp) values (30588, 777019300, '2019-07-20 06:34:33');
insert into TAPS (B_busID, C_cardNum, time_stamp) values (60576, 708441895, '2019-04-05 16:06:26');
insert into TAPS (B_busID, C_cardNum, time_stamp) values (46123, 284704144, '2019-11-13 13:50:09');
insert into TAPS (B_busID, C_cardNum, time_stamp) values (78696, 684683534, '2019-10-15 12:30:49');
insert into TAPS (B_busID, C_cardNum, time_stamp) values (39836, 629128759, '2019-12-22 02:41:45');
insert into TAPS (B_busID, C_cardNum, time_stamp) values (43206, 284704144, '2019-05-21 21:08:06');
insert into TAPS (B_busID, C_cardNum, time_stamp) values (68684, 555960652, '2019-04-27 15:44:12');
insert into TAPS (B_busID, C_cardNum, time_stamp) values (30588, 545881764, '2019-08-25 22:57:14');
insert into TAPS (B_busID, C_cardNum, time_stamp) values (74372, 205943632, '2019-03-20 08:23:14');
insert into TAPS (B_busID, C_cardNum, time_stamp) values (68226, 541502730, '2019-10-24 01:34:21');
insert into TAPS (B_busID, C_cardNum, time_stamp) values (98608, 823629994, '2020-01-21 18:10:44');
insert into TAPS (B_busID, C_cardNum, time_stamp) values (14327, 449675579, '2019-08-26 10:27:53');
insert into TAPS (B_busID, C_cardNum, time_stamp) values (97141, 658862099, '2019-04-19 12:32:58');
insert into TAPS (B_busID, C_cardNum, time_stamp) values (57153, 224619265, '2019-08-23 23:04:46');
insert into TAPS (B_busID, C_cardNum, time_stamp) values (55287, 797669883, '2019-08-26 14:07:09');
insert into TAPS (B_busID, C_cardNum, time_stamp) values (98009, 278283034, '2019-10-20 16:36:59');
insert into TAPS (B_busID, C_cardNum, time_stamp) values (85843, 316376656, '2019-12-01 22:14:33');
insert into TAPS (B_busID, C_cardNum, time_stamp) values (92141, 949739328, '2019-12-07 11:06:30');
insert into TAPS (B_busID, C_cardNum, time_stamp) values (45891, 117277413, '2020-02-08 11:32:12');
insert into TAPS (B_busID, C_cardNum, time_stamp) values (68226, 258766531, '2019-06-20 08:01:51');
insert into TAPS (B_busID, C_cardNum, time_stamp) values (86505, 857516284, '2019-11-27 06:38:35');
insert into TAPS (B_busID, C_cardNum, time_stamp) values (74215, 205943632, '2019-12-17 14:51:25');
insert into TAPS (B_busID, C_cardNum, time_stamp) values (12128, 478147117, '2020-02-22 03:23:45');
insert into TAPS (B_busID, C_cardNum, time_stamp) values (78851, 506507623, '2020-01-20 09:04:02');
insert into TAPS (B_busID, C_cardNum, time_stamp) values (44679, 321654987, '2019-12-20 03:42:05');
insert into TAPS (B_busID, C_cardNum, time_stamp) values (29961, 117277413, '2019-04-10 09:44:28');
insert into TAPS (B_busID, C_cardNum, time_stamp) values (73363, 805257764, '2019-10-05 08:35:12');
insert into TAPS (B_busID, C_cardNum, time_stamp) values (42536, 205943632, '2019-05-06 02:51:13');
insert into TAPS (B_busID, C_cardNum, time_stamp) values (96806, 809253636, '2019-09-23 04:46:28');
insert into TAPS (B_busID, C_cardNum, time_stamp) values (30588, 224619265, '2019-03-24 17:16:46');
insert into TAPS (B_busID, C_cardNum, time_stamp) values (65433, 382699397, '2019-11-18 05:27:24');
insert into TAPS (B_busID, C_cardNum, time_stamp) values (74215, 452835040, '2019-11-28 13:38:25');
insert into TAPS (B_busID, C_cardNum, time_stamp) values (14327, 382699397, '2019-10-17 15:36:16');
insert into TAPS (B_busID, C_cardNum, time_stamp) values (62553, 258766531, '2020-03-03 19:59:50');
insert into TAPS (B_busID, C_cardNum, time_stamp) values (60057, 512829932, '2019-05-30 21:23:41');
insert into TAPS (B_busID, C_cardNum, time_stamp) values (53108, 805257764, '2020-01-19 08:40:34');
insert into TAPS (B_busID, C_cardNum, time_stamp) values (43799, 227073064, '2019-07-13 02:19:18');
insert into TAPS (B_busID, C_cardNum, time_stamp) values (24819, 401469561, '2019-03-20 18:26:39');
insert into TAPS (B_busID, C_cardNum, time_stamp) values (20868, 608812621, '2019-04-25 11:17:37');
insert into TAPS (B_busID, C_cardNum, time_stamp) values (98009, 946405947, '2019-06-15 19:38:34');
insert into TAPS (B_busID, C_cardNum, time_stamp) values (66829, 786064696, '2019-11-01 00:09:20');
insert into TAPS (B_busID, C_cardNum, time_stamp) values (64508, 401469561, '2019-12-31 02:55:15');
insert into TAPS (B_busID, C_cardNum, time_stamp) values (72341, 755069157, '2019-08-25 20:33:19');
insert into TAPS (B_busID, C_cardNum, time_stamp) values (66829, 478147117, '2020-02-13 15:42:58');
insert into TAPS (B_busID, C_cardNum, time_stamp) values (84953, 608812621, '2020-01-19 16:56:19');
insert into TAPS (B_busID, C_cardNum, time_stamp) values (58681, 762727534, '2019-04-25 07:03:28');
insert into TAPS (B_busID, C_cardNum, time_stamp) values (67829, 123230074, '2020-01-14 15:26:17');
insert into TAPS (B_busID, C_cardNum, time_stamp) values (38302, 629903277, '2020-01-23 23:09:09');
insert into TAPS (B_busID, C_cardNum, time_stamp) values (78474, 452835040, '2020-02-18 06:25:51');
insert into TAPS (B_busID, C_cardNum, time_stamp) values (12835, 277179674, '2019-04-28 18:16:45');
insert into TAPS (B_busID, C_cardNum, time_stamp) values (41086, 258766531, '2019-04-29 07:48:15');
insert into TAPS (B_busID, C_cardNum, time_stamp) values (68226, 168767792, '2019-08-22 09:56:10');
insert into TAPS (B_busID, C_cardNum, time_stamp) values (96806, 579325934, '2019-06-18 07:21:04');
insert into TAPS (B_busID, C_cardNum, time_stamp) values (25466, 629128759, '2019-04-10 20:50:41');
insert into TAPS (B_busID, C_cardNum, time_stamp) values (24819, 953233949, '2020-03-12 03:33:59');
insert into TAPS (B_busID, C_cardNum, time_stamp) values (55593, 227073064, '2019-07-18 07:09:58');
insert into TAPS (B_busID, C_cardNum, time_stamp) values (26937, 839013323, '2019-05-01 14:32:37');
insert into TAPS (B_busID, C_cardNum, time_stamp) values (26840, 467469460, '2020-03-06 08:48:11');
insert into TAPS (B_busID, C_cardNum, time_stamp) values (43799, 543129932, '2019-11-03 20:28:51');
insert into TAPS (B_busID, C_cardNum, time_stamp) values (65453, 651800103, '2020-01-02 20:24:11');
insert into TAPS (B_busID, C_cardNum, time_stamp) values (98678, 762727534, '2019-04-16 13:07:10');
insert into TAPS (B_busID, C_cardNum, time_stamp) values (49650, 171605014, '2019-06-13 21:39:59');
insert into TAPS (B_busID, C_cardNum, time_stamp) values (53108, 788935121, '2019-09-25 08:59:22');
insert into TAPS (B_busID, C_cardNum, time_stamp) values (24517, 832371969, '2019-09-03 07:59:40');
insert into TAPS (B_busID, C_cardNum, time_stamp) values (23943, 799833830, '2019-11-10 02:28:38');
insert into TAPS (B_busID, C_cardNum, time_stamp) values (79508, 708441895, '2019-11-25 02:18:35');
insert into TAPS (B_busID, C_cardNum, time_stamp) values (65433, 323304186, '2019-06-13 23:21:17');
insert into TAPS (B_busID, C_cardNum, time_stamp) values (68684, 990770754, '2019-07-29 07:17:56');
insert into TAPS (B_busID, C_cardNum, time_stamp) values (30588, 670354832, '2020-02-03 06:54:45');
insert into TAPS (B_busID, C_cardNum, time_stamp) values (67901, 809253636, '2020-02-11 17:40:36');
insert into TAPS (B_busID, C_cardNum, time_stamp) values (30588, 903727402, '2019-03-22 08:02:47');
insert into TAPS (B_busID, C_cardNum, time_stamp) values (13458, 724407336, '2019-10-15 14:32:24');
insert into TAPS (B_busID, C_cardNum, time_stamp) values (60576, 298254566, '2019-03-21 06:55:00');
insert into TAPS (B_busID, C_cardNum, time_stamp) values (14130, 478147117, '2019-09-29 11:07:11');
insert into TAPS (B_busID, C_cardNum, time_stamp) values (45891, 615962208, '2019-09-21 07:54:16');
insert into TAPS (B_busID, C_cardNum, time_stamp) values (67901, 960926163, '2019-07-06 10:45:23');
insert into TAPS (B_busID, C_cardNum, time_stamp) values (78696, 658862099, '2019-05-10 03:46:41');
insert into TAPS (B_busID, C_cardNum, time_stamp) values (66829, 456789123, '2019-11-05 03:19:40');
insert into TAPS (B_busID, C_cardNum, time_stamp) values (15399, 799888871, '2019-05-25 18:29:15');
insert into TAPS (B_busID, C_cardNum, time_stamp) values (17682, 785686628, '2019-03-31 01:19:51');
insert into TAPS (B_busID, C_cardNum, time_stamp) values (78851, 927174334, '2019-09-24 05:45:31');
insert into TAPS (B_busID, C_cardNum, time_stamp) values (26937, 256655538, '2020-01-15 11:19:51');
insert into TAPS (B_busID, C_cardNum, time_stamp) values (61642, 502922776, '2019-06-23 23:38:26');
insert into TAPS (B_busID, C_cardNum, time_stamp) values (24159, 786064696, '2019-10-28 22:01:06');
insert into TAPS (B_busID, C_cardNum, time_stamp) values (11111, 633387861, '2019-12-09 06:14:44');
insert into TAPS (B_busID, C_cardNum, time_stamp) values (52028, 648450285, '2020-03-03 00:18:56');
insert into TAPS (B_busID, C_cardNum, time_stamp) values (54494, 321654987, '2020-01-01 20:33:50');
insert into TAPS (B_busID, C_cardNum, time_stamp) values (86505, 142115850, '2019-10-23 15:56:30');
insert into TAPS (B_busID, C_cardNum, time_stamp) values (71257, 314800356, '2019-12-11 06:58:05');
insert into TAPS (B_busID, C_cardNum, time_stamp) values (86505, 946405947, '2019-09-10 18:26:25');
insert into TAPS (B_busID, C_cardNum, time_stamp) values (45891, 950624965, '2019-11-19 01:30:58');
insert into TAPS (B_busID, C_cardNum, time_stamp) values (63145, 579325934, '2019-12-18 19:33:27');
insert into TAPS (B_busID, C_cardNum, time_stamp) values (86507, 280053071, '2020-01-31 10:18:21');
insert into TAPS (B_busID, C_cardNum, time_stamp) values (43799, 614747125, '2019-12-03 17:28:11');
insert into TAPS (B_busID, C_cardNum, time_stamp) values (72192, 314990251, '2019-12-22 01:13:57');
insert into TAPS (B_busID, C_cardNum, time_stamp) values (98608, 175075340, '2019-07-14 21:28:56');
insert into TAPS (B_busID, C_cardNum, time_stamp) values (42536, 506507623, '2019-04-28 08:41:33');
insert into TAPS (B_busID, C_cardNum, time_stamp) values (68761, 832371969, '2019-04-04 00:10:44');
insert into TAPS (B_busID, C_cardNum, time_stamp) values (24517, 838321983, '2019-08-02 12:56:56');
insert into TAPS (B_busID, C_cardNum, time_stamp) values (45891, 123230074, '2019-08-16 17:44:38');
insert into TAPS (B_busID, C_cardNum, time_stamp) values (24517, 175981532, '2019-12-02 21:37:37');
insert into TAPS (B_busID, C_cardNum, time_stamp) values (86131, 882639184, '2019-05-26 03:39:41');
insert into TAPS (B_busID, C_cardNum, time_stamp) values (21808, 658862099, '2019-05-17 23:24:43');
insert into TAPS (B_busID, C_cardNum, time_stamp) values (30588, 810491809, '2019-04-19 21:08:28');
insert into TAPS (B_busID, C_cardNum, time_stamp) values (64183, 616849471, '2020-02-03 03:32:06');
insert into TAPS (B_busID, C_cardNum, time_stamp) values (80205, 215129056, '2020-01-27 02:47:58');
insert into TAPS (B_busID, C_cardNum, time_stamp) values (81789, 579325934, '2019-10-20 07:25:49');
insert into TAPS (B_busID, C_cardNum, time_stamp) values (55287, 308382923, '2019-11-09 07:57:01');
insert into TAPS (B_busID, C_cardNum, time_stamp) values (59881, 911587714, '2020-02-12 20:36:58');
insert into TAPS (B_busID, C_cardNum, time_stamp) values (98414, 788935121, '2019-09-02 23:58:18');
insert into TAPS (B_busID, C_cardNum, time_stamp) values (55287, 797669883, '2019-07-03 09:51:07');
insert into TAPS (B_busID, C_cardNum, time_stamp) values (54494, 735627672, '2019-08-24 06:31:54');
insert into TAPS (B_busID, C_cardNum, time_stamp) values (53108, 279557875, '2020-02-07 22:59:14');
insert into TAPS (B_busID, C_cardNum, time_stamp) values (67901, 690207397, '2019-10-06 11:42:12');
insert into TAPS (B_busID, C_cardNum, time_stamp) values (47859, 175981532, '2019-05-02 01:20:19');
insert into TAPS (B_busID, C_cardNum, time_stamp) values (69637, 545881764, '2019-11-05 21:55:04');
insert into TAPS (B_busID, C_cardNum, time_stamp) values (54494, 512829932, '2019-07-22 10:24:41');
insert into TAPS (B_busID, C_cardNum, time_stamp) values (88790, 224619265, '2019-05-14 01:15:14');
insert into TAPS (B_busID, C_cardNum, time_stamp) values (86505, 634752350, '2019-10-26 11:13:51');
insert into TAPS (B_busID, C_cardNum, time_stamp) values (42536, 796009153, '2020-02-15 13:02:33');
insert into TAPS (B_busID, C_cardNum, time_stamp) values (63145, 928514310, '2019-11-03 07:49:52');
insert into TAPS (B_busID, C_cardNum, time_stamp) values (82911, 215129056, '2019-03-17 01:44:33');
insert into TAPS (B_busID, C_cardNum, time_stamp) values (26840, 676149218, '2019-04-23 11:46:48');
insert into TAPS (B_busID, C_cardNum, time_stamp) values (75277, 918170278, '2019-05-06 14:46:15');
insert into TAPS (B_busID, C_cardNum, time_stamp) values (81789, 487712837, '2020-01-20 12:27:35');
insert into TAPS (B_busID, C_cardNum, time_stamp) values (68761, 927174334, '2019-09-24 16:34:36');
insert into TAPS (B_busID, C_cardNum, time_stamp) values (73518, 736868115, '2019-11-23 22:09:54');
insert into TAPS (B_busID, C_cardNum, time_stamp) values (73363, 205943632, '2020-03-11 07:09:16');
insert into TAPS (B_busID, C_cardNum, time_stamp) values (50521, 280053071, '2019-07-08 16:57:02');
insert into TAPS (B_busID, C_cardNum, time_stamp) values (28529, 583889231, '2019-08-23 02:38:19');
insert into TAPS (B_busID, C_cardNum, time_stamp) values (86505, 753669466, '2019-08-15 09:18:06');
insert into TAPS (B_busID, C_cardNum, time_stamp) values (71257, 608812621, '2019-03-18 10:37:12');
insert into TAPS (B_busID, C_cardNum, time_stamp) values (78851, 676149218, '2019-08-14 13:35:47');
insert into TAPS (B_busID, C_cardNum, time_stamp) values (78474, 838321983, '2020-02-08 12:05:08');
insert into TAPS (B_busID, C_cardNum, time_stamp) values (94831, 369233330, '2019-11-06 01:01:57');
insert into TAPS (B_busID, C_cardNum, time_stamp) values (86616, 502922776, '2019-05-10 22:37:22');
insert into TAPS (B_busID, C_cardNum, time_stamp) values (86507, 280053071, '2020-01-09 16:43:59');
insert into TAPS (B_busID, C_cardNum, time_stamp) values (45891, 797669883, '2019-09-24 02:21:25');
insert into TAPS (B_busID, C_cardNum, time_stamp) values (13458, 979186087, '2019-11-28 01:13:18');
insert into TAPS (B_busID, C_cardNum, time_stamp) values (52838, 615962208, '2019-06-21 02:06:06');
insert into TAPS (B_busID, C_cardNum, time_stamp) values (72329, 334006334, '2020-01-06 22:31:59');
insert into TAPS (B_busID, C_cardNum, time_stamp) values (78696, 958983637, '2019-06-17 15:53:32');
insert into TAPS (B_busID, C_cardNum, time_stamp) values (77162, 776298740, '2020-02-03 21:09:16');
insert into TAPS (B_busID, C_cardNum, time_stamp) values (75277, 747781384, '2020-02-08 02:05:16');
insert into TAPS (B_busID, C_cardNum, time_stamp) values (29961, 634752350, '2019-04-13 15:43:12');
insert into TAPS (B_busID, C_cardNum, time_stamp) values (49069, 545881764, '2019-07-31 01:41:06');
insert into TAPS (B_busID, C_cardNum, time_stamp) values (97845, 949739328, '2019-04-29 17:10:35');
insert into TAPS (B_busID, C_cardNum, time_stamp) values (72329, 224619265, '2020-01-05 22:43:53');
insert into TAPS (B_busID, C_cardNum, time_stamp) values (25466, 385873100, '2019-05-22 18:57:05');
insert into TAPS (B_busID, C_cardNum, time_stamp) values (24819, 579325934, '2020-02-23 11:20:40');
insert into TAPS (B_busID, C_cardNum, time_stamp) values (50521, 928514310, '2020-03-09 16:27:37');
insert into TAPS (B_busID, C_cardNum, time_stamp) values (17217, 258766531, '2019-06-14 23:48:59');
insert into TAPS (B_busID, C_cardNum, time_stamp) values (18912, 449675579, '2019-04-07 12:22:40');
insert into TAPS (B_busID, C_cardNum, time_stamp) values (53506, 280053071, '2019-04-02 17:31:03');
insert into TAPS (B_busID, C_cardNum, time_stamp) values (32410, 571977984, '2020-02-01 02:39:51');
insert into TAPS (B_busID, C_cardNum, time_stamp) values (46123, 911587714, '2019-09-24 09:59:52');
insert into TAPS (B_busID, C_cardNum, time_stamp) values (86616, 740410500, '2020-01-27 04:06:42');
insert into TAPS (B_busID, C_cardNum, time_stamp) values (73671, 805257764, '2020-02-24 20:47:52');
insert into TAPS (B_busID, C_cardNum, time_stamp) values (22555, 502922776, '2019-12-22 01:19:55');
insert into TAPS (B_busID, C_cardNum, time_stamp) values (64501, 175075340, '2019-12-06 10:01:53');
insert into TAPS (B_busID, C_cardNum, time_stamp) values (44679, 897079258, '2019-07-31 04:31:38');
insert into TAPS (B_busID, C_cardNum, time_stamp) values (29961, 839013323, '2019-06-12 01:48:03');
insert into TAPS (B_busID, C_cardNum, time_stamp) values (46123, 401263057, '2019-09-16 06:08:37');
insert into TAPS (B_busID, C_cardNum, time_stamp) values (78474, 799888871, '2019-09-24 14:49:43');
insert into TAPS (B_busID, C_cardNum, time_stamp) values (81789, 451270198, '2019-09-30 02:19:53');
insert into TAPS (B_busID, C_cardNum, time_stamp) values (69637, 279557875, '2019-06-29 03:45:58');
insert into TAPS (B_busID, C_cardNum, time_stamp) values (98678, 314990251, '2019-06-08 07:26:29');
insert into TAPS (B_busID, C_cardNum, time_stamp) values (86131, 256655538, '2019-08-03 13:43:44');
insert into TAPS (B_busID, C_cardNum, time_stamp) values (29568, 161928971, '2019-06-30 18:42:30');
insert into TAPS (B_busID, C_cardNum, time_stamp) values (69637, 449675579, '2019-06-29 07:40:36');
insert into TAPS (B_busID, C_cardNum, time_stamp) values (49650, 684683534, '2019-03-23 11:38:49');
insert into TAPS (B_busID, C_cardNum, time_stamp) values (22555, 463676807, '2019-12-06 11:14:34');
insert into TAPS (B_busID, C_cardNum, time_stamp) values (22167, 912399721, '2019-06-05 03:05:31');
insert into TAPS (B_busID, C_cardNum, time_stamp) values (98608, 648450285, '2020-02-21 12:23:35');
insert into TAPS (B_busID, C_cardNum, time_stamp) values (52838, 514289226, '2019-12-29 02:56:07');
insert into TAPS (B_busID, C_cardNum, time_stamp) values (72192, 734657465, '2020-01-20 18:16:04');
insert into TAPS (B_busID, C_cardNum, time_stamp) values (96929, 654519039, '2019-06-18 21:41:02');
insert into TAPS (B_busID, C_cardNum, time_stamp) values (39836, 308382923, '2019-12-30 09:12:49');
insert into TAPS (B_busID, C_cardNum, time_stamp) values (14130, 123230074, '2019-06-20 11:20:33');
insert into TAPS (B_busID, C_cardNum, time_stamp) values (29447, 647976671, '2020-02-14 13:22:58');
insert into TAPS (B_busID, C_cardNum, time_stamp) values (74917, 629128759, '2020-03-12 21:57:06');
insert into TAPS (B_busID, C_cardNum, time_stamp) values (58681, 168767792, '2020-02-18 02:38:45');
insert into TAPS (B_busID, C_cardNum, time_stamp) values (74215, 453450527, '2020-01-27 23:35:30');
insert into TAPS (B_busID, C_cardNum, time_stamp) values (98678, 543129932, '2019-05-15 23:02:03');
insert into TAPS (B_busID, C_cardNum, time_stamp) values (98678, 369233330, '2019-11-10 22:16:20');
insert into TAPS (B_busID, C_cardNum, time_stamp) values (44679, 278283034, '2019-07-06 22:17:10');
insert into TAPS (B_busID, C_cardNum, time_stamp) values (75277, 168767792, '2019-08-04 07:01:10');
insert into TAPS (B_busID, C_cardNum, time_stamp) values (33824, 684683534, '2019-08-18 08:58:40');
insert into TAPS (B_busID, C_cardNum, time_stamp) values (79508, 308382923, '2019-06-13 21:42:56');
insert into TAPS (B_busID, C_cardNum, time_stamp) values (65453, 845754820, '2019-09-19 11:34:12');
insert into TAPS (B_busID, C_cardNum, time_stamp) values (23511, 927174334, '2019-06-26 18:48:30');
insert into TAPS (B_busID, C_cardNum, time_stamp) values (15399, 369233330, '2020-02-22 01:31:35');
insert into TAPS (B_busID, C_cardNum, time_stamp) values (12128, 658862099, '2019-05-15 16:02:07');
insert into TAPS (B_busID, C_cardNum, time_stamp) values (80205, 709713055, '2020-01-24 05:17:44');
insert into TAPS (B_busID, C_cardNum, time_stamp) values (25466, 334006334, '2019-10-22 12:16:03');
insert into TAPS (B_busID, C_cardNum, time_stamp) values (17994, 512829932, '2019-12-14 07:25:35');
insert into TAPS (B_busID, C_cardNum, time_stamp) values (35197, 316376656, '2019-11-26 02:36:02');
insert into TAPS (B_busID, C_cardNum, time_stamp) values (60721, 385873100, '2019-08-09 23:34:40');
insert into TAPS (B_busID, C_cardNum, time_stamp) values (66829, 316376656, '2020-02-02 07:04:36');
insert into TAPS (B_busID, C_cardNum, time_stamp) values (68684, 633387861, '2019-08-30 01:07:13');
insert into TAPS (B_busID, C_cardNum, time_stamp) values (28529, 708441895, '2019-05-08 04:43:50');
insert into TAPS (B_busID, C_cardNum, time_stamp) values (60057, 458478924, '2019-06-02 13:42:08');
insert into TAPS (B_busID, C_cardNum, time_stamp) values (76647, 564445861, '2019-09-02 12:04:08');
insert into TAPS (B_busID, C_cardNum, time_stamp) values (26937, 799833830, '2019-04-08 04:43:58');
insert into TAPS (B_busID, C_cardNum, time_stamp) values (51660, 776298740, '2019-10-24 18:28:59');
insert into TAPS (B_busID, C_cardNum, time_stamp) values (54494, 334006334, '2019-05-16 18:02:45');
insert into TAPS (B_busID, C_cardNum, time_stamp) values (41086, 740410500, '2020-03-01 01:19:07');
insert into TAPS (B_busID, C_cardNum, time_stamp) values (72329, 353073363, '2020-01-30 00:56:55');
insert into TAPS (B_busID, C_cardNum, time_stamp) values (73518, 736868115, '2019-07-08 12:58:05');
insert into TAPS (B_busID, C_cardNum, time_stamp) values (73671, 882639184, '2020-03-07 20:09:35');
insert into TAPS (B_busID, C_cardNum, time_stamp) values (24819, 634752350, '2020-01-29 22:52:28');
insert into TAPS (B_busID, C_cardNum, time_stamp) values (99713, 809253636, '2019-06-10 09:20:50');
insert into TAPS (B_busID, C_cardNum, time_stamp) values (99822, 477806269, '2020-01-29 23:46:11');
insert into TAPS (B_busID, C_cardNum, time_stamp) values (20868, 614747125, '2019-10-29 06:05:51');
insert into TAPS (B_busID, C_cardNum, time_stamp) values (74917, 614747125, '2019-05-27 07:07:34');
insert into TAPS (B_busID, C_cardNum, time_stamp) values (78696, 903727402, '2019-12-25 09:23:54');
insert into TAPS (B_busID, C_cardNum, time_stamp) values (22167, 370325784, '2019-12-03 06:22:50');
insert into TAPS (B_busID, C_cardNum, time_stamp) values (52028, 698588230, '2019-09-29 06:27:08');
insert into TAPS (B_busID, C_cardNum, time_stamp) values (14327, 227073064, '2020-02-14 03:12:38');
insert into TAPS (B_busID, C_cardNum, time_stamp) values (52838, 648450285, '2019-04-28 09:50:22');
insert into TAPS (B_busID, C_cardNum, time_stamp) values (27401, 946405947, '2019-05-13 05:05:19');
insert into TAPS (B_busID, C_cardNum, time_stamp) values (66514, 401469561, '2019-04-23 02:35:31');
insert into TAPS (B_busID, C_cardNum, time_stamp) values (26937, 321654987, '2019-11-24 15:19:15');
insert into TAPS (B_busID, C_cardNum, time_stamp) values (85843, 651800103, '2019-04-16 05:32:31');
insert into TAPS (B_busID, C_cardNum, time_stamp) values (35197, 877440937, '2019-07-14 08:05:04');
insert into TAPS (B_busID, C_cardNum, time_stamp) values (44679, 459223251, '2019-03-15 05:56:21');
insert into TAPS (B_busID, C_cardNum, time_stamp) values (17217, 382699397, '2020-01-08 00:11:19');
insert into TAPS (B_busID, C_cardNum, time_stamp) values (11111, 785686628, '2019-11-21 03:34:48');
insert into TAPS (B_busID, C_cardNum, time_stamp) values (49069, 459223251, '2019-06-07 21:32:49');
insert into TAPS (B_busID, C_cardNum, time_stamp) values (43799, 583889231, '2019-06-26 04:23:10');
insert into TAPS (B_busID, C_cardNum, time_stamp) values (33824, 799833830, '2019-10-24 09:47:03');
insert into TAPS (B_busID, C_cardNum, time_stamp) values (86505, 280887475, '2020-03-13 13:15:45');
insert into TAPS (B_busID, C_cardNum, time_stamp) values (22222, 755069157, '2019-10-07 13:10:43');
insert into TAPS (B_busID, C_cardNum, time_stamp) values (68684, 280887475, '2019-03-31 02:56:57');
insert into TAPS (B_busID, C_cardNum, time_stamp) values (37772, 487712837, '2019-12-05 16:43:02');
insert into TAPS (B_busID, C_cardNum, time_stamp) values (33824, 378435468, '2020-03-04 03:45:30');
insert into TAPS (B_busID, C_cardNum, time_stamp) values (32410, 777019300, '2020-03-07 10:13:55');
insert into TAPS (B_busID, C_cardNum, time_stamp) values (42652, 634752350, '2019-12-10 19:26:20');
insert into TAPS (B_busID, C_cardNum, time_stamp) values (77162, 453450527, '2019-06-16 15:31:25');
insert into TAPS (B_busID, C_cardNum, time_stamp) values (12835, 826322218, '2019-09-12 16:34:58');
insert into TAPS (B_busID, C_cardNum, time_stamp) values (24517, 647976671, '2019-09-28 12:23:18');
insert into TAPS (B_busID, C_cardNum, time_stamp) values (98678, 740410500, '2019-05-07 12:17:08');
insert into TAPS (B_busID, C_cardNum, time_stamp) values (49650, 724407336, '2019-06-02 07:44:44');
insert into TAPS (B_busID, C_cardNum, time_stamp) values (51660, 382699397, '2019-04-10 03:50:00');
insert into TAPS (B_busID, C_cardNum, time_stamp) values (17208, 401469561, '2019-09-10 00:09:48');
insert into TAPS (B_busID, C_cardNum, time_stamp) values (19658, 793926114, '2019-04-29 00:02:16');
insert into TAPS (B_busID, C_cardNum, time_stamp) values (18206, 314800356, '2020-01-06 13:03:13');
insert into TAPS (B_busID, C_cardNum, time_stamp) values (73518, 279557875, '2019-06-21 02:27:39');
insert into TAPS (B_busID, C_cardNum, time_stamp) values (74372, 647976671, '2019-10-06 04:24:13');
insert into TAPS (B_busID, C_cardNum, time_stamp) values (81789, 487712837, '2020-01-02 13:59:03');
insert into TAPS (B_busID, C_cardNum, time_stamp) values (72750, 280887475, '2019-03-15 02:47:49');
insert into TAPS (B_busID, C_cardNum, time_stamp) values (17682, 946405947, '2019-07-03 01:31:42');
insert into TAPS (B_busID, C_cardNum, time_stamp) values (99822, 464798726, '2019-08-29 10:36:53');
insert into TAPS (B_busID, C_cardNum, time_stamp) values (98608, 308382923, '2019-06-14 08:37:40');
insert into TAPS (B_busID, C_cardNum, time_stamp) values (25350, 805257764, '2019-12-27 01:13:59');
insert into TAPS (B_busID, C_cardNum, time_stamp) values (47859, 543129932, '2020-02-19 09:01:47');
insert into TAPS (B_busID, C_cardNum, time_stamp) values (58681, 634752350, '2019-06-01 07:22:47');
insert into TAPS (B_busID, C_cardNum, time_stamp) values (35197, 123230074, '2020-02-13 15:17:08');
insert into TAPS (B_busID, C_cardNum, time_stamp) values (76647, 482395604, '2019-11-12 22:47:37');
insert into TAPS (B_busID, C_cardNum, time_stamp) values (67901, 709713055, '2019-08-29 10:28:21');
insert into TAPS (B_busID, C_cardNum, time_stamp) values (18766, 629128759, '2019-11-18 20:13:13');
insert into TAPS (B_busID, C_cardNum, time_stamp) values (72329, 583889231, '2019-06-09 16:33:10');
insert into TAPS (B_busID, C_cardNum, time_stamp) values (37772, 740410500, '2019-08-10 15:14:54');
insert into TAPS (B_busID, C_cardNum, time_stamp) values (72341, 960926163, '2020-02-16 02:01:52');
insert into TAPS (B_busID, C_cardNum, time_stamp) values (14327, 946405947, '2019-05-21 08:32:09');
insert into TAPS (B_busID, C_cardNum, time_stamp) values (55593, 776298740, '2019-09-02 10:26:09');
insert into TAPS (B_busID, C_cardNum, time_stamp) values (78474, 227073064, '2019-05-22 10:26:54');
insert into TAPS (B_busID, C_cardNum, time_stamp) values (32594, 776298740, '2019-07-10 08:32:24');
insert into TAPS (B_busID, C_cardNum, time_stamp) values (73462, 615962208, '2019-09-01 12:12:12');
insert into TAPS (B_busID, C_cardNum, time_stamp) values (85690, 987654321, '2019-10-29 19:15:48');
insert into TAPS (B_busID, C_cardNum, time_stamp) values (18206, 514289226, '2019-07-30 07:31:02');
insert into TAPS (B_busID, C_cardNum, time_stamp) values (72341, 633387861, '2019-05-30 14:29:41');
insert into TAPS (B_busID, C_cardNum, time_stamp) values (14130, 467469460, '2019-11-19 06:10:59');
insert into TAPS (B_busID, C_cardNum, time_stamp) values (19658, 559257869, '2019-07-13 08:08:47');
insert into TAPS (B_busID, C_cardNum, time_stamp) values (25466, 478147117, '2019-08-12 09:34:48');
insert into TAPS (B_busID, C_cardNum, time_stamp) values (64183, 670354832, '2019-03-15 17:34:15');
insert into TAPS (B_busID, C_cardNum, time_stamp) values (79508, 670354832, '2019-06-25 12:17:24');
insert into TAPS (B_busID, C_cardNum, time_stamp) values (64508, 567629486, '2020-02-04 21:38:04');
insert into TAPS (B_busID, C_cardNum, time_stamp) values (99713, 453450527, '2019-03-15 02:41:20');
insert into TAPS (B_busID, C_cardNum, time_stamp) values (86616, 753669466, '2019-03-19 21:08:26');
insert into TAPS (B_busID, C_cardNum, time_stamp) values (60721, 453450527, '2020-02-02 16:05:36');
insert into TAPS (B_busID, C_cardNum, time_stamp) values (60576, 171605014, '2019-06-29 20:11:22');
insert into TAPS (B_busID, C_cardNum, time_stamp) values (23943, 650474357, '2019-10-11 02:05:01');
insert into TAPS (B_busID, C_cardNum, time_stamp) values (54730, 898869323, '2019-05-17 16:48:52');
insert into TAPS (B_busID, C_cardNum, time_stamp) values (11848, 314800356, '2020-01-04 05:32:37');
insert into TAPS (B_busID, C_cardNum, time_stamp) values (17217, 785686628, '2019-12-18 10:32:08');
insert into TAPS (B_busID, C_cardNum, time_stamp) values (17994, 832371969, '2019-06-15 01:36:01');
insert into TAPS (B_busID, C_cardNum, time_stamp) values (64178, 990770754, '2020-02-12 02:56:36');
insert into TAPS (B_busID, C_cardNum, time_stamp) values (19658, 142115850, '2020-01-14 23:33:15');
insert into TAPS (B_busID, C_cardNum, time_stamp) values (21273, 457044178, '2019-09-19 02:44:34');
insert into TAPS (B_busID, C_cardNum, time_stamp) values (22222, 224619265, '2020-02-06 03:02:07');
insert into TAPS (B_busID, C_cardNum, time_stamp) values (68226, 799833830, '2019-12-15 18:07:56');
insert into TAPS (B_busID, C_cardNum, time_stamp) values (57153, 777019300, '2019-07-01 04:26:11');
insert into TAPS (B_busID, C_cardNum, time_stamp) values (66444, 735627672, '2019-10-19 04:48:32');
insert into TAPS (B_busID, C_cardNum, time_stamp) values (24819, 382699397, '2019-10-21 20:11:42');
insert into TAPS (B_busID, C_cardNum, time_stamp) values (66514, 634752350, '2019-06-05 00:08:11');
insert into TAPS (B_busID, C_cardNum, time_stamp) values (41086, 797669883, '2019-12-26 18:23:59');
insert into TAPS (B_busID, C_cardNum, time_stamp) values (25466, 776298740, '2019-05-30 01:34:56');
insert into TAPS (B_busID, C_cardNum, time_stamp) values (66829, 171605014, '2020-03-06 15:26:47');
insert into TAPS (B_busID, C_cardNum, time_stamp) values (22167, 676149218, '2019-07-30 11:43:33');
insert into TAPS (B_busID, C_cardNum, time_stamp) values (69637, 307614068, '2019-10-23 21:54:34');
insert into TAPS (B_busID, C_cardNum, time_stamp) values (67829, 467469460, '2019-07-06 08:37:56');
insert into TAPS (B_busID, C_cardNum, time_stamp) values (86507, 928514310, '2020-01-16 03:17:52');
insert into TAPS (B_busID, C_cardNum, time_stamp) values (66514, 793926114, '2019-07-05 13:36:14');
insert into TAPS (B_busID, C_cardNum, time_stamp) values (29568, 987654321, '2019-03-16 01:13:10');
insert into TAPS (B_busID, C_cardNum, time_stamp) values (49069, 451270198, '2019-07-06 13:35:45');
insert into TAPS (B_busID, C_cardNum, time_stamp) values (54730, 777019300, '2020-02-10 17:13:57');
insert into TAPS (B_busID, C_cardNum, time_stamp) values (49069, 286228251, '2020-01-05 07:05:51');
insert into TAPS (B_busID, C_cardNum, time_stamp) values (54730, 316727218, '2019-07-30 11:04:09');
insert into TAPS (B_busID, C_cardNum, time_stamp) values (41086, 918170278, '2019-12-15 03:26:55');
insert into TAPS (B_busID, C_cardNum, time_stamp) values (90635, 334006334, '2019-04-21 14:52:32');
insert into TAPS (B_busID, C_cardNum, time_stamp) values (17208, 753669466, '2019-05-05 06:38:32');
insert into TAPS (B_busID, C_cardNum, time_stamp) values (80205, 227768101, '2019-09-21 03:01:35');
insert into TAPS (B_busID, C_cardNum, time_stamp) values (80205, 514289226, '2019-03-20 10:32:34');
insert into TAPS (B_busID, C_cardNum, time_stamp) values (58681, 805257764, '2019-06-16 15:05:52');
insert into TAPS (B_busID, C_cardNum, time_stamp) values (23257, 541502730, '2019-10-04 19:04:40');
insert into TAPS (B_busID, C_cardNum, time_stamp) values (22555, 168767792, '2019-07-12 13:18:25');
insert into TAPS (B_busID, C_cardNum, time_stamp) values (44679, 183263191, '2020-01-15 00:48:23');
insert into TAPS (B_busID, C_cardNum, time_stamp) values (44679, 648450285, '2019-07-21 08:33:07');
insert into TAPS (B_busID, C_cardNum, time_stamp) values (82062, 793926114, '2019-04-05 10:04:00');
insert into TAPS (B_busID, C_cardNum, time_stamp) values (29961, 786064696, '2020-01-28 21:58:23');
insert into TAPS (B_busID, C_cardNum, time_stamp) values (60576, 458478924, '2019-05-31 11:04:39');
insert into TAPS (B_busID, C_cardNum, time_stamp) values (77162, 227768101, '2019-07-19 14:36:53');
insert into TAPS (B_busID, C_cardNum, time_stamp) values (26937, 482395604, '2019-10-05 15:38:19');
insert into TAPS (B_busID, C_cardNum, time_stamp) values (12128, 898869323, '2019-06-20 03:48:18');
insert into TAPS (B_busID, C_cardNum, time_stamp) values (65433, 990770754, '2019-09-03 19:02:46');
insert into TAPS (B_busID, C_cardNum, time_stamp) values (23257, 736868115, '2020-01-04 15:18:55');
insert into TAPS (B_busID, C_cardNum, time_stamp) values (54730, 227768101, '2019-04-08 19:36:51');
insert into TAPS (B_busID, C_cardNum, time_stamp) values (63145, 629128759, '2020-02-11 21:29:46');
insert into TAPS (B_busID, C_cardNum, time_stamp) values (64183, 477806269, '2020-01-15 14:39:48');
insert into TAPS (B_busID, C_cardNum, time_stamp) values (30948, 480317069, '2019-04-15 05:03:14');
insert into TAPS (B_busID, C_cardNum, time_stamp) values (73363, 898869323, '2019-10-27 17:09:47');
insert into TAPS (B_busID, C_cardNum, time_stamp) values (68684, 284704144, '2019-09-13 00:22:59');
insert into TAPS (B_busID, C_cardNum, time_stamp) values (72750, 354303526, '2020-01-21 01:51:41');
insert into TAPS (B_busID, C_cardNum, time_stamp) values (68684, 478147117, '2019-10-18 00:48:03');
insert into TAPS (B_busID, C_cardNum, time_stamp) values (59881, 458478924, '2019-07-01 08:11:18');
insert into TAPS (B_busID, C_cardNum, time_stamp) values (33824, 215129056, '2019-04-21 11:14:08');
insert into TAPS (B_busID, C_cardNum, time_stamp) values (84953, 583889231, '2020-03-03 08:29:50');
insert into TAPS (B_busID, C_cardNum, time_stamp) values (68684, 456789123, '2019-04-04 12:13:22');
insert into TAPS (B_busID, C_cardNum, time_stamp) values (43799, 205943632, '2019-06-03 07:08:40');
insert into TAPS (B_busID, C_cardNum, time_stamp) values (64178, 799888871, '2019-03-30 11:55:02');
insert into TAPS (B_busID, C_cardNum, time_stamp) values (23257, 161928971, '2019-07-21 03:46:18');
insert into TAPS (B_busID, C_cardNum, time_stamp) values (92170, 651800103, '2019-12-12 02:36:47');
insert into TAPS (B_busID, C_cardNum, time_stamp) values (85843, 927174334, '2019-04-02 15:16:02');
insert into TAPS (B_busID, C_cardNum, time_stamp) values (45028, 385873100, '2019-06-10 19:12:35');
insert into TAPS (B_busID, C_cardNum, time_stamp) values (28529, 459223251, '2019-11-16 18:01:10');
insert into TAPS (B_busID, C_cardNum, time_stamp) values (24159, 658862099, '2019-12-03 12:59:54');
insert into TAPS (B_busID, C_cardNum, time_stamp) values (80205, 650474357, '2019-08-12 16:02:02');
insert into TAPS (B_busID, C_cardNum, time_stamp) values (10488, 629903277, '2019-11-22 19:26:25');
insert into TAPS (B_busID, C_cardNum, time_stamp) values (50521, 823629994, '2019-04-08 10:05:27');
insert into TAPS (B_busID, C_cardNum, time_stamp) values (98678, 882639184, '2019-11-13 04:26:29');
insert into TAPS (B_busID, C_cardNum, time_stamp) values (57153, 953233949, '2019-03-19 01:30:18');
insert into TAPS (B_busID, C_cardNum, time_stamp) values (54469, 382699397, '2020-03-07 17:17:35');
insert into TAPS (B_busID, C_cardNum, time_stamp) values (53506, 175075340, '2019-12-10 04:21:01');
insert into TAPS (B_busID, C_cardNum, time_stamp) values (80205, 215129056, '2019-10-11 01:05:04');
insert into TAPS (B_busID, C_cardNum, time_stamp) values (86616, 278283034, '2019-07-01 07:09:34');
insert into TAPS (B_busID, C_cardNum, time_stamp) values (98678, 579325934, '2019-06-25 00:52:28');
insert into TAPS (B_busID, C_cardNum, time_stamp) values (23943, 788935121, '2019-04-04 21:41:02');
insert into TAPS (B_busID, C_cardNum, time_stamp) values (12835, 709713055, '2019-09-16 08:16:35');
insert into TAPS (B_busID, C_cardNum, time_stamp) values (66829, 614747125, '2019-11-23 03:10:39');
insert into TAPS (B_busID, C_cardNum, time_stamp) values (42652, 927174334, '2020-02-14 13:20:24');
insert into TAPS (B_busID, C_cardNum, time_stamp) values (44679, 142115850, '2019-04-23 21:42:50');
insert into TAPS (B_busID, C_cardNum, time_stamp) values (72329, 347338292, '2019-06-22 08:41:37');
insert into TAPS (B_busID, C_cardNum, time_stamp) values (86131, 541502730, '2019-08-02 00:50:01');
insert into TAPS (B_busID, C_cardNum, time_stamp) values (11848, 464798726, '2020-02-23 21:53:00');
insert into TAPS (B_busID, C_cardNum, time_stamp) values (22555, 608812621, '2019-07-27 12:14:53');
insert into TAPS (B_busID, C_cardNum, time_stamp) values (74917, 545881764, '2019-03-30 00:19:56');
insert into TAPS (B_busID, C_cardNum, time_stamp) values (88790, 511622611, '2019-09-18 02:24:17');
insert into TAPS (B_busID, C_cardNum, time_stamp) values (25466, 449675579, '2020-02-17 06:34:31');
insert into TAPS (B_busID, C_cardNum, time_stamp) values (12128, 789456123, '2019-06-22 15:27:50');
insert into TAPS (B_busID, C_cardNum, time_stamp) values (18912, 686836164, '2019-12-18 16:42:49');
insert into TAPS (B_busID, C_cardNum, time_stamp) values (78851, 353073363, '2019-03-25 03:11:12');
insert into TAPS (B_busID, C_cardNum, time_stamp) values (73671, 514289226, '2019-07-28 01:44:18');
insert into TAPS (B_busID, C_cardNum, time_stamp) values (35197, 511622611, '2019-04-11 21:00:04');
insert into TAPS (B_busID, C_cardNum, time_stamp) values (68684, 753669466, '2019-10-10 09:42:34');
insert into TAPS (B_busID, C_cardNum, time_stamp) values (12128, 845754820, '2020-01-01 19:07:07');
insert into TAPS (B_busID, C_cardNum, time_stamp) values (61642, 555960652, '2019-12-18 19:18:01');
insert into TAPS (B_busID, C_cardNum, time_stamp) values (86616, 785686628, '2019-04-30 00:33:38');
insert into TAPS (B_busID, C_cardNum, time_stamp) values (69637, 457044178, '2019-05-19 11:33:08');
insert into TAPS (B_busID, C_cardNum, time_stamp) values (97141, 629903277, '2019-12-31 15:50:37');
insert into TAPS (B_busID, C_cardNum, time_stamp) values (59881, 567629486, '2019-09-29 05:11:36');
insert into TAPS (B_busID, C_cardNum, time_stamp) values (92170, 832371969, '2019-12-14 22:48:52');
insert into TAPS (B_busID, C_cardNum, time_stamp) values (49069, 567629486, '2020-02-26 15:07:41');
insert into TAPS (B_busID, C_cardNum, time_stamp) values (64183, 463676807, '2020-03-02 11:32:09');
insert into TAPS (B_busID, C_cardNum, time_stamp) values (43799, 323304186, '2019-04-16 13:02:18');
insert into TAPS (B_busID, C_cardNum, time_stamp) values (52028, 583889231, '2019-05-14 23:46:29');
insert into TAPS (B_busID, C_cardNum, time_stamp) values (12128, 298254566, '2019-07-12 06:28:43');
insert into TAPS (B_busID, C_cardNum, time_stamp) values (72329, 314990251, '2019-07-29 08:44:35');
insert into TAPS (B_busID, C_cardNum, time_stamp) values (85843, 278283034, '2019-12-04 14:21:04');
insert into TAPS (B_busID, C_cardNum, time_stamp) values (42536, 909255418, '2019-10-21 02:31:23');
insert into TAPS (B_busID, C_cardNum, time_stamp) values (41086, 776298740, '2019-03-21 21:21:42');
insert into TAPS (B_busID, C_cardNum, time_stamp) values (86131, 183263191, '2020-02-01 11:07:30');
insert into TAPS (B_busID, C_cardNum, time_stamp) values (20868, 960926163, '2020-02-22 06:33:53');
insert into TAPS (B_busID, C_cardNum, time_stamp) values (35197, 960926163, '2019-08-22 01:41:38');
insert into TAPS (B_busID, C_cardNum, time_stamp) values (61642, 401263057, '2020-02-10 19:41:09');
insert into TAPS (B_busID, C_cardNum, time_stamp) values (99713, 227073064, '2019-10-09 07:27:05');
insert into TAPS (B_busID, C_cardNum, time_stamp) values (38302, 482395604, '2019-11-10 04:52:57');
insert into TAPS (B_busID, C_cardNum, time_stamp) values (44679, 175981532, '2019-08-11 18:15:11');
insert into TAPS (B_busID, C_cardNum, time_stamp) values (66444, 511622611, '2019-09-04 23:10:43');
insert into TAPS (B_busID, C_cardNum, time_stamp) values (72341, 690207397, '2020-01-06 05:01:43');
insert into TAPS (B_busID, C_cardNum, time_stamp) values (39836, 909255418, '2020-01-26 12:07:47');
insert into TAPS (B_busID, C_cardNum, time_stamp) values (68684, 545881764, '2019-09-13 09:19:55');
insert into TAPS (B_busID, C_cardNum, time_stamp) values (43206, 755069157, '2019-08-02 20:29:00');
insert into TAPS (B_busID, C_cardNum, time_stamp) values (63145, 123230074, '2019-09-13 14:44:10');
insert into TAPS (B_busID, C_cardNum, time_stamp) values (76647, 413941358, '2019-07-03 21:10:18');
insert into TAPS (B_busID, C_cardNum, time_stamp) values (12128, 258766531, '2019-09-14 23:50:16');
insert into TAPS (B_busID, C_cardNum, time_stamp) values (41086, 321654987, '2019-08-31 23:12:32');
insert into TAPS (B_busID, C_cardNum, time_stamp) values (85843, 927174334, '2019-12-19 08:14:49');
insert into TAPS (B_busID, C_cardNum, time_stamp) values (46123, 354303526, '2020-01-27 23:17:06');
insert into TAPS (B_busID, C_cardNum, time_stamp) values (99822, 142115850, '2020-02-01 08:17:44');
insert into TAPS (B_busID, C_cardNum, time_stamp) values (98608, 634752350, '2019-03-22 03:16:58');
insert into TAPS (B_busID, C_cardNum, time_stamp) values (56403, 564445861, '2019-11-11 13:32:46');
insert into TAPS (B_busID, C_cardNum, time_stamp) values (54494, 458478924, '2019-07-10 14:20:32');

insert into BUS_STOP (stopID, street1, street2) values (946827, ' Browning Trail', ' Erie Street');
insert into BUS_STOP (stopID, street1, street2) values (639374, ' Prentice Point', ' Service Road');
insert into BUS_STOP (stopID, street1, street2) values (157031, ' Longview Place', ' Mcguire Place');
insert into BUS_STOP (stopID, street1, street2) values (678052, ' Westport Road', ' Rowland Plaza');
insert into BUS_STOP (stopID, street1, street2) values (698894, ' Duke Street', ' Oak Valley Trail');
insert into BUS_STOP (stopID, street1, street2) values (660768, ' Heath Hill', ' Acker Crossing');
insert into BUS_STOP (stopID, street1, street2) values (540299, ' Buell Terrace', ' Walton Crossing');
insert into BUS_STOP (stopID, street1, street2) values (807660, ' Acker Plaza', ' International Parkway');
insert into BUS_STOP (stopID, street1, street2) values (767202, ' Amoth Place', ' Havey Lane');
insert into BUS_STOP (stopID, street1, street2) values (551177, ' Kinsman Court', ' Maryland Trail');
insert into BUS_STOP (stopID, street1, street2) values (932899, ' Veith Road', ' Mayer Court');
insert into BUS_STOP (stopID, street1, street2) values (110322, ' Parkside Circle', ' Darwin Crossing');
insert into BUS_STOP (stopID, street1, street2) values (552459, ' Sloan Pass', ' Thompson Crossing');
insert into BUS_STOP (stopID, street1, street2) values (319540, ' Clyde Gallagher Street', ' Haas Center');
insert into BUS_STOP (stopID, street1, street2) values (819327, ' Schiller Alley', ' Superior Parkway');
insert into BUS_STOP (stopID, street1, street2) values (537158, ' Steensland Terrace', ' Havey Lane');
insert into BUS_STOP (stopID, street1, street2) values (362086, ' Hauk Lane', ' Knutson Parkway');
insert into BUS_STOP (stopID, street1, street2) values (682658, ' Ridge Oak Park', ' Commercial Hill');
insert into BUS_STOP (stopID, street1, street2) values (866382, ' Summer Ridge Place', ' Larry Point');
insert into BUS_STOP (stopID, street1, street2) values (450140, ' Corben Alley', ' Northridge Crossing');
insert into BUS_STOP (stopID, street1, street2) values (560658, ' Shasta Center', ' Veith Place');
insert into BUS_STOP (stopID, street1, street2) values (385745, ' Katie Park', ' Schmedeman Drive');
insert into BUS_STOP (stopID, street1, street2) values (147597, ' Merry Alley', ' Carberry Park');
insert into BUS_STOP (stopID, street1, street2) values (547463, ' Bluestem Junction', ' Jenna Place');
insert into BUS_STOP (stopID, street1, street2) values (648329, ' Saint Paul Terrace', ' Jackson Crossing');
insert into BUS_STOP (stopID, street1, street2) values (500336, ' Cordelia Lane', ' Bunting Place');
insert into BUS_STOP (stopID, street1, street2) values (392523, ' Stuart Plaza', ' Springview Center');
insert into BUS_STOP (stopID, street1, street2) values (259802, ' Tomscot Center', ' Transport Way');
insert into BUS_STOP (stopID, street1, street2) values (296570, ' Dexter Circle', ' Mariners Cove Center');
insert into BUS_STOP (stopID, street1, street2) values (603960, ' Old Shore Center', ' Morrow Hill');
insert into BUS_STOP (stopID, street1, street2) values (835447, ' Cottonwood Terrace', ' Mallory Alley');
insert into BUS_STOP (stopID, street1, street2) values (363997, ' Hoffman Terrace', ' Arrowood Lane');
insert into BUS_STOP (stopID, street1, street2) values (452481, ' Pawling Park', ' Scofield Crossing');
insert into BUS_STOP (stopID, street1, street2) values (299968, ' Sherman Crossing', ' Elmside Circle');
insert into BUS_STOP (stopID, street1, street2) values (455857, ' Vidon Park', ' Superior Place');
insert into BUS_STOP (stopID, street1, street2) values (362119, ' Sunnyside Court', ' Atwood Drive');
insert into BUS_STOP (stopID, street1, street2) values (608723, ' Autumn Leaf Junction', ' Farmco Alley');
insert into BUS_STOP (stopID, street1, street2) values (177292, ' Garrison Avenue', ' Rutledge Circle');
insert into BUS_STOP (stopID, street1, street2) values (267548, ' Maryland Crossing', ' Meadow Ridge Avenue');
insert into BUS_STOP (stopID, street1, street2) values (390671, ' West Trail', ' Fieldstone Plaza');
insert into BUS_STOP (stopID, street1, street2) values (858671, ' Loeprich Trail', ' Hayes Center');
insert into BUS_STOP (stopID, street1, street2) values (416369, ' Briar Crest Avenue', ' Johnson Pass');
insert into BUS_STOP (stopID, street1, street2) values (522788, ' Annamark Crossing', ' Kingsford Junction');
insert into BUS_STOP (stopID, street1, street2) values (518896, ' American Trail', ' Kensington Circle');
insert into BUS_STOP (stopID, street1, street2) values (250111, ' Stone Corner Court', ' Bashford Trail');
insert into BUS_STOP (stopID, street1, street2) values (538584, ' Emmet Center', ' Gina Alley');
insert into BUS_STOP (stopID, street1, street2) values (985310, ' Bultman Way', ' Orin Crossing');
insert into BUS_STOP (stopID, street1, street2) values (371764, ' Granby Point', ' Moose Parkway');
insert into BUS_STOP (stopID, street1, street2) values (295448, ' Garrison Pass', ' Sutherland Way');
insert into BUS_STOP (stopID, street1, street2) values (944541, ' Homewood Circle', ' Hermina Circle');
insert into BUS_STOP (stopID, street1, street2) values (405407, ' Elmside Pass', ' School Parkway');
insert into BUS_STOP (stopID, street1, street2) values (899260, ' Golf View Street', ' Dorton Circle');
insert into BUS_STOP (stopID, street1, street2) values (954060, ' Muir Circle', ' Surrey Alley');
insert into BUS_STOP (stopID, street1, street2) values (842743, ' Declaration Terrace', ' Myrtle Terrace');
insert into BUS_STOP (stopID, street1, street2) values (544946, ' Lyons Alley', ' Holmberg Terrace');
insert into BUS_STOP (stopID, street1, street2) values (376789, ' Myrtle Point', ' Eagle Crest Junction');
insert into BUS_STOP (stopID, street1, street2) values (107006, ' Coolidge Parkway', ' Thackeray Drive');
insert into BUS_STOP (stopID, street1, street2) values (179922, ' Mccormick Center', ' Meadow Ridge Drive');
insert into BUS_STOP (stopID, street1, street2) values (146848, ' Ruskin Place', ' Drewry Court');
insert into BUS_STOP (stopID, street1, street2) values (213271, ' Transport Terrace', ' Fisk Avenue');
insert into BUS_STOP (stopID, street1, street2) values (516437, ' Elka Parkway', ' Goodland Junction');
insert into BUS_STOP (stopID, street1, street2) values (456171, ' Delaware Park', ' Norway Maple Park');
insert into BUS_STOP (stopID, street1, street2) values (368010, ' Loomis Hill', ' South Trail');
insert into BUS_STOP (stopID, street1, street2) values (778969, ' Pankratz Place', ' Hoffman Parkway');
insert into BUS_STOP (stopID, street1, street2) values (985106, ' Toban Plaza', ' Larry Trail');
insert into BUS_STOP (stopID, street1, street2) values (468966, ' Sauthoff Alley', ' Badeau Lane');
insert into BUS_STOP (stopID, street1, street2) values (288657, ' Holy Cross Way', ' Summer Ridge Point');
insert into BUS_STOP (stopID, street1, street2) values (683069, ' Birchwood Trail', ' Jana Crossing');
insert into BUS_STOP (stopID, street1, street2) values (674942, ' Lunder Street', ' Forest Run Parkway');
insert into BUS_STOP (stopID, street1, street2) values (978944, ' Upham Court', ' Judy Alley');
insert into BUS_STOP (stopID, street1, street2) values (652344, ' Forster Point', ' International Avenue');
insert into BUS_STOP (stopID, street1, street2) values (383165, ' Del Mar Avenue', ' 8th Terrace');
insert into BUS_STOP (stopID, street1, street2) values (749260, ' Petterle Point', ' Bultman Lane');
insert into BUS_STOP (stopID, street1, street2) values (980270, ' Merchant Center', ' Troy Trail');
insert into BUS_STOP (stopID, street1, street2) values (981505, ' Prentice Way', ' Armistice Crossing');
insert into BUS_STOP (stopID, street1, street2) values (338207, ' Paget Plaza', ' Elka Place');
insert into BUS_STOP (stopID, street1, street2) values (296689, ' Crescent Oaks Street', ' Menomonie Circle');
insert into BUS_STOP (stopID, street1, street2) values (250436, ' Warner Crossing', ' Little Fleur Alley');
insert into BUS_STOP (stopID, street1, street2) values (465027, ' Fuller Hill', ' Dawn Crossing');
insert into BUS_STOP (stopID, street1, street2) values (396978, ' Toban Parkway', ' Delladonna Lane');
insert into BUS_STOP (stopID, street1, street2) values (378657, ' Shopko Pass', ' Gale Center');
insert into BUS_STOP (stopID, street1, street2) values (310125, ' High Crossing Parkway', ' Jenifer Court');
insert into BUS_STOP (stopID, street1, street2) values (157994, ' Northridge Lane', ' Hooker Pass');
insert into BUS_STOP (stopID, street1, street2) values (639984, ' Raven Crossing', ' Pierstorff Way');
insert into BUS_STOP (stopID, street1, street2) values (955462, ' Paget Drive', ' Bayside Crossing');
insert into BUS_STOP (stopID, street1, street2) values (830236, ' Sycamore Way', ' Corry Alley');
insert into BUS_STOP (stopID, street1, street2) values (480440, ' Mallory Avenue', ' Moland Center');
insert into BUS_STOP (stopID, street1, street2) values (326710, ' Weeping Birch Plaza', ' Namekagon Park');
insert into BUS_STOP (stopID, street1, street2) values (920652, ' Hallows Alley', ' Fallview Pass');
insert into BUS_STOP (stopID, street1, street2) values (667941, ' Kennedy Crossing', ' Judy Road');
insert into BUS_STOP (stopID, street1, street2) values (784914, ' Blue Bill Park Road', ' Burning Wood Avenue');
insert into BUS_STOP (stopID, street1, street2) values (478174, ' La Follette Crossing', ' Canary Point');
insert into BUS_STOP (stopID, street1, street2) values (882851, ' Summerview Way', ' Killdeer Pass');
insert into BUS_STOP (stopID, street1, street2) values (821756, ' Homewood Terrace', ' Granby Hill');
insert into BUS_STOP (stopID, street1, street2) values (558279, ' Fairview Point', ' Leroy Hill');
insert into BUS_STOP (stopID, street1, street2) values (707675, ' Morrow Junction', ' Northport Court');
insert into BUS_STOP (stopID, street1, street2) values (836056, ' Holmberg Park', ' Swallow Pass');
insert into BUS_STOP (stopID, street1, street2) values (100002, ' Lillian Drive', ' Mcguire Parkway');
insert into BUS_STOP (stopID, street1, street2) values (825441, ' Lawn Court', ' Nevada Pass');
insert into BUS_STOP (stopID, street1, street2) values (655261, ' Oak Valley Hill', ' Southridge Street');
insert into BUS_STOP (stopID, street1, street2) values (656960, ' Bowman Parkway', ' Stephen Trail');
insert into BUS_STOP (stopID, street1, street2) values (518179, ' Susan Pass', ' Everett Road');
insert into BUS_STOP (stopID, street1, street2) values (660831, ' Rowland Avenue', ' Hallows Alley');
insert into BUS_STOP (stopID, street1, street2) values (792078, ' Ludington Park', ' Esch Way');
insert into BUS_STOP (stopID, street1, street2) values (488528, ' Hauk Road', ' Toban Avenue');
insert into BUS_STOP (stopID, street1, street2) values (476907, ' Kings Hill', ' Delaware Way');
insert into BUS_STOP (stopID, street1, street2) values (611518, ' Sundown Place', ' Lakeland Terrace');
insert into BUS_STOP (stopID, street1, street2) values (793583, ' Westport Hill', ' Westend Trail');
insert into BUS_STOP (stopID, street1, street2) values (871432, ' Kensington Way', ' Dorton Plaza');
insert into BUS_STOP (stopID, street1, street2) values (819177, ' Moose Way', ' Killdeer Crossing');
insert into BUS_STOP (stopID, street1, street2) values (759624, ' Drewry Center', ' Vermont Park');
insert into BUS_STOP (stopID, street1, street2) values (660940, ' Comanche Crossing', ' Starling Circle');
insert into BUS_STOP (stopID, street1, street2) values (622884, ' Dottie Junction', ' Meadow Vale Road');
insert into BUS_STOP (stopID, street1, street2) values (699767, ' Shoshone Place', ' Huxley Junction');
insert into BUS_STOP (stopID, street1, street2) values (362011, ' Amoth Road', ' Ronald Regan Plaza');
insert into BUS_STOP (stopID, street1, street2) values (649290, ' Reinke Alley', ' Schlimgen Trail');
insert into BUS_STOP (stopID, street1, street2) values (347843, ' East Circle', ' Summerview Terrace');
insert into BUS_STOP (stopID, street1, street2) values (745750, ' Brentwood Avenue', ' Moulton Way');
insert into BUS_STOP (stopID, street1, street2) values (250741, ' Nancy Trail', ' Swallow Plaza');
insert into BUS_STOP (stopID, street1, street2) values (511495, ' Pine View Alley', ' Namekagon Center');
insert into BUS_STOP (stopID, street1, street2) values (823165, ' Sunbrook Terrace', ' Schiller Point');
insert into BUS_STOP (stopID, street1, street2) values (845341, ' Scott Center', ' Holmberg Pass');
insert into BUS_STOP (stopID, street1, street2) values (258557, ' Sugar Point', ' Northfield Park');
insert into BUS_STOP (stopID, street1, street2) values (436697, ' Nobel Street', ' Fairview Lane');
insert into BUS_STOP (stopID, street1, street2) values (150783, ' Northridge Plaza', ' Fuller Place');
insert into BUS_STOP (stopID, street1, street2) values (471078, ' Doe Crossing Point', ' Johnson Parkway');
insert into BUS_STOP (stopID, street1, street2) values (319429, ' Larry Plaza', ' Bunker Hill Parkway');
insert into BUS_STOP (stopID, street1, street2) values (743560, ' Buell Parkway', ' Gulseth Place');
insert into BUS_STOP (stopID, street1, street2) values (705846, ' Ronald Regan Pass', ' Hermina Junction');
insert into BUS_STOP (stopID, street1, street2) values (146717, ' Green Pass', ' Sunnyside Pass');
insert into BUS_STOP (stopID, street1, street2) values (489367, ' Anderson Junction', ' Thackeray Plaza');
insert into BUS_STOP (stopID, street1, street2) values (313866, ' Blackbird Court', ' Elmside Park');
insert into BUS_STOP (stopID, street1, street2) values (333463, ' Canary Park', ' Trailsway Avenue');
insert into BUS_STOP (stopID, street1, street2) values (620668, ' Dakota Drive', ' Bartelt Crossing');
insert into BUS_STOP (stopID, street1, street2) values (187306, ' Pine View Alley', ' Lakewood Gardens Junction');
insert into BUS_STOP (stopID, street1, street2) values (911380, ' Cascade Terrace', ' Dayton Terrace');
insert into BUS_STOP (stopID, street1, street2) values (400945, ' Muir Way', ' Westerfield Terrace');
insert into BUS_STOP (stopID, street1, street2) values (623907, ' Maryland Pass', ' Pond Crossing');
insert into BUS_STOP (stopID, street1, street2) values (562238, ' Shopko Terrace', ' Dayton Hill');
insert into BUS_STOP (stopID, street1, street2) values (149336, ' Stuart Pass', ' Messerschmidt Pass');
insert into BUS_STOP (stopID, street1, street2) values (927995, ' Tennyson Point', ' Dayton Junction');
insert into BUS_STOP (stopID, street1, street2) values (964054, ' Homewood Court', ' Westend Parkway');
insert into BUS_STOP (stopID, street1, street2) values (660843, ' Sachtjen Terrace', ' Dryden Junction');
insert into BUS_STOP (stopID, street1, street2) values (609800, ' Darwin Court', ' Lawn Trail');
insert into BUS_STOP (stopID, street1, street2) values (948049, ' Vera Plaza', ' Hoepker Drive');
insert into BUS_STOP (stopID, street1, street2) values (287378, ' Thierer Terrace', ' Truax Road');
insert into BUS_STOP (stopID, street1, street2) values (703584, ' Clarendon Court', ' Randy Terrace');
insert into BUS_STOP (stopID, street1, street2) values (561262, ' Park Meadow Drive', ' Fieldstone Junction');
insert into BUS_STOP (stopID, street1, street2) values (847914, ' Anthes Circle', ' Helena Lane');
insert into BUS_STOP (stopID, street1, street2) values (750970, ' Blue Bill Park Junction', ' Vidon Circle');

insert into ROUTE (routeID, S_firstStop, S_lastStop) values (457296, 660940, 807660);
insert into ROUTE (routeID, S_firstStop, S_lastStop) values (886608, 767202, 110322);
insert into ROUTE (routeID, S_firstStop, S_lastStop) values (410633, 157031, 698894);
insert into ROUTE (routeID, S_firstStop, S_lastStop) values (695543, 792078, 882851);
insert into ROUTE (routeID, S_firstStop, S_lastStop) values (235053, 611518, 560658);
insert into ROUTE (routeID, S_firstStop, S_lastStop) values (241369, 623907, 250111);
insert into ROUTE (routeID, S_firstStop, S_lastStop) values (447354, 552459, 707675);
insert into ROUTE (routeID, S_firstStop, S_lastStop) values (309363, 376789, 552459);
insert into ROUTE (routeID, S_firstStop, S_lastStop) values (455063, 489367, 835447);
insert into ROUTE (routeID, S_firstStop, S_lastStop) values (224599, 250741, 385745);
insert into ROUTE (routeID, S_firstStop, S_lastStop) values (342719, 767202, 622884);
insert into ROUTE (routeID, S_firstStop, S_lastStop) values (343836, 948049, 603960);
insert into ROUTE (routeID, S_firstStop, S_lastStop) values (521003, 608723, 683069);
insert into ROUTE (routeID, S_firstStop, S_lastStop) values (122611, 259802, 698894);
insert into ROUTE (routeID, S_firstStop, S_lastStop) values (504565, 319540, 347843);
insert into ROUTE (routeID, S_firstStop, S_lastStop) values (635742, 362011, 652344);
insert into ROUTE (routeID, S_firstStop, S_lastStop) values (549780, 743560, 295448);
insert into ROUTE (routeID, S_firstStop, S_lastStop) values (583825, 825441, 416369);
insert into ROUTE (routeID, S_firstStop, S_lastStop) values (726692, 836056, 608723);
insert into ROUTE (routeID, S_firstStop, S_lastStop) values (451168, 562238, 471078);
insert into ROUTE (routeID, S_firstStop, S_lastStop) values (544558, 450140, 678052);
insert into ROUTE (routeID, S_firstStop, S_lastStop) values (707042, 436697, 338207);
insert into ROUTE (routeID, S_firstStop, S_lastStop) values (210825, 326710, 259802);
insert into ROUTE (routeID, S_firstStop, S_lastStop) values (108962, 295448, 655261);
insert into ROUTE (routeID, S_firstStop, S_lastStop) values (370697, 250436, 471078);
insert into ROUTE (routeID, S_firstStop, S_lastStop) values (254555, 871432, 825441);
insert into ROUTE (routeID, S_firstStop, S_lastStop) values (542287, 899260, 654789);
insert into ROUTE (routeID, S_firstStop, S_lastStop) values (645367, 538584, 655261);
insert into ROUTE (routeID, S_firstStop, S_lastStop) values (860895, 489367, 376789);
insert into ROUTE (routeID, S_firstStop, S_lastStop) values (383667, 622884, 683069);
insert into ROUTE (routeID, S_firstStop, S_lastStop) values (555928, 611518, 250111);
insert into ROUTE (routeID, S_firstStop, S_lastStop) values (696047, 792078, 842743);
insert into ROUTE (routeID, S_firstStop, S_lastStop) values (717100, 836056, 927995);
insert into ROUTE (routeID, S_firstStop, S_lastStop) values (208839, 552459, 480440);
insert into ROUTE (routeID, S_firstStop, S_lastStop) values (940790, 478174, 927995);
insert into ROUTE (routeID, S_firstStop, S_lastStop) values (544019, 652344, 150783);
insert into ROUTE (routeID, S_firstStop, S_lastStop) values (249489, 179922, 703584);
insert into ROUTE (routeID, S_firstStop, S_lastStop) values (603255, 660940, 620668);
insert into ROUTE (routeID, S_firstStop, S_lastStop) values (156393, 385745, 978944);
insert into ROUTE (routeID, S_firstStop, S_lastStop) values (101035, 560658, 759624);
insert into ROUTE (routeID, S_firstStop, S_lastStop) values (369737, 518179, 683069);
insert into ROUTE (routeID, S_firstStop, S_lastStop) values (869782, 932899, 299968);
insert into ROUTE (routeID, S_firstStop, S_lastStop) values (294163, 518896, 157994);
insert into ROUTE (routeID, S_firstStop, S_lastStop) values (616372, 639374, 465027);
insert into ROUTE (routeID, S_firstStop, S_lastStop) values (562315, 954060, 146848);
insert into ROUTE (routeID, S_firstStop, S_lastStop) values (600771, 981505, 623907);
insert into ROUTE (routeID, S_firstStop, S_lastStop) values (251570, 405407, 899260);
insert into ROUTE (routeID, S_firstStop, S_lastStop) values (209428, 622884, 157031);
insert into ROUTE (routeID, S_firstStop, S_lastStop) values (379028, 944541, 866382);
insert into ROUTE (routeID, S_firstStop, S_lastStop) values (704075, 749260, 743560);
insert into ROUTE (routeID, S_firstStop, S_lastStop) values (993829, 319429, 784914);
insert into ROUTE (routeID, S_firstStop, S_lastStop) values (204419, 560658, 882851);
insert into ROUTE (routeID, S_firstStop, S_lastStop) values (292792, 562238, 648329);
insert into ROUTE (routeID, S_firstStop, S_lastStop) values (396209, 378657, 362011);
insert into ROUTE (routeID, S_firstStop, S_lastStop) values (652793, 157031, 981505);
insert into ROUTE (routeID, S_firstStop, S_lastStop) values (146086, 745750, 450140);
insert into ROUTE (routeID, S_firstStop, S_lastStop) values (769645, 157031, 552459);
insert into ROUTE (routeID, S_firstStop, S_lastStop) values (266236, 932899, 698894);
insert into ROUTE (routeID, S_firstStop, S_lastStop) values (263508, 759624, 784914);
insert into ROUTE (routeID, S_firstStop, S_lastStop) values (149741, 871432, 985106);
insert into ROUTE (routeID, S_firstStop, S_lastStop) values (230681, 390671, 778969);
insert into ROUTE (routeID, S_firstStop, S_lastStop) values (110156, 299968, 648329);
insert into ROUTE (routeID, S_firstStop, S_lastStop) values (727690, 759624, 699767);
insert into ROUTE (routeID, S_firstStop, S_lastStop) values (767468, 667941, 622884);
insert into ROUTE (routeID, S_firstStop, S_lastStop) values (298054, 313866, 871432);
insert into ROUTE (routeID, S_firstStop, S_lastStop) values (872056, 858671, 179922);
insert into ROUTE (routeID, S_firstStop, S_lastStop) values (611400, 981505, 296689);
insert into ROUTE (routeID, S_firstStop, S_lastStop) values (487657, 603960, 110322);
insert into ROUTE (routeID, S_firstStop, S_lastStop) values (615893, 985310, 660940);
insert into ROUTE (routeID, S_firstStop, S_lastStop) values (256405, 488528, 660831);
insert into ROUTE (routeID, S_firstStop, S_lastStop) values (104928, 362086, 319540);
insert into ROUTE (routeID, S_firstStop, S_lastStop) values (691825, 436697, 123132);
insert into ROUTE (routeID, S_firstStop, S_lastStop) values (659991, 107006, 911380);
insert into ROUTE (routeID, S_firstStop, S_lastStop) values (751675, 363997, 250436);
insert into ROUTE (routeID, S_firstStop, S_lastStop) values (738524, 985106, 660940);
insert into ROUTE (routeID, S_firstStop, S_lastStop) values (234774, 608723, 516437);
insert into ROUTE (routeID, S_firstStop, S_lastStop) values (441180, 807660, 250741);
insert into ROUTE (routeID, S_firstStop, S_lastStop) values (600349, 623907, 699767);
insert into ROUTE (routeID, S_firstStop, S_lastStop) values (235888, 347843, 488528);
insert into ROUTE (routeID, S_firstStop, S_lastStop) values (918178, 450140, 267548);
insert into ROUTE (routeID, S_firstStop, S_lastStop) values (849217, 326710, 954060);
insert into ROUTE (routeID, S_firstStop, S_lastStop) values (675753, 250111, 954060);
insert into ROUTE (routeID, S_firstStop, S_lastStop) values (862482, 489367, 287378);
insert into ROUTE (routeID, S_firstStop, S_lastStop) values (219658, 792078, 436697);
insert into ROUTE (routeID, S_firstStop, S_lastStop) values (730777, 660768, 287378);
insert into ROUTE (routeID, S_firstStop, S_lastStop) values (852690, 383165, 547463);
insert into ROUTE (routeID, S_firstStop, S_lastStop) values (830331, 562238, 609800);
insert into ROUTE (routeID, S_firstStop, S_lastStop) values (235259, 835447, 623907);
insert into ROUTE (routeID, S_firstStop, S_lastStop) values (665830, 648329, 608723);
insert into ROUTE (routeID, S_firstStop, S_lastStop) values (449891, 310125, 110322);
insert into ROUTE (routeID, S_firstStop, S_lastStop) values (252719, 179922, 295448);
insert into ROUTE (routeID, S_firstStop, S_lastStop) values (855328, 376789, 649290);
insert into ROUTE (routeID, S_firstStop, S_lastStop) values (373416, 830236, 157031);
insert into ROUTE (routeID, S_firstStop, S_lastStop) values (192685, 476907, 985310);
insert into ROUTE (routeID, S_firstStop, S_lastStop) values (919610, 362011, 944541);
insert into ROUTE (routeID, S_firstStop, S_lastStop) values (927079, 985310, 639984);
insert into ROUTE (routeID, S_firstStop, S_lastStop) values (133436, 660768, 978944);
insert into ROUTE (routeID, S_firstStop, S_lastStop) values (188076, 150783, 944541);
insert into ROUTE (routeID, S_firstStop, S_lastStop) values (685055, 639984, 819327);
insert into ROUTE (routeID, S_firstStop, S_lastStop) values (797620, 623907, 213271);
insert into ROUTE (routeID, S_firstStop, S_lastStop) values (595584, 866382, 295448);
insert into ROUTE (routeID, S_firstStop, S_lastStop) values (132275, 146717, 452481);
insert into ROUTE (routeID, S_firstStop, S_lastStop) values (486348, 830236, 654789);
insert into ROUTE (routeID, S_firstStop, S_lastStop) values (179658, 858671, 319540);
insert into ROUTE (routeID, S_firstStop, S_lastStop) values (352046, 980270, 622884);
insert into ROUTE (routeID, S_firstStop, S_lastStop) values (922432, 416369, 362086);
insert into ROUTE (routeID, S_firstStop, S_lastStop) values (195903, 150783, 511495);
insert into ROUTE (routeID, S_firstStop, S_lastStop) values (630287, 611518, 362119);
insert into ROUTE (routeID, S_firstStop, S_lastStop) values (294977, 705846, 107006);
insert into ROUTE (routeID, S_firstStop, S_lastStop) values (979273, 552459, 518896);
insert into ROUTE (routeID, S_firstStop, S_lastStop) values (132774, 405407, 932899);
insert into ROUTE (routeID, S_firstStop, S_lastStop) values (607670, 882851, 623907);
insert into ROUTE (routeID, S_firstStop, S_lastStop) values (536984, 547463, 743560);
insert into ROUTE (routeID, S_firstStop, S_lastStop) values (866799, 368010, 296689);
insert into ROUTE (routeID, S_firstStop, S_lastStop) values (938866, 652344, 250111);
insert into ROUTE (routeID, S_firstStop, S_lastStop) values (867324, 296570, 250111);
insert into ROUTE (routeID, S_firstStop, S_lastStop) values (912460, 452481, 362119);
insert into ROUTE (routeID, S_firstStop, S_lastStop) values (621177, 866382, 146717);
insert into ROUTE (routeID, S_firstStop, S_lastStop) values (265680, 655261, 743560);
insert into ROUTE (routeID, S_firstStop, S_lastStop) values (275163, 295448, 656960);
insert into ROUTE (routeID, S_firstStop, S_lastStop) values (561351, 319429, 362119);
insert into ROUTE (routeID, S_firstStop, S_lastStop) values (518090, 743560, 660843);
insert into ROUTE (routeID, S_firstStop, S_lastStop) values (231937, 980270, 319540);
insert into ROUTE (routeID, S_firstStop, S_lastStop) values (267907, 551177, 465027);
insert into ROUTE (routeID, S_firstStop, S_lastStop) values (623074, 177292, 480440);
insert into ROUTE (routeID, S_firstStop, S_lastStop) values (564556, 363997, 899260);
insert into ROUTE (routeID, S_firstStop, S_lastStop) values (323919, 759624, 110322);
insert into ROUTE (routeID, S_firstStop, S_lastStop) values (487907, 518179, 622884);
insert into ROUTE (routeID, S_firstStop, S_lastStop) values (884370, 378657, 383165);
insert into ROUTE (routeID, S_firstStop, S_lastStop) values (241273, 705846, 488528);
insert into ROUTE (routeID, S_firstStop, S_lastStop) values (323214, 899260, 259802);
insert into ROUTE (routeID, S_firstStop, S_lastStop) values (684997, 157994, 656960);
insert into ROUTE (routeID, S_firstStop, S_lastStop) values (688908, 378657, 698894);
insert into ROUTE (routeID, S_firstStop, S_lastStop) values (911634, 456171, 767202);
insert into ROUTE (routeID, S_firstStop, S_lastStop) values (923882, 187306, 660843);
insert into ROUTE (routeID, S_firstStop, S_lastStop) values (302323, 792078, 622884);
insert into ROUTE (routeID, S_firstStop, S_lastStop) values (506300, 825441, 465027);
insert into ROUTE (routeID, S_firstStop, S_lastStop) values (879486, 338207, 911380);
insert into ROUTE (routeID, S_firstStop, S_lastStop) values (251092, 745750, 259802);
insert into ROUTE (routeID, S_firstStop, S_lastStop) values (987367, 639984, 347843);
insert into ROUTE (routeID, S_firstStop, S_lastStop) values (598969, 390671, 745750);
insert into ROUTE (routeID, S_firstStop, S_lastStop) values (987513, 639984, 299968);
insert into ROUTE (routeID, S_firstStop, S_lastStop) values (410086, 478174, 157994);
insert into ROUTE (routeID, S_firstStop, S_lastStop) values (110619, 562238, 258557);
insert into ROUTE (routeID, S_firstStop, S_lastStop) values (521690, 488528, 516437);
insert into ROUTE (routeID, S_firstStop, S_lastStop) values (338646, 547463, 835447);
insert into ROUTE (routeID, S_firstStop, S_lastStop) values (418918, 258557, 296570);
insert into ROUTE (routeID, S_firstStop, S_lastStop) values (180058, 213271, 551177);
insert into ROUTE (routeID, S_firstStop, S_lastStop) values (626372, 552459, 405407);
insert into ROUTE (routeID, S_firstStop, S_lastStop) values (662913, 296689, 333463);
insert into ROUTE (routeID, S_firstStop, S_lastStop) values (130213, 823165, 561262);
insert into ROUTE (routeID, S_firstStop, S_lastStop) values (408770, 682658, 296689);
insert into ROUTE (routeID, S_firstStop, S_lastStop) values (656827, 767202, 326710);
insert into ROUTE (routeID, S_firstStop, S_lastStop) values (477696, 100002, 177292);
insert into ROUTE (routeID, S_firstStop, S_lastStop) values (335491, 362119, 623907);
insert into ROUTE (routeID, S_firstStop, S_lastStop) values (467691, 146717, 866382);
insert into ROUTE (routeID, S_firstStop, S_lastStop) values (298476, 368010, 450140);
insert into ROUTE (routeID, S_firstStop, S_lastStop) values (355884, 551177, 476907);
insert into ROUTE (routeID, S_firstStop, S_lastStop) values (298748, 932899, 296689);
insert into ROUTE (routeID, S_firstStop, S_lastStop) values (879479, 319429, 436697);
insert into ROUTE (routeID, S_firstStop, S_lastStop) values (453830, 392523, 842743);
insert into ROUTE (routeID, S_firstStop, S_lastStop) values (889724, 376789, 110322);
insert into ROUTE (routeID, S_firstStop, S_lastStop) values (245230, 608723, 288657);
insert into ROUTE (routeID, S_firstStop, S_lastStop) values (984025, 964054, 932899);
insert into ROUTE (routeID, S_firstStop, S_lastStop) values (262146, 978944, 179922);
insert into ROUTE (routeID, S_firstStop, S_lastStop) values (486554, 835447, 378657);
insert into ROUTE (routeID, S_firstStop, S_lastStop) values (189630, 985106, 674942);
insert into ROUTE (routeID, S_firstStop, S_lastStop) values (809963, 558279, 767202);
insert into ROUTE (routeID, S_firstStop, S_lastStop) values (751480, 296689, 792078);
insert into ROUTE (routeID, S_firstStop, S_lastStop) values (979777, 400945, 500336);
insert into ROUTE (routeID, S_firstStop, S_lastStop) values (680520, 511495, 980270);
insert into ROUTE (routeID, S_firstStop, S_lastStop) values (952090, 338207, 146717);
insert into ROUTE (routeID, S_firstStop, S_lastStop) values (827006, 157994, 656960);
insert into ROUTE (routeID, S_firstStop, S_lastStop) values (290904, 157994, 932899);
insert into ROUTE (routeID, S_firstStop, S_lastStop) values (227774, 250111, 792078);
insert into ROUTE (routeID, S_firstStop, S_lastStop) values (473410, 319540, 390671);
insert into ROUTE (routeID, S_firstStop, S_lastStop) values (611325, 123132, 981505);
insert into ROUTE (routeID, S_firstStop, S_lastStop) values (580300, 652344, 807660);
insert into ROUTE (routeID, S_firstStop, S_lastStop) values (421540, 540299, 392523);
insert into ROUTE (routeID, S_firstStop, S_lastStop) values (213158, 468966, 920652);
insert into ROUTE (routeID, S_firstStop, S_lastStop) values (394165, 392523, 544946);
insert into ROUTE (routeID, S_firstStop, S_lastStop) values (686760, 333463, 836056);
insert into ROUTE (routeID, S_firstStop, S_lastStop) values (275330, 476907, 819177);
insert into ROUTE (routeID, S_firstStop, S_lastStop) values (585345, 147597, 825441);
insert into ROUTE (routeID, S_firstStop, S_lastStop) values (469915, 660843, 478174);
insert into ROUTE (routeID, S_firstStop, S_lastStop) values (330812, 620668, 980270);
insert into ROUTE (routeID, S_firstStop, S_lastStop) values (177236, 561262, 465027);
insert into ROUTE (routeID, S_firstStop, S_lastStop) values (942709, 683069, 980270);
insert into ROUTE (routeID, S_firstStop, S_lastStop) values (458322, 362086, 793583);
insert into ROUTE (routeID, S_firstStop, S_lastStop) values (690920, 836056, 288657);
insert into ROUTE (routeID, S_firstStop, S_lastStop) values (728829, 842743, 363997);
insert into ROUTE (routeID, S_firstStop, S_lastStop) values (734697, 560658, 518179);
insert into ROUTE (routeID, S_firstStop, S_lastStop) values (211007, 954060, 981505);
insert into ROUTE (routeID, S_firstStop, S_lastStop) values (704896, 385745, 326710);
insert into ROUTE (routeID, S_firstStop, S_lastStop) values (167581, 985310, 383165);
insert into ROUTE (routeID, S_firstStop, S_lastStop) values (192680, 743560, 948049);
insert into ROUTE (routeID, S_firstStop, S_lastStop) values (381852, 792078, 500336);
insert into ROUTE (routeID, S_firstStop, S_lastStop) values (836720, 866382, 371764);
insert into ROUTE (routeID, S_firstStop, S_lastStop) values (622644, 347843, 652344);
insert into ROUTE (routeID, S_firstStop, S_lastStop) values (553537, 845341, 654789);


DELETE FROM VISITS;
insert into VISITS (R_routeID, S_stopID, arrivalTime, departTime) values (101035, 157031, '15:28:18', '15:29:02');
insert into VISITS (R_routeID, S_stopID, arrivalTime, departTime) values (101035, 187306, '10:29:54', '10:32:44');
insert into VISITS (R_routeID, S_stopID, arrivalTime, departTime) values (101035, 362119, '09:54:42', '09:55:23');
insert into VISITS (R_routeID, S_stopID, arrivalTime, departTime) values (101035, 652344, '23:05:09', '23:07:49');
insert into VISITS (R_routeID, S_stopID, arrivalTime, departTime) values (101035, 955462, '04:41:38', '04:43:17');
insert into VISITS (R_routeID, S_stopID, arrivalTime, departTime) values (104928, 177292, '05:43:05', '05:45:53');
insert into VISITS (R_routeID, S_stopID, arrivalTime, departTime) values (104928, 544946, '08:31:00', '08:32:55');
insert into VISITS (R_routeID, S_stopID, arrivalTime, departTime) values (104928, 608723, '22:19:53', '22:20:43');
insert into VISITS (R_routeID, S_stopID, arrivalTime, departTime) values (104928, 655261, '22:14:01', '22:15:32');
insert into VISITS (R_routeID, S_stopID, arrivalTime, departTime) values (104928, 948049, '19:02:24', '19:05:04');
insert into VISITS (R_routeID, S_stopID, arrivalTime, departTime) values (108962, 385745, '05:56:44', '05:57:24');
insert into VISITS (R_routeID, S_stopID, arrivalTime, departTime) values (108962, 476907, '20:42:56', '20:42:59');
insert into VISITS (R_routeID, S_stopID, arrivalTime, departTime) values (108962, 660768, '18:01:58', '18:02:04');
insert into VISITS (R_routeID, S_stopID, arrivalTime, departTime) values (108962, 784914, '19:24:17', '19:24:40');
insert into VISITS (R_routeID, S_stopID, arrivalTime, departTime) values (108962, 964054, '18:46:52', '18:48:03');
insert into VISITS (R_routeID, S_stopID, arrivalTime, departTime) values (110156, 296570, '17:17:19', '17:19:41');
insert into VISITS (R_routeID, S_stopID, arrivalTime, departTime) values (110156, 296689, '17:11:44', '17:13:25');
insert into VISITS (R_routeID, S_stopID, arrivalTime, departTime) values (110156, 699767, '06:10:39', '06:12:39');
insert into VISITS (R_routeID, S_stopID, arrivalTime, departTime) values (110156, 823165, '15:56:00', '15:58:34');
insert into VISITS (R_routeID, S_stopID, arrivalTime, departTime) values (110156, 980270, '18:08:54', '18:10:50');
insert into VISITS (R_routeID, S_stopID, arrivalTime, departTime) values (110619, 250111, '18:32:33', '18:34:22');
insert into VISITS (R_routeID, S_stopID, arrivalTime, departTime) values (110619, 400945, '15:27:13', '15:28:08');
insert into VISITS (R_routeID, S_stopID, arrivalTime, departTime) values (110619, 480440, '06:11:36', '06:13:15');
insert into VISITS (R_routeID, S_stopID, arrivalTime, departTime) values (110619, 623907, '09:38:55', '09:41:17');
insert into VISITS (R_routeID, S_stopID, arrivalTime, departTime) values (110619, 698894, '07:27:49', '07:30:33');
insert into VISITS (R_routeID, S_stopID, arrivalTime, departTime) values (122611, 313866, '11:58:16', '11:58:24');
insert into VISITS (R_routeID, S_stopID, arrivalTime, departTime) values (122611, 562238, '10:23:01', '10:23:12');
insert into VISITS (R_routeID, S_stopID, arrivalTime, departTime) values (122611, 830236, '17:00:37', '17:02:55');
insert into VISITS (R_routeID, S_stopID, arrivalTime, departTime) values (122611, 980270, '08:19:50', '08:20:01');
insert into VISITS (R_routeID, S_stopID, arrivalTime, departTime) values (130213, 110322, '08:23:08', '08:24:12');
insert into VISITS (R_routeID, S_stopID, arrivalTime, departTime) values (130213, 547463, '05:17:55', '05:18:53');
insert into VISITS (R_routeID, S_stopID, arrivalTime, departTime) values (130213, 830236, '14:40:56', '14:43:47');
insert into VISITS (R_routeID, S_stopID, arrivalTime, departTime) values (130213, 911380, '13:30:08', '13:31:18');
insert into VISITS (R_routeID, S_stopID, arrivalTime, departTime) values (130213, 985310, '12:43:57', '12:45:17');
insert into VISITS (R_routeID, S_stopID, arrivalTime, departTime) values (132275, 150783, '17:40:44', '17:42:04');
insert into VISITS (R_routeID, S_stopID, arrivalTime, departTime) values (132275, 363997, '19:58:06', '19:59:12');
insert into VISITS (R_routeID, S_stopID, arrivalTime, departTime) values (132275, 371764, '22:06:17', '22:07:07');
insert into VISITS (R_routeID, S_stopID, arrivalTime, departTime) values (132275, 416369, '19:33:47', '19:36:17');
insert into VISITS (R_routeID, S_stopID, arrivalTime, departTime) values (132275, 468966, '15:38:10', '15:39:09');
insert into VISITS (R_routeID, S_stopID, arrivalTime, departTime) values (132774, 157994, '09:42:27', '09:43:29');
insert into VISITS (R_routeID, S_stopID, arrivalTime, departTime) values (132774, 250741, '21:25:33', '21:27:31');
insert into VISITS (R_routeID, S_stopID, arrivalTime, departTime) values (132774, 295448, '22:31:33', '22:31:54');
insert into VISITS (R_routeID, S_stopID, arrivalTime, departTime) values (132774, 660768, '12:57:32', '12:59:59');
insert into VISITS (R_routeID, S_stopID, arrivalTime, departTime) values (132774, 703584, '04:34:24', '04:36:22');
insert into VISITS (R_routeID, S_stopID, arrivalTime, departTime) values (133436, 179922, '06:10:11', '06:13:04');
insert into VISITS (R_routeID, S_stopID, arrivalTime, departTime) values (133436, 623907, '10:32:53', '10:34:00');
insert into VISITS (R_routeID, S_stopID, arrivalTime, departTime) values (133436, 654789, '07:19:51', '07:19:54');
insert into VISITS (R_routeID, S_stopID, arrivalTime, departTime) values (133436, 821756, '10:06:25', '10:07:29');
insert into VISITS (R_routeID, S_stopID, arrivalTime, departTime) values (146086, 385745, '19:11:32', '19:11:35');
insert into VISITS (R_routeID, S_stopID, arrivalTime, departTime) values (146086, 405407, '12:16:14', '12:18:02');
insert into VISITS (R_routeID, S_stopID, arrivalTime, departTime) values (146086, 609800, '23:02:09', '23:02:49');
insert into VISITS (R_routeID, S_stopID, arrivalTime, departTime) values (146086, 823165, '15:59:04', '15:59:05');
insert into VISITS (R_routeID, S_stopID, arrivalTime, departTime) values (146086, 911380, '21:27:36', '21:29:28');
insert into VISITS (R_routeID, S_stopID, arrivalTime, departTime) values (149741, 288657, '06:51:59', '06:54:45');
insert into VISITS (R_routeID, S_stopID, arrivalTime, departTime) values (149741, 478174, '04:27:17', '04:29:24');
insert into VISITS (R_routeID, S_stopID, arrivalTime, departTime) values (149741, 639374, '21:41:45', '21:43:24');
insert into VISITS (R_routeID, S_stopID, arrivalTime, departTime) values (149741, 652344, '10:27:46', '10:30:10');
insert into VISITS (R_routeID, S_stopID, arrivalTime, departTime) values (149741, 871432, '06:31:44', '06:33:26');
insert into VISITS (R_routeID, S_stopID, arrivalTime, departTime) values (156393, 146717, '08:09:45', '08:10:45');
insert into VISITS (R_routeID, S_stopID, arrivalTime, departTime) values (156393, 157994, '15:12:44', '15:12:49');
insert into VISITS (R_routeID, S_stopID, arrivalTime, departTime) values (156393, 611518, '14:09:14', '14:10:51');
insert into VISITS (R_routeID, S_stopID, arrivalTime, departTime) values (156393, 652344, '04:22:32', '04:23:45');
insert into VISITS (R_routeID, S_stopID, arrivalTime, departTime) values (156393, 792078, '20:58:29', '21:00:45');
insert into VISITS (R_routeID, S_stopID, arrivalTime, departTime) values (159357, 147597, '11:52:10', '11:54:46');
insert into VISITS (R_routeID, S_stopID, arrivalTime, departTime) values (159357, 177292, '12:31:29', '12:32:59');
insert into VISITS (R_routeID, S_stopID, arrivalTime, departTime) values (159357, 250436, '17:06:41', '17:08:19');
insert into VISITS (R_routeID, S_stopID, arrivalTime, departTime) values (159357, 362119, '11:12:33', '11:14:10');
insert into VISITS (R_routeID, S_stopID, arrivalTime, departTime) values (159357, 978944, '12:49:27', '12:51:21');
insert into VISITS (R_routeID, S_stopID, arrivalTime, departTime) values (167581, 110322, '22:32:34', '22:34:46');
insert into VISITS (R_routeID, S_stopID, arrivalTime, departTime) values (167581, 376789, '23:26:14', '23:28:48');
insert into VISITS (R_routeID, S_stopID, arrivalTime, departTime) values (167581, 655261, '08:31:33', '08:32:22');
insert into VISITS (R_routeID, S_stopID, arrivalTime, departTime) values (167581, 699767, '04:46:32', '04:48:35');
insert into VISITS (R_routeID, S_stopID, arrivalTime, departTime) values (177236, 296689, '17:16:33', '17:18:21');
insert into VISITS (R_routeID, S_stopID, arrivalTime, departTime) values (177236, 560658, '07:07:53', '07:10:10');
insert into VISITS (R_routeID, S_stopID, arrivalTime, departTime) values (177236, 678052, '09:41:45', '09:42:39');
insert into VISITS (R_routeID, S_stopID, arrivalTime, departTime) values (177236, 882851, '18:08:44', '18:09:07');
insert into VISITS (R_routeID, S_stopID, arrivalTime, departTime) values (179658, 465027, '21:23:40', '21:25:04');
insert into VISITS (R_routeID, S_stopID, arrivalTime, departTime) values (179658, 622884, '21:11:08', '21:12:06');
insert into VISITS (R_routeID, S_stopID, arrivalTime, departTime) values (179658, 639374, '06:40:05', '06:42:01');
insert into VISITS (R_routeID, S_stopID, arrivalTime, departTime) values (179658, 920652, '05:21:21', '05:21:41');
insert into VISITS (R_routeID, S_stopID, arrivalTime, departTime) values (179658, 946827, '18:27:57', '18:28:46');
insert into VISITS (R_routeID, S_stopID, arrivalTime, departTime) values (180058, 179922, '11:23:12', '11:24:31');
insert into VISITS (R_routeID, S_stopID, arrivalTime, departTime) values (180058, 385745, '09:40:32', '09:41:43');
insert into VISITS (R_routeID, S_stopID, arrivalTime, departTime) values (180058, 518896, '23:12:22', '23:14:06');
insert into VISITS (R_routeID, S_stopID, arrivalTime, departTime) values (180058, 655261, '08:18:11', '08:20:05');
insert into VISITS (R_routeID, S_stopID, arrivalTime, departTime) values (180058, 882851, '17:13:44', '17:14:19');
insert into VISITS (R_routeID, S_stopID, arrivalTime, departTime) values (188076, 390671, '15:07:10', '15:09:29');
insert into VISITS (R_routeID, S_stopID, arrivalTime, departTime) values (188076, 603960, '05:09:01', '05:10:52');
insert into VISITS (R_routeID, S_stopID, arrivalTime, departTime) values (188076, 660768, '21:43:52', '21:46:24');
insert into VISITS (R_routeID, S_stopID, arrivalTime, departTime) values (188076, 932899, '08:24:22', '08:26:58');
insert into VISITS (R_routeID, S_stopID, arrivalTime, departTime) values (188076, 955462, '14:02:59', '14:03:57');
insert into VISITS (R_routeID, S_stopID, arrivalTime, departTime) values (189630, 146848, '05:15:23', '05:16:07');
insert into VISITS (R_routeID, S_stopID, arrivalTime, departTime) values (189630, 321321, '14:55:17', '14:55:41');
insert into VISITS (R_routeID, S_stopID, arrivalTime, departTime) values (189630, 383165, '20:15:51', '20:18:12');
insert into VISITS (R_routeID, S_stopID, arrivalTime, departTime) values (189630, 396978, '10:23:40', '10:24:50');
insert into VISITS (R_routeID, S_stopID, arrivalTime, departTime) values (189630, 518179, '08:14:05', '08:14:06');
insert into VISITS (R_routeID, S_stopID, arrivalTime, departTime) values (192680, 321321, '17:57:41', '17:58:38');
insert into VISITS (R_routeID, S_stopID, arrivalTime, departTime) values (192680, 450140, '11:04:45', '11:04:51');
insert into VISITS (R_routeID, S_stopID, arrivalTime, departTime) values (192680, 488528, '07:08:18', '07:08:38');
insert into VISITS (R_routeID, S_stopID, arrivalTime, departTime) values (192680, 547463, '17:47:37', '17:48:53');
insert into VISITS (R_routeID, S_stopID, arrivalTime, departTime) values (192680, 830236, '11:16:18', '11:17:46');
insert into VISITS (R_routeID, S_stopID, arrivalTime, departTime) values (192685, 333463, '14:58:23', '14:59:34');
insert into VISITS (R_routeID, S_stopID, arrivalTime, departTime) values (192685, 362086, '06:32:38', '06:33:46');
insert into VISITS (R_routeID, S_stopID, arrivalTime, departTime) values (192685, 500336, '21:32:19', '21:32:35');
insert into VISITS (R_routeID, S_stopID, arrivalTime, departTime) values (192685, 551177, '06:32:22', '06:34:39');
insert into VISITS (R_routeID, S_stopID, arrivalTime, departTime) values (192685, 858671, '20:31:43', '20:31:59');
insert into VISITS (R_routeID, S_stopID, arrivalTime, departTime) values (195903, 149336, '13:35:02', '13:36:32');
insert into VISITS (R_routeID, S_stopID, arrivalTime, departTime) values (195903, 522788, '19:56:43', '19:58:46');
insert into VISITS (R_routeID, S_stopID, arrivalTime, departTime) values (195903, 678052, '07:23:58', '07:26:09');
insert into VISITS (R_routeID, S_stopID, arrivalTime, departTime) values (195903, 784914, '23:25:49', '23:27:07');
insert into VISITS (R_routeID, S_stopID, arrivalTime, departTime) values (195903, 981505, '19:28:14', '19:30:10');
insert into VISITS (R_routeID, S_stopID, arrivalTime, departTime) values (204419, 362119, '11:44:17', '11:45:36');
insert into VISITS (R_routeID, S_stopID, arrivalTime, departTime) values (204419, 480440, '20:47:42', '20:50:39');
insert into VISITS (R_routeID, S_stopID, arrivalTime, departTime) values (204419, 522788, '15:24:39', '15:26:28');
insert into VISITS (R_routeID, S_stopID, arrivalTime, departTime) values (204419, 707675, '19:38:49', '19:40:48');
insert into VISITS (R_routeID, S_stopID, arrivalTime, departTime) values (204419, 745750, '10:19:43', '10:22:11');
insert into VISITS (R_routeID, S_stopID, arrivalTime, departTime) values (208839, 319540, '17:41:07', '17:43:53');
insert into VISITS (R_routeID, S_stopID, arrivalTime, departTime) values (208839, 378657, '12:17:36', '12:20:02');
insert into VISITS (R_routeID, S_stopID, arrivalTime, departTime) values (208839, 383165, '11:31:31', '11:32:55');
insert into VISITS (R_routeID, S_stopID, arrivalTime, departTime) values (208839, 396978, '21:15:38', '21:17:38');
insert into VISITS (R_routeID, S_stopID, arrivalTime, departTime) values (208839, 743560, '21:58:05', '21:59:10');
insert into VISITS (R_routeID, S_stopID, arrivalTime, departTime) values (209428, 480440, '04:42:54', '04:44:57');
insert into VISITS (R_routeID, S_stopID, arrivalTime, departTime) values (209428, 547463, '21:25:39', '21:28:21');
insert into VISITS (R_routeID, S_stopID, arrivalTime, departTime) values (209428, 674942, '22:02:32', '22:03:03');
insert into VISITS (R_routeID, S_stopID, arrivalTime, departTime) values (209428, 866382, '06:09:52', '06:10:40');
insert into VISITS (R_routeID, S_stopID, arrivalTime, departTime) values (209428, 981505, '15:49:28', '15:51:10');
insert into VISITS (R_routeID, S_stopID, arrivalTime, departTime) values (210825, 146848, '09:41:57', '09:42:51');
insert into VISITS (R_routeID, S_stopID, arrivalTime, departTime) values (210825, 390671, '13:17:14', '13:18:55');
insert into VISITS (R_routeID, S_stopID, arrivalTime, departTime) values (210825, 648329, '04:34:50', '04:35:56');
insert into VISITS (R_routeID, S_stopID, arrivalTime, departTime) values (210825, 750970, '07:50:42', '07:52:06');
insert into VISITS (R_routeID, S_stopID, arrivalTime, departTime) values (210825, 823165, '11:26:17', '11:27:13');
insert into VISITS (R_routeID, S_stopID, arrivalTime, departTime) values (211007, 157994, '19:15:02', '19:15:11');
insert into VISITS (R_routeID, S_stopID, arrivalTime, departTime) values (211007, 310125, '07:36:41', '07:38:39');
insert into VISITS (R_routeID, S_stopID, arrivalTime, departTime) values (211007, 405407, '20:10:35', '20:11:03');
insert into VISITS (R_routeID, S_stopID, arrivalTime, departTime) values (211007, 562238, '19:52:22', '19:53:27');
insert into VISITS (R_routeID, S_stopID, arrivalTime, departTime) values (211007, 948049, '19:08:38', '19:09:16');
insert into VISITS (R_routeID, S_stopID, arrivalTime, departTime) values (213158, 146848, '21:42:09', '21:42:24');
insert into VISITS (R_routeID, S_stopID, arrivalTime, departTime) values (213158, 660940, '11:23:51', '11:23:59');
insert into VISITS (R_routeID, S_stopID, arrivalTime, departTime) values (213158, 678052, '11:45:04', '11:46:46');
insert into VISITS (R_routeID, S_stopID, arrivalTime, departTime) values (213158, 866382, '06:25:21', '06:26:50');
insert into VISITS (R_routeID, S_stopID, arrivalTime, departTime) values (213158, 985310, '08:20:32', '08:20:58');
insert into VISITS (R_routeID, S_stopID, arrivalTime, departTime) values (219658, 362011, '21:10:23', '21:10:25');
insert into VISITS (R_routeID, S_stopID, arrivalTime, departTime) values (219658, 392523, '18:16:32', '18:18:27');
insert into VISITS (R_routeID, S_stopID, arrivalTime, departTime) values (219658, 558279, '22:07:32', '22:08:03');
insert into VISITS (R_routeID, S_stopID, arrivalTime, departTime) values (219658, 649290, '21:49:57', '21:51:16');
insert into VISITS (R_routeID, S_stopID, arrivalTime, departTime) values (219658, 980270, '22:17:17', '22:20:04');
insert into VISITS (R_routeID, S_stopID, arrivalTime, departTime) values (224599, 362086, '09:01:14', '09:03:03');
insert into VISITS (R_routeID, S_stopID, arrivalTime, departTime) values (224599, 608723, '13:24:15', '13:24:48');
insert into VISITS (R_routeID, S_stopID, arrivalTime, departTime) values (224599, 620668, '15:58:31', '15:58:41');
insert into VISITS (R_routeID, S_stopID, arrivalTime, departTime) values (224599, 682658, '11:20:14', '11:23:12');
insert into VISITS (R_routeID, S_stopID, arrivalTime, departTime) values (224599, 792078, '10:40:53', '10:41:55');
insert into VISITS (R_routeID, S_stopID, arrivalTime, departTime) values (227774, 107006, '07:14:17', '07:16:26');
insert into VISITS (R_routeID, S_stopID, arrivalTime, departTime) values (227774, 310125, '04:23:30', '04:26:20');
insert into VISITS (R_routeID, S_stopID, arrivalTime, departTime) values (227774, 678052, '12:56:37', '12:59:10');
insert into VISITS (R_routeID, S_stopID, arrivalTime, departTime) values (227774, 944541, '06:09:11', '06:10:19');
insert into VISITS (R_routeID, S_stopID, arrivalTime, departTime) values (227774, 980270, '05:29:48', '05:30:45');
insert into VISITS (R_routeID, S_stopID, arrivalTime, departTime) values (230681, 110322, '12:50:12', '12:51:36');
insert into VISITS (R_routeID, S_stopID, arrivalTime, departTime) values (230681, 146848, '15:18:14', '15:19:59');
insert into VISITS (R_routeID, S_stopID, arrivalTime, departTime) values (230681, 295448, '13:16:46', '13:19:37');
insert into VISITS (R_routeID, S_stopID, arrivalTime, departTime) values (230681, 396978, '22:20:12', '22:22:29');
insert into VISITS (R_routeID, S_stopID, arrivalTime, departTime) values (230681, 648329, '07:02:21', '07:04:38');
insert into VISITS (R_routeID, S_stopID, arrivalTime, departTime) values (231937, 150783, '12:14:46', '12:16:26');
insert into VISITS (R_routeID, S_stopID, arrivalTime, departTime) values (231937, 287378, '21:40:23', '21:40:23');
insert into VISITS (R_routeID, S_stopID, arrivalTime, departTime) values (231937, 609800, '05:54:16', '05:55:53');
insert into VISITS (R_routeID, S_stopID, arrivalTime, departTime) values (231937, 660843, '15:22:26', '15:25:23');
insert into VISITS (R_routeID, S_stopID, arrivalTime, departTime) values (231937, 699767, '15:35:53', '15:37:22');
insert into VISITS (R_routeID, S_stopID, arrivalTime, departTime) values (234774, 149336, '13:44:03', '13:47:01');
insert into VISITS (R_routeID, S_stopID, arrivalTime, departTime) values (234774, 213271, '12:48:16', '12:50:12');
insert into VISITS (R_routeID, S_stopID, arrivalTime, departTime) values (234774, 784914, '21:06:21', '21:08:51');
insert into VISITS (R_routeID, S_stopID, arrivalTime, departTime) values (234774, 911380, '13:09:27', '13:10:10');
insert into VISITS (R_routeID, S_stopID, arrivalTime, departTime) values (234774, 946827, '11:51:33', '11:53:21');
insert into VISITS (R_routeID, S_stopID, arrivalTime, departTime) values (235053, 392523, '17:27:59', '17:28:11');
insert into VISITS (R_routeID, S_stopID, arrivalTime, departTime) values (235053, 468966, '08:54:14', '08:54:35');
insert into VISITS (R_routeID, S_stopID, arrivalTime, departTime) values (235053, 478174, '15:18:00', '15:19:58');
insert into VISITS (R_routeID, S_stopID, arrivalTime, departTime) values (235053, 911380, '16:12:10', '16:12:22');
insert into VISITS (R_routeID, S_stopID, arrivalTime, departTime) values (235053, 946827, '05:40:03', '05:40:47');
insert into VISITS (R_routeID, S_stopID, arrivalTime, departTime) values (235259, 390671, '08:23:42', '08:24:00');
insert into VISITS (R_routeID, S_stopID, arrivalTime, departTime) values (235259, 452481, '17:31:45', '17:34:32');
insert into VISITS (R_routeID, S_stopID, arrivalTime, departTime) values (235259, 478174, '06:25:27', '06:25:27');
insert into VISITS (R_routeID, S_stopID, arrivalTime, departTime) values (235259, 547463, '07:45:41', '07:47:47');
insert into VISITS (R_routeID, S_stopID, arrivalTime, departTime) values (235259, 836056, '15:14:19', '15:15:19');
insert into VISITS (R_routeID, S_stopID, arrivalTime, departTime) values (235888, 149336, '21:12:08', '21:12:55');
insert into VISITS (R_routeID, S_stopID, arrivalTime, departTime) values (235888, 416369, '07:41:57', '07:44:07');
insert into VISITS (R_routeID, S_stopID, arrivalTime, departTime) values (235888, 450140, '11:23:35', '11:25:03');
insert into VISITS (R_routeID, S_stopID, arrivalTime, departTime) values (235888, 511495, '13:37:58', '13:38:54');
insert into VISITS (R_routeID, S_stopID, arrivalTime, departTime) values (235888, 792078, '18:43:23', '18:46:15');
insert into VISITS (R_routeID, S_stopID, arrivalTime, departTime) values (241273, 213271, '09:14:46', '09:15:49');
insert into VISITS (R_routeID, S_stopID, arrivalTime, departTime) values (241273, 363997, '11:38:05', '11:40:04');
insert into VISITS (R_routeID, S_stopID, arrivalTime, departTime) values (241273, 480440, '11:54:52', '11:56:44');
insert into VISITS (R_routeID, S_stopID, arrivalTime, departTime) values (241273, 551177, '08:15:51', '08:18:30');
insert into VISITS (R_routeID, S_stopID, arrivalTime, departTime) values (241273, 948049, '09:55:55', '09:57:12');
insert into VISITS (R_routeID, S_stopID, arrivalTime, departTime) values (241369, 476907, '18:12:33', '18:14:23');
insert into VISITS (R_routeID, S_stopID, arrivalTime, departTime) values (241369, 749260, '20:16:54', '20:17:40');
insert into VISITS (R_routeID, S_stopID, arrivalTime, departTime) values (241369, 759624, '19:54:56', '19:57:37');
insert into VISITS (R_routeID, S_stopID, arrivalTime, departTime) values (241369, 845341, '19:28:05', '19:29:44');
insert into VISITS (R_routeID, S_stopID, arrivalTime, departTime) values (241369, 954060, '14:04:40', '14:05:08');
insert into VISITS (R_routeID, S_stopID, arrivalTime, departTime) values (245230, 179922, '13:31:08', '13:32:52');
insert into VISITS (R_routeID, S_stopID, arrivalTime, departTime) values (245230, 259802, '15:33:12', '15:33:21');
insert into VISITS (R_routeID, S_stopID, arrivalTime, departTime) values (245230, 511495, '17:21:25', '17:22:47');
insert into VISITS (R_routeID, S_stopID, arrivalTime, departTime) values (245230, 561262, '17:25:43', '17:26:46');
insert into VISITS (R_routeID, S_stopID, arrivalTime, departTime) values (245230, 944541, '08:44:50', '08:47:32');
insert into VISITS (R_routeID, S_stopID, arrivalTime, departTime) values (249489, 157031, '18:31:44', '18:32:40');
insert into VISITS (R_routeID, S_stopID, arrivalTime, departTime) values (249489, 456171, '14:18:34', '14:20:43');
insert into VISITS (R_routeID, S_stopID, arrivalTime, departTime) values (249489, 608723, '16:21:04', '16:22:00');
insert into VISITS (R_routeID, S_stopID, arrivalTime, departTime) values (249489, 656960, '12:42:38', '12:43:11');
insert into VISITS (R_routeID, S_stopID, arrivalTime, departTime) values (249489, 944541, '10:37:00', '10:37:34');
insert into VISITS (R_routeID, S_stopID, arrivalTime, departTime) values (251092, 296689, '15:55:30', '15:56:03');
insert into VISITS (R_routeID, S_stopID, arrivalTime, departTime) values (251092, 321321, '07:19:30', '07:20:13');
insert into VISITS (R_routeID, S_stopID, arrivalTime, departTime) values (251092, 609800, '12:02:06', '12:05:00');
insert into VISITS (R_routeID, S_stopID, arrivalTime, departTime) values (251092, 823165, '19:03:03', '19:03:13');
insert into VISITS (R_routeID, S_stopID, arrivalTime, departTime) values (251092, 927995, '08:12:20', '08:14:30');
insert into VISITS (R_routeID, S_stopID, arrivalTime, departTime) values (251570, 250111, '17:10:50', '17:11:29');
insert into VISITS (R_routeID, S_stopID, arrivalTime, departTime) values (251570, 660768, '15:21:58', '15:24:49');
insert into VISITS (R_routeID, S_stopID, arrivalTime, departTime) values (251570, 778969, '14:41:19', '14:41:51');
insert into VISITS (R_routeID, S_stopID, arrivalTime, departTime) values (251570, 792078, '07:08:59', '07:10:30');
insert into VISITS (R_routeID, S_stopID, arrivalTime, departTime) values (252719, 288657, '05:59:53', '06:01:31');
insert into VISITS (R_routeID, S_stopID, arrivalTime, departTime) values (252719, 385745, '19:48:23', '19:50:59');
insert into VISITS (R_routeID, S_stopID, arrivalTime, departTime) values (252719, 392523, '19:02:15', '19:04:54');
insert into VISITS (R_routeID, S_stopID, arrivalTime, departTime) values (252719, 858671, '09:11:43', '09:12:32');
insert into VISITS (R_routeID, S_stopID, arrivalTime, departTime) values (252719, 954060, '07:01:15', '07:02:02');
insert into VISITS (R_routeID, S_stopID, arrivalTime, departTime) values (254555, 157994, '08:30:45', '08:32:28');
insert into VISITS (R_routeID, S_stopID, arrivalTime, departTime) values (254555, 259802, '11:05:57', '11:06:38');
insert into VISITS (R_routeID, S_stopID, arrivalTime, departTime) values (254555, 611518, '22:13:47', '22:15:18');
insert into VISITS (R_routeID, S_stopID, arrivalTime, departTime) values (254555, 648329, '19:23:07', '19:24:33');
insert into VISITS (R_routeID, S_stopID, arrivalTime, departTime) values (254555, 743560, '05:12:23', '05:13:56');
insert into VISITS (R_routeID, S_stopID, arrivalTime, departTime) values (256405, 296689, '11:23:13', '11:25:14');
insert into VISITS (R_routeID, S_stopID, arrivalTime, departTime) values (256405, 620668, '09:25:14', '09:27:13');
insert into VISITS (R_routeID, S_stopID, arrivalTime, departTime) values (256405, 660843, '11:54:58', '11:55:59');
insert into VISITS (R_routeID, S_stopID, arrivalTime, departTime) values (256405, 899260, '21:36:19', '21:38:42');
insert into VISITS (R_routeID, S_stopID, arrivalTime, departTime) values (262146, 363997, '11:18:28', '11:19:21');
insert into VISITS (R_routeID, S_stopID, arrivalTime, departTime) values (262146, 476907, '12:39:35', '12:42:15');
insert into VISITS (R_routeID, S_stopID, arrivalTime, departTime) values (262146, 623907, '06:51:35', '06:52:08');
insert into VISITS (R_routeID, S_stopID, arrivalTime, departTime) values (262146, 964054, '11:17:11', '11:17:51');
insert into VISITS (R_routeID, S_stopID, arrivalTime, departTime) values (262146, 978944, '16:24:56', '16:26:38');
insert into VISITS (R_routeID, S_stopID, arrivalTime, departTime) values (263508, 107006, '08:14:03', '08:16:06');
insert into VISITS (R_routeID, S_stopID, arrivalTime, departTime) values (263508, 110322, '14:27:19', '14:29:20');
insert into VISITS (R_routeID, S_stopID, arrivalTime, departTime) values (263508, 347843, '09:35:41', '09:36:31');
insert into VISITS (R_routeID, S_stopID, arrivalTime, departTime) values (263508, 478174, '11:05:52', '11:07:02');
insert into VISITS (R_routeID, S_stopID, arrivalTime, departTime) values (263508, 656960, '04:23:51', '04:23:59');
insert into VISITS (R_routeID, S_stopID, arrivalTime, departTime) values (265680, 250436, '20:40:06', '20:41:18');
insert into VISITS (R_routeID, S_stopID, arrivalTime, departTime) values (265680, 699767, '14:36:16', '14:37:54');
insert into VISITS (R_routeID, S_stopID, arrivalTime, departTime) values (265680, 927995, '09:14:27', '09:16:58');
insert into VISITS (R_routeID, S_stopID, arrivalTime, departTime) values (265680, 944541, '15:39:37', '15:39:48');
insert into VISITS (R_routeID, S_stopID, arrivalTime, departTime) values (266236, 146848, '09:38:33', '09:38:41');
insert into VISITS (R_routeID, S_stopID, arrivalTime, departTime) values (266236, 537158, '04:31:42', '04:32:46');
insert into VISITS (R_routeID, S_stopID, arrivalTime, departTime) values (266236, 538584, '12:18:51', '12:20:15');
insert into VISITS (R_routeID, S_stopID, arrivalTime, departTime) values (266236, 745750, '14:31:13', '14:33:06');
insert into VISITS (R_routeID, S_stopID, arrivalTime, departTime) values (266236, 823165, '13:51:26', '13:54:01');
insert into VISITS (R_routeID, S_stopID, arrivalTime, departTime) values (267907, 319429, '10:09:03', '10:09:09');
insert into VISITS (R_routeID, S_stopID, arrivalTime, departTime) values (267907, 321321, '09:57:17', '09:57:25');
insert into VISITS (R_routeID, S_stopID, arrivalTime, departTime) values (267907, 347843, '08:51:00', '08:51:42');
insert into VISITS (R_routeID, S_stopID, arrivalTime, departTime) values (267907, 471078, '14:58:22', '14:59:41');
insert into VISITS (R_routeID, S_stopID, arrivalTime, departTime) values (267907, 825441, '22:12:27', '22:14:10');
insert into VISITS (R_routeID, S_stopID, arrivalTime, departTime) values (275163, 622884, '22:21:06', '22:21:21');
insert into VISITS (R_routeID, S_stopID, arrivalTime, departTime) values (275163, 623907, '09:05:15', '09:05:20');
insert into VISITS (R_routeID, S_stopID, arrivalTime, departTime) values (275163, 699767, '22:06:01', '22:07:54');
insert into VISITS (R_routeID, S_stopID, arrivalTime, departTime) values (275163, 830236, '16:46:01', '16:46:55');
insert into VISITS (R_routeID, S_stopID, arrivalTime, departTime) values (275163, 978944, '05:19:16', '05:20:08');
insert into VISITS (R_routeID, S_stopID, arrivalTime, departTime) values (275330, 146717, '15:44:42', '15:45:04');
insert into VISITS (R_routeID, S_stopID, arrivalTime, departTime) values (275330, 146848, '05:17:16', '05:18:11');
insert into VISITS (R_routeID, S_stopID, arrivalTime, departTime) values (275330, 562238, '06:03:06', '06:05:08');
insert into VISITS (R_routeID, S_stopID, arrivalTime, departTime) values (275330, 920652, '07:59:16', '08:01:38');
insert into VISITS (R_routeID, S_stopID, arrivalTime, departTime) values (275330, 978944, '08:09:55', '08:11:32');
insert into VISITS (R_routeID, S_stopID, arrivalTime, departTime) values (290904, 287378, '08:35:41', '08:36:24');
insert into VISITS (R_routeID, S_stopID, arrivalTime, departTime) values (290904, 295448, '14:35:02', '14:35:22');
insert into VISITS (R_routeID, S_stopID, arrivalTime, departTime) values (290904, 378657, '08:44:11', '08:46:30');
insert into VISITS (R_routeID, S_stopID, arrivalTime, departTime) values (290904, 660940, '07:50:08', '07:51:11');
insert into VISITS (R_routeID, S_stopID, arrivalTime, departTime) values (290904, 948049, '06:12:00', '06:12:43');
insert into VISITS (R_routeID, S_stopID, arrivalTime, departTime) values (292792, 123132, '05:03:36', '05:03:38');
insert into VISITS (R_routeID, S_stopID, arrivalTime, departTime) values (292792, 259802, '22:37:20', '22:37:48');
insert into VISITS (R_routeID, S_stopID, arrivalTime, departTime) values (292792, 609800, '22:07:55', '22:09:18');
insert into VISITS (R_routeID, S_stopID, arrivalTime, departTime) values (292792, 682658, '09:11:15', '09:13:04');
insert into VISITS (R_routeID, S_stopID, arrivalTime, departTime) values (292792, 792078, '20:44:47', '20:45:49');
insert into VISITS (R_routeID, S_stopID, arrivalTime, departTime) values (294163, 107006, '12:28:16', '12:29:39');
insert into VISITS (R_routeID, S_stopID, arrivalTime, departTime) values (294163, 362119, '15:05:06', '15:05:17');
insert into VISITS (R_routeID, S_stopID, arrivalTime, departTime) values (294163, 667941, '17:53:57', '17:55:24');
insert into VISITS (R_routeID, S_stopID, arrivalTime, departTime) values (294163, 750970, '17:45:28', '17:45:28');
insert into VISITS (R_routeID, S_stopID, arrivalTime, departTime) values (294163, 821756, '08:58:00', '08:58:15');
insert into VISITS (R_routeID, S_stopID, arrivalTime, departTime) values (294977, 558279, '16:40:40', '16:42:56');
insert into VISITS (R_routeID, S_stopID, arrivalTime, departTime) values (294977, 622884, '05:53:31', '05:53:55');
insert into VISITS (R_routeID, S_stopID, arrivalTime, departTime) values (294977, 793583, '08:24:51', '08:25:51');
insert into VISITS (R_routeID, S_stopID, arrivalTime, departTime) values (294977, 823165, '07:35:57', '07:38:43');
insert into VISITS (R_routeID, S_stopID, arrivalTime, departTime) values (294977, 944541, '12:20:15', '12:21:02');
insert into VISITS (R_routeID, S_stopID, arrivalTime, departTime) values (298054, 187306, '23:12:08', '23:13:57');
insert into VISITS (R_routeID, S_stopID, arrivalTime, departTime) values (298054, 416369, '08:14:49', '08:15:08');
insert into VISITS (R_routeID, S_stopID, arrivalTime, departTime) values (298054, 703584, '04:57:28', '04:58:23');
insert into VISITS (R_routeID, S_stopID, arrivalTime, departTime) values (298054, 866382, '12:05:40', '12:05:50');
insert into VISITS (R_routeID, S_stopID, arrivalTime, departTime) values (298054, 927995, '17:25:58', '17:28:21');
insert into VISITS (R_routeID, S_stopID, arrivalTime, departTime) values (298476, 310125, '10:54:22', '10:57:16');
insert into VISITS (R_routeID, S_stopID, arrivalTime, departTime) values (298476, 552459, '19:05:13', '19:06:58');
insert into VISITS (R_routeID, S_stopID, arrivalTime, departTime) values (298476, 648329, '06:35:55', '06:36:22');
insert into VISITS (R_routeID, S_stopID, arrivalTime, departTime) values (298476, 823165, '16:49:05', '16:50:24');
insert into VISITS (R_routeID, S_stopID, arrivalTime, departTime) values (298476, 981505, '12:40:05', '12:40:54');
insert into VISITS (R_routeID, S_stopID, arrivalTime, departTime) values (298748, 179922, '11:56:55', '11:57:56');
insert into VISITS (R_routeID, S_stopID, arrivalTime, departTime) values (298748, 363997, '08:48:48', '08:49:01');
insert into VISITS (R_routeID, S_stopID, arrivalTime, departTime) values (298748, 400945, '16:04:38', '16:06:32');
insert into VISITS (R_routeID, S_stopID, arrivalTime, departTime) values (298748, 667941, '11:44:19', '11:47:00');
insert into VISITS (R_routeID, S_stopID, arrivalTime, departTime) values (298748, 948049, '21:19:18', '21:19:55');
insert into VISITS (R_routeID, S_stopID, arrivalTime, departTime) values (302323, 157994, '10:28:12', '10:29:05');
insert into VISITS (R_routeID, S_stopID, arrivalTime, departTime) values (302323, 258557, '18:44:21', '18:46:17');
insert into VISITS (R_routeID, S_stopID, arrivalTime, departTime) values (302323, 698894, '12:52:08', '12:52:09');
insert into VISITS (R_routeID, S_stopID, arrivalTime, departTime) values (302323, 767202, '18:15:46', '18:17:38');
insert into VISITS (R_routeID, S_stopID, arrivalTime, departTime) values (302323, 825441, '19:17:40', '19:20:01');
insert into VISITS (R_routeID, S_stopID, arrivalTime, departTime) values (309363, 416369, '11:56:15', '11:58:23');
insert into VISITS (R_routeID, S_stopID, arrivalTime, departTime) values (309363, 471078, '07:03:54', '07:06:08');
insert into VISITS (R_routeID, S_stopID, arrivalTime, departTime) values (309363, 660831, '17:28:36', '17:28:51');
insert into VISITS (R_routeID, S_stopID, arrivalTime, departTime) values (309363, 858671, '16:19:00', '16:20:23');
insert into VISITS (R_routeID, S_stopID, arrivalTime, departTime) values (323214, 326710, '19:05:08', '19:05:42');
insert into VISITS (R_routeID, S_stopID, arrivalTime, departTime) values (323214, 383165, '08:08:18', '08:10:34');
insert into VISITS (R_routeID, S_stopID, arrivalTime, departTime) values (323214, 476907, '12:41:59', '12:42:31');
insert into VISITS (R_routeID, S_stopID, arrivalTime, departTime) values (323214, 759624, '04:37:28', '04:39:10');
insert into VISITS (R_routeID, S_stopID, arrivalTime, departTime) values (323214, 835447, '17:37:54', '17:38:26');
insert into VISITS (R_routeID, S_stopID, arrivalTime, departTime) values (323919, 371764, '09:58:33', '09:59:33');
insert into VISITS (R_routeID, S_stopID, arrivalTime, departTime) values (323919, 500336, '22:16:40', '22:19:11');
insert into VISITS (R_routeID, S_stopID, arrivalTime, departTime) values (323919, 544946, '18:38:41', '18:39:33');
insert into VISITS (R_routeID, S_stopID, arrivalTime, departTime) values (323919, 703584, '22:05:37', '22:07:10');
insert into VISITS (R_routeID, S_stopID, arrivalTime, departTime) values (323919, 707675, '17:04:07', '17:06:31');
insert into VISITS (R_routeID, S_stopID, arrivalTime, departTime) values (330812, 250741, '07:55:23', '07:55:31');
insert into VISITS (R_routeID, S_stopID, arrivalTime, departTime) values (330812, 363997, '17:22:06', '17:24:40');
insert into VISITS (R_routeID, S_stopID, arrivalTime, departTime) values (330812, 456171, '13:44:07', '13:44:30');
insert into VISITS (R_routeID, S_stopID, arrivalTime, departTime) values (330812, 488528, '16:50:40', '16:52:49');
insert into VISITS (R_routeID, S_stopID, arrivalTime, departTime) values (330812, 948049, '09:58:12', '10:00:33');
insert into VISITS (R_routeID, S_stopID, arrivalTime, departTime) values (335491, 603960, '21:28:04', '21:29:39');
insert into VISITS (R_routeID, S_stopID, arrivalTime, departTime) values (335491, 660940, '06:47:22', '06:48:16');
insert into VISITS (R_routeID, S_stopID, arrivalTime, departTime) values (335491, 667941, '07:47:55', '07:50:10');
insert into VISITS (R_routeID, S_stopID, arrivalTime, departTime) values (335491, 835447, '10:24:36', '10:24:45');
insert into VISITS (R_routeID, S_stopID, arrivalTime, departTime) values (335491, 955462, '05:51:27', '05:54:18');
insert into VISITS (R_routeID, S_stopID, arrivalTime, departTime) values (338646, 250111, '17:45:31', '17:45:43');
insert into VISITS (R_routeID, S_stopID, arrivalTime, departTime) values (338646, 321321, '14:24:23', '14:24:45');
insert into VISITS (R_routeID, S_stopID, arrivalTime, departTime) values (338646, 450140, '08:26:24', '08:26:25');
insert into VISITS (R_routeID, S_stopID, arrivalTime, departTime) values (338646, 759624, '08:29:44', '08:29:56');
insert into VISITS (R_routeID, S_stopID, arrivalTime, departTime) values (338646, 964054, '13:08:15', '13:10:24');
insert into VISITS (R_routeID, S_stopID, arrivalTime, departTime) values (342719, 250436, '15:53:10', '15:53:37');
insert into VISITS (R_routeID, S_stopID, arrivalTime, departTime) values (342719, 267548, '19:30:45', '19:33:05');
insert into VISITS (R_routeID, S_stopID, arrivalTime, departTime) values (342719, 516437, '06:42:28', '06:43:01');
insert into VISITS (R_routeID, S_stopID, arrivalTime, departTime) values (342719, 660831, '06:09:53', '06:09:53');
insert into VISITS (R_routeID, S_stopID, arrivalTime, departTime) values (342719, 981505, '11:08:03', '11:09:41');
insert into VISITS (R_routeID, S_stopID, arrivalTime, departTime) values (343836, 363997, '15:06:11', '15:08:35');
insert into VISITS (R_routeID, S_stopID, arrivalTime, departTime) values (343836, 376789, '20:17:48', '20:18:19');
insert into VISITS (R_routeID, S_stopID, arrivalTime, departTime) values (343836, 455857, '16:05:41', '16:06:13');
insert into VISITS (R_routeID, S_stopID, arrivalTime, departTime) values (343836, 518179, '22:52:07', '22:54:05');
insert into VISITS (R_routeID, S_stopID, arrivalTime, departTime) values (343836, 871432, '04:28:05', '04:30:01');
insert into VISITS (R_routeID, S_stopID, arrivalTime, departTime) values (352046, 123132, '09:58:35', '10:00:52');
insert into VISITS (R_routeID, S_stopID, arrivalTime, departTime) values (352046, 250741, '15:44:55', '15:47:14');
insert into VISITS (R_routeID, S_stopID, arrivalTime, departTime) values (352046, 551177, '10:51:44', '10:51:44');
insert into VISITS (R_routeID, S_stopID, arrivalTime, departTime) values (352046, 655261, '06:26:41', '06:27:00');
insert into VISITS (R_routeID, S_stopID, arrivalTime, departTime) values (352046, 703584, '11:43:53', '11:46:41');
insert into VISITS (R_routeID, S_stopID, arrivalTime, departTime) values (355884, 107006, '16:14:02', '16:14:58');
insert into VISITS (R_routeID, S_stopID, arrivalTime, departTime) values (355884, 784914, '19:54:06', '19:55:33');
insert into VISITS (R_routeID, S_stopID, arrivalTime, departTime) values (355884, 954060, '14:33:19', '14:36:04');
insert into VISITS (R_routeID, S_stopID, arrivalTime, departTime) values (355884, 955462, '20:58:47', '21:01:41');
insert into VISITS (R_routeID, S_stopID, arrivalTime, departTime) values (355884, 978944, '04:37:31', '04:38:35');
insert into VISITS (R_routeID, S_stopID, arrivalTime, departTime) values (357159, 107006, '22:23:47', '22:26:32');
insert into VISITS (R_routeID, S_stopID, arrivalTime, departTime) values (357159, 310125, '13:06:44', '13:08:00');
insert into VISITS (R_routeID, S_stopID, arrivalTime, departTime) values (357159, 376789, '08:40:19', '08:42:21');
insert into VISITS (R_routeID, S_stopID, arrivalTime, departTime) values (357159, 660831, '15:44:29', '15:45:49');
insert into VISITS (R_routeID, S_stopID, arrivalTime, departTime) values (357159, 698894, '07:13:32', '07:13:49');
insert into VISITS (R_routeID, S_stopID, arrivalTime, departTime) values (369737, 179922, '07:32:12', '07:32:31');
insert into VISITS (R_routeID, S_stopID, arrivalTime, departTime) values (369737, 480440, '09:20:05', '09:21:59');
insert into VISITS (R_routeID, S_stopID, arrivalTime, departTime) values (369737, 660940, '05:52:50', '05:54:28');
insert into VISITS (R_routeID, S_stopID, arrivalTime, departTime) values (369737, 674942, '20:19:53', '20:20:39');
insert into VISITS (R_routeID, S_stopID, arrivalTime, departTime) values (369737, 705846, '14:35:33', '14:38:15');
insert into VISITS (R_routeID, S_stopID, arrivalTime, departTime) values (370697, 362011, '08:20:41', '08:22:17');
insert into VISITS (R_routeID, S_stopID, arrivalTime, departTime) values (370697, 371764, '12:05:17', '12:07:02');
insert into VISITS (R_routeID, S_stopID, arrivalTime, departTime) values (370697, 378657, '20:02:52', '20:04:53');
insert into VISITS (R_routeID, S_stopID, arrivalTime, departTime) values (370697, 842743, '14:15:11', '14:15:13');
insert into VISITS (R_routeID, S_stopID, arrivalTime, departTime) values (370697, 948049, '11:36:16', '11:39:12');
insert into VISITS (R_routeID, S_stopID, arrivalTime, departTime) values (373416, 250436, '16:44:42', '16:46:57');
insert into VISITS (R_routeID, S_stopID, arrivalTime, departTime) values (373416, 347843, '14:47:41', '14:48:00');
insert into VISITS (R_routeID, S_stopID, arrivalTime, departTime) values (373416, 392523, '18:43:38', '18:45:19');
insert into VISITS (R_routeID, S_stopID, arrivalTime, departTime) values (373416, 456171, '11:13:24', '11:14:54');
insert into VISITS (R_routeID, S_stopID, arrivalTime, departTime) values (373416, 920652, '13:32:33', '13:34:27');
insert into VISITS (R_routeID, S_stopID, arrivalTime, departTime) values (379028, 267548, '20:56:07', '20:57:32');
insert into VISITS (R_routeID, S_stopID, arrivalTime, departTime) values (379028, 392523, '18:11:18', '18:13:52');
insert into VISITS (R_routeID, S_stopID, arrivalTime, departTime) values (379028, 750970, '21:23:34', '21:24:05');
insert into VISITS (R_routeID, S_stopID, arrivalTime, departTime) values (379028, 847914, '13:30:07', '13:30:29');
insert into VISITS (R_routeID, S_stopID, arrivalTime, departTime) values (379028, 944541, '15:09:21', '15:12:17');
insert into VISITS (R_routeID, S_stopID, arrivalTime, departTime) values (381852, 123132, '19:13:28', '19:14:01');
insert into VISITS (R_routeID, S_stopID, arrivalTime, departTime) values (381852, 310125, '07:48:13', '07:50:17');
insert into VISITS (R_routeID, S_stopID, arrivalTime, departTime) values (381852, 649290, '07:44:50', '07:45:55');
insert into VISITS (R_routeID, S_stopID, arrivalTime, departTime) values (381852, 654789, '16:43:56', '16:45:51');
insert into VISITS (R_routeID, S_stopID, arrivalTime, departTime) values (381852, 674942, '10:50:09', '10:52:08');
insert into VISITS (R_routeID, S_stopID, arrivalTime, departTime) values (383667, 299968, '15:01:23', '15:02:59');
insert into VISITS (R_routeID, S_stopID, arrivalTime, departTime) values (383667, 562238, '05:11:54', '05:12:15');
insert into VISITS (R_routeID, S_stopID, arrivalTime, departTime) values (383667, 608723, '17:47:39', '17:48:42');
insert into VISITS (R_routeID, S_stopID, arrivalTime, departTime) values (383667, 845341, '13:23:06', '13:23:16');
insert into VISITS (R_routeID, S_stopID, arrivalTime, departTime) values (394165, 187306, '14:20:59', '14:21:41');
insert into VISITS (R_routeID, S_stopID, arrivalTime, departTime) values (394165, 368010, '23:23:00', '23:25:41');
insert into VISITS (R_routeID, S_stopID, arrivalTime, departTime) values (394165, 656960, '17:49:24', '17:52:09');
insert into VISITS (R_routeID, S_stopID, arrivalTime, departTime) values (394165, 830236, '06:10:35', '06:12:32');
insert into VISITS (R_routeID, S_stopID, arrivalTime, departTime) values (394165, 842743, '22:17:14', '22:19:58');
insert into VISITS (R_routeID, S_stopID, arrivalTime, departTime) values (396209, 150783, '16:28:29', '16:30:41');
insert into VISITS (R_routeID, S_stopID, arrivalTime, departTime) values (396209, 767202, '14:42:59', '14:44:22');
insert into VISITS (R_routeID, S_stopID, arrivalTime, departTime) values (396209, 819177, '10:37:00', '10:37:18');
insert into VISITS (R_routeID, S_stopID, arrivalTime, departTime) values (396209, 899260, '07:52:32', '07:53:09');
insert into VISITS (R_routeID, S_stopID, arrivalTime, departTime) values (396209, 954060, '17:22:23', '17:23:53');
insert into VISITS (R_routeID, S_stopID, arrivalTime, departTime) values (408770, 488528, '18:53:10', '18:53:10');
insert into VISITS (R_routeID, S_stopID, arrivalTime, departTime) values (408770, 649290, '16:33:10', '16:34:44');
insert into VISITS (R_routeID, S_stopID, arrivalTime, departTime) values (408770, 655261, '22:10:22', '22:12:18');
insert into VISITS (R_routeID, S_stopID, arrivalTime, departTime) values (408770, 698894, '16:17:48', '16:18:38');
insert into VISITS (R_routeID, S_stopID, arrivalTime, departTime) values (408770, 845341, '21:56:58', '21:57:47');
insert into VISITS (R_routeID, S_stopID, arrivalTime, departTime) values (410086, 110322, '13:08:58', '13:09:29');
insert into VISITS (R_routeID, S_stopID, arrivalTime, departTime) values (410086, 146848, '08:22:47', '08:23:49');
insert into VISITS (R_routeID, S_stopID, arrivalTime, departTime) values (410086, 157031, '23:17:39', '23:19:42');
insert into VISITS (R_routeID, S_stopID, arrivalTime, departTime) values (410086, 319429, '16:25:03', '16:27:29');
insert into VISITS (R_routeID, S_stopID, arrivalTime, departTime) values (410086, 985310, '16:29:09', '16:30:05');
insert into VISITS (R_routeID, S_stopID, arrivalTime, departTime) values (410633, 250111, '18:41:46', '18:43:57');
insert into VISITS (R_routeID, S_stopID, arrivalTime, departTime) values (410633, 250436, '13:13:23', '13:16:16');
insert into VISITS (R_routeID, S_stopID, arrivalTime, departTime) values (410633, 296570, '14:21:24', '14:22:07');
insert into VISITS (R_routeID, S_stopID, arrivalTime, departTime) values (410633, 698894, '13:42:14', '13:42:15');
insert into VISITS (R_routeID, S_stopID, arrivalTime, departTime) values (410633, 985310, '12:41:31', '12:43:37');
insert into VISITS (R_routeID, S_stopID, arrivalTime, departTime) values (418918, 416369, '09:54:02', '09:56:16');
insert into VISITS (R_routeID, S_stopID, arrivalTime, departTime) values (418918, 465027, '11:40:22', '11:43:11');
insert into VISITS (R_routeID, S_stopID, arrivalTime, departTime) values (418918, 608723, '09:14:54', '09:15:08');
insert into VISITS (R_routeID, S_stopID, arrivalTime, departTime) values (418918, 654789, '04:29:47', '04:30:26');
insert into VISITS (R_routeID, S_stopID, arrivalTime, departTime) values (418918, 698894, '14:09:49', '14:10:15');
insert into VISITS (R_routeID, S_stopID, arrivalTime, departTime) values (421540, 287378, '22:40:14', '22:41:20');
insert into VISITS (R_routeID, S_stopID, arrivalTime, departTime) values (421540, 363997, '16:04:20', '16:04:59');
insert into VISITS (R_routeID, S_stopID, arrivalTime, departTime) values (421540, 383165, '05:31:32', '05:33:44');
insert into VISITS (R_routeID, S_stopID, arrivalTime, departTime) values (421540, 784914, '13:03:44', '13:06:33');
insert into VISITS (R_routeID, S_stopID, arrivalTime, departTime) values (421540, 866382, '16:45:10', '16:47:19');
insert into VISITS (R_routeID, S_stopID, arrivalTime, departTime) values (441180, 157031, '12:11:55', '12:14:26');
insert into VISITS (R_routeID, S_stopID, arrivalTime, departTime) values (441180, 313866, '13:20:54', '13:21:17');
insert into VISITS (R_routeID, S_stopID, arrivalTime, departTime) values (441180, 452481, '04:45:41', '04:46:36');
insert into VISITS (R_routeID, S_stopID, arrivalTime, departTime) values (441180, 649290, '19:59:23', '20:00:01');
insert into VISITS (R_routeID, S_stopID, arrivalTime, departTime) values (441180, 985106, '05:39:26', '05:40:28');
insert into VISITS (R_routeID, S_stopID, arrivalTime, departTime) values (447354, 146848, '21:28:18', '21:28:47');
insert into VISITS (R_routeID, S_stopID, arrivalTime, departTime) values (447354, 295448, '09:32:09', '09:34:56');
insert into VISITS (R_routeID, S_stopID, arrivalTime, departTime) values (447354, 603960, '09:29:09', '09:30:27');
insert into VISITS (R_routeID, S_stopID, arrivalTime, departTime) values (447354, 749260, '19:29:40', '19:31:27');
insert into VISITS (R_routeID, S_stopID, arrivalTime, departTime) values (449891, 250741, '08:07:38', '08:09:40');
insert into VISITS (R_routeID, S_stopID, arrivalTime, departTime) values (449891, 489367, '21:55:40', '21:56:32');
insert into VISITS (R_routeID, S_stopID, arrivalTime, departTime) values (449891, 660940, '14:02:04', '14:04:44');
insert into VISITS (R_routeID, S_stopID, arrivalTime, departTime) values (449891, 682658, '14:22:22', '14:25:08');
insert into VISITS (R_routeID, S_stopID, arrivalTime, departTime) values (449891, 866382, '17:10:35', '17:11:09');
insert into VISITS (R_routeID, S_stopID, arrivalTime, departTime) values (451168, 177292, '22:37:03', '22:37:06');
insert into VISITS (R_routeID, S_stopID, arrivalTime, departTime) values (451168, 378657, '08:56:31', '08:56:49');
insert into VISITS (R_routeID, S_stopID, arrivalTime, departTime) values (451168, 767202, '14:38:34', '14:40:37');
insert into VISITS (R_routeID, S_stopID, arrivalTime, departTime) values (451168, 871432, '21:18:03', '21:19:26');
insert into VISITS (R_routeID, S_stopID, arrivalTime, departTime) values (451168, 954060, '22:05:12', '22:07:24');
insert into VISITS (R_routeID, S_stopID, arrivalTime, departTime) values (453830, 157994, '06:15:25', '06:18:02');
insert into VISITS (R_routeID, S_stopID, arrivalTime, departTime) values (453830, 299968, '14:44:10', '14:45:16');
insert into VISITS (R_routeID, S_stopID, arrivalTime, departTime) values (453830, 383165, '08:15:55', '08:18:37');
insert into VISITS (R_routeID, S_stopID, arrivalTime, departTime) values (453830, 538584, '15:20:47', '15:22:53');
insert into VISITS (R_routeID, S_stopID, arrivalTime, departTime) values (453830, 978944, '15:15:18', '15:16:54');
insert into VISITS (R_routeID, S_stopID, arrivalTime, departTime) values (455063, 157031, '14:48:15', '14:50:11');
insert into VISITS (R_routeID, S_stopID, arrivalTime, departTime) values (455063, 400945, '10:38:19', '10:39:33');
insert into VISITS (R_routeID, S_stopID, arrivalTime, departTime) values (455063, 450140, '07:12:07', '07:14:11');
insert into VISITS (R_routeID, S_stopID, arrivalTime, departTime) values (455063, 603960, '13:09:31', '13:09:43');
insert into VISITS (R_routeID, S_stopID, arrivalTime, departTime) values (455063, 819177, '05:01:03', '05:01:18');
insert into VISITS (R_routeID, S_stopID, arrivalTime, departTime) values (457296, 149336, '06:02:47', '06:05:04');
insert into VISITS (R_routeID, S_stopID, arrivalTime, departTime) values (457296, 157994, '07:13:47', '07:16:10');
insert into VISITS (R_routeID, S_stopID, arrivalTime, departTime) values (457296, 296570, '09:36:18', '09:37:35');
insert into VISITS (R_routeID, S_stopID, arrivalTime, departTime) values (457296, 478174, '17:26:22', '17:28:30');
insert into VISITS (R_routeID, S_stopID, arrivalTime, departTime) values (457296, 845341, '10:05:18', '10:05:38');
insert into VISITS (R_routeID, S_stopID, arrivalTime, departTime) values (458322, 213271, '06:29:47', '06:30:22');
insert into VISITS (R_routeID, S_stopID, arrivalTime, departTime) values (458322, 371764, '09:56:47', '09:57:09');
insert into VISITS (R_routeID, S_stopID, arrivalTime, departTime) values (458322, 405407, '10:25:12', '10:27:53');
insert into VISITS (R_routeID, S_stopID, arrivalTime, departTime) values (458322, 560658, '20:29:31', '20:30:33');
insert into VISITS (R_routeID, S_stopID, arrivalTime, departTime) values (458322, 836056, '18:00:49', '18:01:35');
insert into VISITS (R_routeID, S_stopID, arrivalTime, departTime) values (467691, 146848, '06:27:46', '06:29:14');
insert into VISITS (R_routeID, S_stopID, arrivalTime, departTime) values (467691, 333463, '06:59:38', '06:59:56');
insert into VISITS (R_routeID, S_stopID, arrivalTime, departTime) values (467691, 452481, '07:54:31', '07:56:36');
insert into VISITS (R_routeID, S_stopID, arrivalTime, departTime) values (467691, 538584, '07:56:06', '07:58:55');
insert into VISITS (R_routeID, S_stopID, arrivalTime, departTime) values (467691, 985310, '15:40:12', '15:41:32');
insert into VISITS (R_routeID, S_stopID, arrivalTime, departTime) values (469915, 110322, '20:33:30', '20:35:22');
insert into VISITS (R_routeID, S_stopID, arrivalTime, departTime) values (469915, 157031, '14:37:48', '14:38:50');
insert into VISITS (R_routeID, S_stopID, arrivalTime, departTime) values (469915, 310125, '16:20:53', '16:22:26');
insert into VISITS (R_routeID, S_stopID, arrivalTime, departTime) values (469915, 450140, '18:47:24', '18:48:10');
insert into VISITS (R_routeID, S_stopID, arrivalTime, departTime) values (469915, 674942, '04:37:51', '04:39:23');
insert into VISITS (R_routeID, S_stopID, arrivalTime, departTime) values (473410, 296689, '23:37:53', '23:39:31');
insert into VISITS (R_routeID, S_stopID, arrivalTime, departTime) values (473410, 400945, '08:54:32', '08:55:14');
insert into VISITS (R_routeID, S_stopID, arrivalTime, departTime) values (473410, 609800, '10:14:30', '10:14:44');
insert into VISITS (R_routeID, S_stopID, arrivalTime, departTime) values (473410, 819327, '23:04:33', '23:06:05');
insert into VISITS (R_routeID, S_stopID, arrivalTime, departTime) values (473410, 871432, '12:30:15', '12:30:42');
insert into VISITS (R_routeID, S_stopID, arrivalTime, departTime) values (477696, 488528, '07:36:58', '07:38:32');
insert into VISITS (R_routeID, S_stopID, arrivalTime, departTime) values (477696, 518179, '13:51:30', '13:53:02');
insert into VISITS (R_routeID, S_stopID, arrivalTime, departTime) values (477696, 603960, '14:31:00', '14:33:40');
insert into VISITS (R_routeID, S_stopID, arrivalTime, departTime) values (477696, 842743, '18:29:38', '18:32:25');
insert into VISITS (R_routeID, S_stopID, arrivalTime, departTime) values (477696, 866382, '22:38:20', '22:40:17');
insert into VISITS (R_routeID, S_stopID, arrivalTime, departTime) values (486348, 179922, '15:24:12', '15:25:35');
insert into VISITS (R_routeID, S_stopID, arrivalTime, departTime) values (486348, 489367, '10:20:16', '10:20:54');
insert into VISITS (R_routeID, S_stopID, arrivalTime, departTime) values (486348, 819177, '09:28:19', '09:30:30');
insert into VISITS (R_routeID, S_stopID, arrivalTime, departTime) values (486348, 836056, '17:36:52', '17:38:37');
insert into VISITS (R_routeID, S_stopID, arrivalTime, departTime) values (486348, 980270, '22:36:17', '22:37:02');
insert into VISITS (R_routeID, S_stopID, arrivalTime, departTime) values (486554, 295448, '12:22:53', '12:23:35');
insert into VISITS (R_routeID, S_stopID, arrivalTime, departTime) values (486554, 363997, '09:26:55', '09:29:35');
insert into VISITS (R_routeID, S_stopID, arrivalTime, departTime) values (486554, 489367, '18:41:40', '18:43:38');
insert into VISITS (R_routeID, S_stopID, arrivalTime, departTime) values (486554, 516437, '07:14:23', '07:14:53');
insert into VISITS (R_routeID, S_stopID, arrivalTime, departTime) values (486554, 807660, '10:40:06', '10:43:00');
insert into VISITS (R_routeID, S_stopID, arrivalTime, departTime) values (487657, 259802, '10:04:19', '10:06:23');
insert into VISITS (R_routeID, S_stopID, arrivalTime, departTime) values (487657, 471078, '05:07:59', '05:09:26');
insert into VISITS (R_routeID, S_stopID, arrivalTime, departTime) values (487657, 609800, '16:53:45', '16:54:01');
insert into VISITS (R_routeID, S_stopID, arrivalTime, departTime) values (487657, 620668, '05:26:53', '05:29:46');
insert into VISITS (R_routeID, S_stopID, arrivalTime, departTime) values (487657, 920652, '15:50:21', '15:51:10');
insert into VISITS (R_routeID, S_stopID, arrivalTime, departTime) values (487907, 296570, '19:49:40', '19:52:34');
insert into VISITS (R_routeID, S_stopID, arrivalTime, departTime) values (487907, 378657, '07:02:46', '07:05:10');
insert into VISITS (R_routeID, S_stopID, arrivalTime, departTime) values (487907, 455857, '15:59:02', '15:59:07');
insert into VISITS (R_routeID, S_stopID, arrivalTime, departTime) values (487907, 456171, '06:50:28', '06:52:08');
insert into VISITS (R_routeID, S_stopID, arrivalTime, departTime) values (487907, 899260, '17:38:07', '17:40:27');
insert into VISITS (R_routeID, S_stopID, arrivalTime, departTime) values (504565, 310125, '11:05:50', '11:07:07');
insert into VISITS (R_routeID, S_stopID, arrivalTime, departTime) values (504565, 450140, '08:23:01', '08:23:58');
insert into VISITS (R_routeID, S_stopID, arrivalTime, departTime) values (504565, 455857, '20:39:36', '20:40:12');
insert into VISITS (R_routeID, S_stopID, arrivalTime, departTime) values (504565, 468966, '09:05:08', '09:05:45');
insert into VISITS (R_routeID, S_stopID, arrivalTime, departTime) values (504565, 866382, '19:34:52', '19:37:30');
insert into VISITS (R_routeID, S_stopID, arrivalTime, departTime) values (506300, 368010, '18:50:22', '18:51:31');
insert into VISITS (R_routeID, S_stopID, arrivalTime, departTime) values (506300, 405407, '18:30:08', '18:32:35');
insert into VISITS (R_routeID, S_stopID, arrivalTime, departTime) values (506300, 660843, '18:00:18', '18:01:19');
insert into VISITS (R_routeID, S_stopID, arrivalTime, departTime) values (506300, 821756, '05:01:52', '05:03:11');
insert into VISITS (R_routeID, S_stopID, arrivalTime, departTime) values (506300, 842743, '16:09:36', '16:10:10');
insert into VISITS (R_routeID, S_stopID, arrivalTime, departTime) values (518090, 250741, '11:08:26', '11:10:44');
insert into VISITS (R_routeID, S_stopID, arrivalTime, departTime) values (518090, 608723, '22:03:13', '22:03:37');
insert into VISITS (R_routeID, S_stopID, arrivalTime, departTime) values (518090, 622884, '11:02:14', '11:02:58');
insert into VISITS (R_routeID, S_stopID, arrivalTime, departTime) values (518090, 655261, '23:06:47', '23:07:05');
insert into VISITS (R_routeID, S_stopID, arrivalTime, departTime) values (518090, 847914, '16:59:08', '17:00:25');
insert into VISITS (R_routeID, S_stopID, arrivalTime, departTime) values (521003, 250436, '22:35:54', '22:36:16');
insert into VISITS (R_routeID, S_stopID, arrivalTime, departTime) values (521003, 400945, '22:07:14', '22:09:15');
insert into VISITS (R_routeID, S_stopID, arrivalTime, departTime) values (521003, 436697, '20:04:33', '20:05:02');
insert into VISITS (R_routeID, S_stopID, arrivalTime, departTime) values (521003, 478174, '05:04:30', '05:06:36');
insert into VISITS (R_routeID, S_stopID, arrivalTime, departTime) values (521003, 623907, '22:03:05', '22:05:32');
insert into VISITS (R_routeID, S_stopID, arrivalTime, departTime) values (521690, 213271, '12:08:54', '12:11:28');
insert into VISITS (R_routeID, S_stopID, arrivalTime, departTime) values (521690, 378657, '19:34:53', '19:37:37');
insert into VISITS (R_routeID, S_stopID, arrivalTime, departTime) values (521690, 416369, '06:21:37', '06:24:14');
insert into VISITS (R_routeID, S_stopID, arrivalTime, departTime) values (521690, 540299, '08:25:46', '08:25:46');
insert into VISITS (R_routeID, S_stopID, arrivalTime, departTime) values (521690, 603960, '09:52:21', '09:52:32');
insert into VISITS (R_routeID, S_stopID, arrivalTime, departTime) values (536984, 146848, '17:17:41', '17:20:04');
insert into VISITS (R_routeID, S_stopID, arrivalTime, departTime) values (536984, 319540, '14:52:11', '14:54:20');
insert into VISITS (R_routeID, S_stopID, arrivalTime, departTime) values (536984, 603960, '21:06:59', '21:08:54');
insert into VISITS (R_routeID, S_stopID, arrivalTime, departTime) values (536984, 660768, '21:06:23', '21:07:16');
insert into VISITS (R_routeID, S_stopID, arrivalTime, departTime) values (536984, 964054, '11:02:36', '11:03:13');
insert into VISITS (R_routeID, S_stopID, arrivalTime, departTime) values (542287, 187306, '14:18:27', '14:20:33');
insert into VISITS (R_routeID, S_stopID, arrivalTime, departTime) values (542287, 699767, '14:45:33', '14:45:41');
insert into VISITS (R_routeID, S_stopID, arrivalTime, departTime) values (542287, 792078, '05:06:21', '05:06:31');
insert into VISITS (R_routeID, S_stopID, arrivalTime, departTime) values (542287, 807660, '08:11:19', '08:14:06');
insert into VISITS (R_routeID, S_stopID, arrivalTime, departTime) values (542287, 920652, '15:23:24', '15:25:18');
insert into VISITS (R_routeID, S_stopID, arrivalTime, departTime) values (544019, 123132, '07:08:33', '07:08:35');
insert into VISITS (R_routeID, S_stopID, arrivalTime, departTime) values (544019, 267548, '10:26:56', '10:29:11');
insert into VISITS (R_routeID, S_stopID, arrivalTime, departTime) values (544019, 347843, '19:11:13', '19:12:37');
insert into VISITS (R_routeID, S_stopID, arrivalTime, departTime) values (544019, 518896, '13:17:16', '13:17:24');
insert into VISITS (R_routeID, S_stopID, arrivalTime, departTime) values (544019, 652344, '17:57:17', '17:58:40');
insert into VISITS (R_routeID, S_stopID, arrivalTime, departTime) values (544558, 259802, '11:01:25', '11:02:26');
insert into VISITS (R_routeID, S_stopID, arrivalTime, departTime) values (544558, 288657, '14:34:55', '14:37:07');
insert into VISITS (R_routeID, S_stopID, arrivalTime, departTime) values (544558, 319540, '10:38:43', '10:39:02');
insert into VISITS (R_routeID, S_stopID, arrivalTime, departTime) values (544558, 396978, '08:19:27', '08:21:49');
insert into VISITS (R_routeID, S_stopID, arrivalTime, departTime) values (544558, 656960, '19:03:27', '19:04:25');
insert into VISITS (R_routeID, S_stopID, arrivalTime, departTime) values (549780, 611518, '23:26:16', '23:27:41');
insert into VISITS (R_routeID, S_stopID, arrivalTime, departTime) values (549780, 622884, '20:24:12', '20:25:17');
insert into VISITS (R_routeID, S_stopID, arrivalTime, departTime) values (549780, 819177, '16:40:24', '16:42:56');
insert into VISITS (R_routeID, S_stopID, arrivalTime, departTime) values (549780, 948049, '20:30:10', '20:32:22');
insert into VISITS (R_routeID, S_stopID, arrivalTime, departTime) values (549780, 980270, '22:47:15', '22:47:45');
insert into VISITS (R_routeID, S_stopID, arrivalTime, departTime) values (553537, 319429, '11:43:17', '11:43:19');
insert into VISITS (R_routeID, S_stopID, arrivalTime, departTime) values (553537, 405407, '18:42:20', '18:42:38');
insert into VISITS (R_routeID, S_stopID, arrivalTime, departTime) values (553537, 476907, '09:17:49', '09:19:48');
insert into VISITS (R_routeID, S_stopID, arrivalTime, departTime) values (553537, 882851, '19:46:26', '19:47:05');
insert into VISITS (R_routeID, S_stopID, arrivalTime, departTime) values (553537, 980270, '08:46:53', '08:48:41');
insert into VISITS (R_routeID, S_stopID, arrivalTime, departTime) values (555928, 177292, '08:09:42', '08:11:46');
insert into VISITS (R_routeID, S_stopID, arrivalTime, departTime) values (555928, 603960, '14:20:50', '14:22:19');
insert into VISITS (R_routeID, S_stopID, arrivalTime, departTime) values (555928, 678052, '10:10:30', '10:11:09');
insert into VISITS (R_routeID, S_stopID, arrivalTime, departTime) values (555928, 745750, '18:45:47', '18:46:03');
insert into VISITS (R_routeID, S_stopID, arrivalTime, departTime) values (555928, 778969, '22:06:25', '22:06:47');
insert into VISITS (R_routeID, S_stopID, arrivalTime, departTime) values (561351, 500336, '16:51:40', '16:53:39');
insert into VISITS (R_routeID, S_stopID, arrivalTime, departTime) values (561351, 544946, '10:57:56', '10:58:32');
insert into VISITS (R_routeID, S_stopID, arrivalTime, departTime) values (561351, 698894, '11:05:37', '11:06:24');
insert into VISITS (R_routeID, S_stopID, arrivalTime, departTime) values (561351, 920652, '21:17:46', '21:19:09');
insert into VISITS (R_routeID, S_stopID, arrivalTime, departTime) values (562315, 157994, '05:57:28', '05:57:53');
insert into VISITS (R_routeID, S_stopID, arrivalTime, departTime) values (562315, 267548, '21:05:03', '21:07:01');
insert into VISITS (R_routeID, S_stopID, arrivalTime, departTime) values (562315, 319429, '06:18:03', '06:18:28');
insert into VISITS (R_routeID, S_stopID, arrivalTime, departTime) values (562315, 371764, '21:02:13', '21:03:58');
insert into VISITS (R_routeID, S_stopID, arrivalTime, departTime) values (562315, 392523, '11:41:03', '11:43:39');
insert into VISITS (R_routeID, S_stopID, arrivalTime, departTime) values (564556, 123132, '20:27:13', '20:29:53');
insert into VISITS (R_routeID, S_stopID, arrivalTime, departTime) values (564556, 288657, '19:20:05', '19:20:58');
insert into VISITS (R_routeID, S_stopID, arrivalTime, departTime) values (564556, 622884, '08:36:23', '08:37:10');
insert into VISITS (R_routeID, S_stopID, arrivalTime, departTime) values (564556, 819327, '12:14:20', '12:16:57');
insert into VISITS (R_routeID, S_stopID, arrivalTime, departTime) values (564556, 920652, '16:06:03', '16:07:31');
insert into VISITS (R_routeID, S_stopID, arrivalTime, departTime) values (580300, 179922, '09:55:05', '09:56:07');
insert into VISITS (R_routeID, S_stopID, arrivalTime, departTime) values (580300, 321321, '06:21:06', '06:22:37');
insert into VISITS (R_routeID, S_stopID, arrivalTime, departTime) values (580300, 405407, '20:56:10', '20:57:49');
insert into VISITS (R_routeID, S_stopID, arrivalTime, departTime) values (580300, 518179, '10:30:25', '10:32:54');
insert into VISITS (R_routeID, S_stopID, arrivalTime, departTime) values (580300, 964054, '09:46:23', '09:47:57');
insert into VISITS (R_routeID, S_stopID, arrivalTime, departTime) values (583825, 157994, '12:59:41', '13:00:59');
insert into VISITS (R_routeID, S_stopID, arrivalTime, departTime) values (583825, 296689, '11:35:48', '11:37:07');
insert into VISITS (R_routeID, S_stopID, arrivalTime, departTime) values (583825, 321321, '09:54:00', '09:54:37');
insert into VISITS (R_routeID, S_stopID, arrivalTime, departTime) values (583825, 371764, '22:00:12', '22:01:00');
insert into VISITS (R_routeID, S_stopID, arrivalTime, departTime) values (583825, 518179, '09:58:14', '10:00:56');
insert into VISITS (R_routeID, S_stopID, arrivalTime, departTime) values (585345, 123132, '21:00:37', '21:01:28');
insert into VISITS (R_routeID, S_stopID, arrivalTime, departTime) values (585345, 146848, '22:40:23', '22:42:43');
insert into VISITS (R_routeID, S_stopID, arrivalTime, departTime) values (585345, 319429, '20:58:51', '21:01:45');
insert into VISITS (R_routeID, S_stopID, arrivalTime, departTime) values (585345, 368010, '09:17:17', '09:19:43');
insert into VISITS (R_routeID, S_stopID, arrivalTime, departTime) values (585345, 376789, '18:17:56', '18:19:31');
insert into VISITS (R_routeID, S_stopID, arrivalTime, departTime) values (595584, 100002, '15:20:05', '15:22:32');
insert into VISITS (R_routeID, S_stopID, arrivalTime, departTime) values (595584, 187306, '15:04:44', '15:06:50');
insert into VISITS (R_routeID, S_stopID, arrivalTime, departTime) values (595584, 516437, '20:32:54', '20:34:59');
insert into VISITS (R_routeID, S_stopID, arrivalTime, departTime) values (595584, 682658, '07:30:06', '07:30:29');
insert into VISITS (R_routeID, S_stopID, arrivalTime, departTime) values (595584, 946827, '20:13:05', '20:15:35');
insert into VISITS (R_routeID, S_stopID, arrivalTime, departTime) values (598969, 347843, '17:38:48', '17:39:07');
insert into VISITS (R_routeID, S_stopID, arrivalTime, departTime) values (598969, 639374, '12:20:25', '12:20:59');
insert into VISITS (R_routeID, S_stopID, arrivalTime, departTime) values (598969, 660843, '13:06:40', '13:06:58');
insert into VISITS (R_routeID, S_stopID, arrivalTime, departTime) values (598969, 667941, '19:40:35', '19:43:06');
insert into VISITS (R_routeID, S_stopID, arrivalTime, departTime) values (598969, 759624, '05:42:02', '05:44:38');
insert into VISITS (R_routeID, S_stopID, arrivalTime, departTime) values (600349, 450140, '10:29:53', '10:31:01');
insert into VISITS (R_routeID, S_stopID, arrivalTime, departTime) values (600349, 558279, '15:35:49', '15:35:50');
insert into VISITS (R_routeID, S_stopID, arrivalTime, departTime) values (600349, 620668, '07:18:27', '07:18:51');
insert into VISITS (R_routeID, S_stopID, arrivalTime, departTime) values (600349, 842743, '15:36:07', '15:38:57');
insert into VISITS (R_routeID, S_stopID, arrivalTime, departTime) values (600349, 985106, '10:27:16', '10:29:33');
insert into VISITS (R_routeID, S_stopID, arrivalTime, departTime) values (600771, 313866, '13:24:55', '13:27:06');
insert into VISITS (R_routeID, S_stopID, arrivalTime, departTime) values (600771, 321321, '07:48:36', '07:48:59');
insert into VISITS (R_routeID, S_stopID, arrivalTime, departTime) values (600771, 338207, '17:00:52', '17:01:07');
insert into VISITS (R_routeID, S_stopID, arrivalTime, departTime) values (600771, 390671, '14:05:12', '14:06:54');
insert into VISITS (R_routeID, S_stopID, arrivalTime, departTime) values (600771, 678052, '19:14:00', '19:15:58');
insert into VISITS (R_routeID, S_stopID, arrivalTime, departTime) values (603255, 150783, '21:23:01', '21:23:02');
insert into VISITS (R_routeID, S_stopID, arrivalTime, departTime) values (603255, 518179, '09:14:27', '09:16:26');
insert into VISITS (R_routeID, S_stopID, arrivalTime, departTime) values (603255, 537158, '17:44:44', '17:44:58');
insert into VISITS (R_routeID, S_stopID, arrivalTime, departTime) values (603255, 544946, '21:57:44', '21:58:18');
insert into VISITS (R_routeID, S_stopID, arrivalTime, departTime) values (603255, 981505, '20:40:06', '20:41:11');
insert into VISITS (R_routeID, S_stopID, arrivalTime, departTime) values (607670, 319540, '13:19:26', '13:20:52');
insert into VISITS (R_routeID, S_stopID, arrivalTime, departTime) values (607670, 385745, '13:39:48', '13:41:48');
insert into VISITS (R_routeID, S_stopID, arrivalTime, departTime) values (607670, 396978, '18:32:59', '18:34:48');
insert into VISITS (R_routeID, S_stopID, arrivalTime, departTime) values (607670, 911380, '18:24:50', '18:26:12');
insert into VISITS (R_routeID, S_stopID, arrivalTime, departTime) values (607670, 985310, '13:25:37', '13:26:37');
insert into VISITS (R_routeID, S_stopID, arrivalTime, departTime) values (611325, 179922, '05:09:12', '05:09:34');
insert into VISITS (R_routeID, S_stopID, arrivalTime, departTime) values (611325, 385745, '20:06:06', '20:08:10');
insert into VISITS (R_routeID, S_stopID, arrivalTime, departTime) values (611325, 522788, '05:02:23', '05:04:45');
insert into VISITS (R_routeID, S_stopID, arrivalTime, departTime) values (611325, 778969, '19:57:14', '19:59:29');
insert into VISITS (R_routeID, S_stopID, arrivalTime, departTime) values (611400, 390671, '22:14:19', '22:14:59');
insert into VISITS (R_routeID, S_stopID, arrivalTime, departTime) values (611400, 471078, '16:09:59', '16:12:27');
insert into VISITS (R_routeID, S_stopID, arrivalTime, departTime) values (611400, 830236, '20:40:30', '20:40:58');
insert into VISITS (R_routeID, S_stopID, arrivalTime, departTime) values (611400, 842743, '12:11:08', '12:13:55');
insert into VISITS (R_routeID, S_stopID, arrivalTime, departTime) values (615893, 250111, '07:59:25', '08:02:01');
insert into VISITS (R_routeID, S_stopID, arrivalTime, departTime) values (615893, 623907, '20:41:52', '20:43:22');
insert into VISITS (R_routeID, S_stopID, arrivalTime, departTime) values (615893, 648329, '04:54:45', '04:55:33');
insert into VISITS (R_routeID, S_stopID, arrivalTime, departTime) values (615893, 707675, '16:54:37', '16:54:53');
insert into VISITS (R_routeID, S_stopID, arrivalTime, departTime) values (615893, 847914, '20:25:16', '20:26:14');
insert into VISITS (R_routeID, S_stopID, arrivalTime, departTime) values (616372, 390671, '13:12:52', '13:15:23');
insert into VISITS (R_routeID, S_stopID, arrivalTime, departTime) values (616372, 478174, '09:07:35', '09:10:01');
insert into VISITS (R_routeID, S_stopID, arrivalTime, departTime) values (616372, 609800, '10:58:08', '10:59:16');
insert into VISITS (R_routeID, S_stopID, arrivalTime, departTime) values (616372, 823165, '21:45:21', '21:47:13');
insert into VISITS (R_routeID, S_stopID, arrivalTime, departTime) values (616372, 932899, '15:35:06', '15:36:58');
insert into VISITS (R_routeID, S_stopID, arrivalTime, departTime) values (621177, 177292, '21:14:02', '21:15:54');
insert into VISITS (R_routeID, S_stopID, arrivalTime, departTime) values (621177, 376789, '21:33:21', '21:34:31');
insert into VISITS (R_routeID, S_stopID, arrivalTime, departTime) values (621177, 649290, '17:08:28', '17:08:42');
insert into VISITS (R_routeID, S_stopID, arrivalTime, departTime) values (621177, 707675, '11:27:36', '11:27:53');
insert into VISITS (R_routeID, S_stopID, arrivalTime, departTime) values (622644, 110322, '17:46:20', '17:46:36');
insert into VISITS (R_routeID, S_stopID, arrivalTime, departTime) values (622644, 390671, '18:58:30', '18:59:42');
insert into VISITS (R_routeID, S_stopID, arrivalTime, departTime) values (622644, 603960, '19:28:07', '19:30:52');
insert into VISITS (R_routeID, S_stopID, arrivalTime, departTime) values (622644, 750970, '05:11:13', '05:13:13');
insert into VISITS (R_routeID, S_stopID, arrivalTime, departTime) values (622644, 981505, '11:59:52', '12:01:10');
insert into VISITS (R_routeID, S_stopID, arrivalTime, departTime) values (623074, 362119, '07:47:03', '07:47:46');
insert into VISITS (R_routeID, S_stopID, arrivalTime, departTime) values (623074, 471078, '06:26:18', '06:27:15');
insert into VISITS (R_routeID, S_stopID, arrivalTime, departTime) values (623074, 561262, '04:38:04', '04:40:12');
insert into VISITS (R_routeID, S_stopID, arrivalTime, departTime) values (623074, 622884, '10:59:10', '10:59:59');
insert into VISITS (R_routeID, S_stopID, arrivalTime, departTime) values (626372, 157031, '21:08:35', '21:08:46');
insert into VISITS (R_routeID, S_stopID, arrivalTime, departTime) values (626372, 476907, '05:44:18', '05:46:05');
insert into VISITS (R_routeID, S_stopID, arrivalTime, departTime) values (626372, 522788, '12:39:29', '12:40:13');
insert into VISITS (R_routeID, S_stopID, arrivalTime, departTime) values (626372, 648329, '10:53:13', '10:55:48');
insert into VISITS (R_routeID, S_stopID, arrivalTime, departTime) values (626372, 703584, '09:29:46', '09:32:16');
insert into VISITS (R_routeID, S_stopID, arrivalTime, departTime) values (630287, 468966, '04:49:58', '04:50:48');
insert into VISITS (R_routeID, S_stopID, arrivalTime, departTime) values (630287, 518896, '14:29:12', '14:31:46');
insert into VISITS (R_routeID, S_stopID, arrivalTime, departTime) values (630287, 705846, '06:49:23', '06:52:00');
insert into VISITS (R_routeID, S_stopID, arrivalTime, departTime) values (630287, 759624, '15:09:15', '15:12:03');
insert into VISITS (R_routeID, S_stopID, arrivalTime, departTime) values (630287, 871432, '18:06:36', '18:09:13');
insert into VISITS (R_routeID, S_stopID, arrivalTime, departTime) values (635742, 250436, '07:41:54', '07:42:11');
insert into VISITS (R_routeID, S_stopID, arrivalTime, departTime) values (635742, 468966, '15:06:40', '15:06:43');
insert into VISITS (R_routeID, S_stopID, arrivalTime, departTime) values (635742, 540299, '04:16:10', '04:16:20');
insert into VISITS (R_routeID, S_stopID, arrivalTime, departTime) values (635742, 609800, '09:04:40', '09:04:44');
insert into VISITS (R_routeID, S_stopID, arrivalTime, departTime) values (635742, 825441, '12:16:01', '12:18:50');
insert into VISITS (R_routeID, S_stopID, arrivalTime, departTime) values (645367, 310125, '08:43:55', '08:46:10');
insert into VISITS (R_routeID, S_stopID, arrivalTime, departTime) values (645367, 500336, '09:35:23', '09:35:40');
insert into VISITS (R_routeID, S_stopID, arrivalTime, departTime) values (645367, 750970, '07:54:48', '07:54:54');
insert into VISITS (R_routeID, S_stopID, arrivalTime, departTime) values (652793, 321321, '23:14:03', '23:16:38');
insert into VISITS (R_routeID, S_stopID, arrivalTime, departTime) values (652793, 390671, '13:19:37', '13:21:34');
insert into VISITS (R_routeID, S_stopID, arrivalTime, departTime) values (652793, 547463, '09:37:16', '09:37:54');
insert into VISITS (R_routeID, S_stopID, arrivalTime, departTime) values (652793, 655261, '21:04:12', '21:05:15');
insert into VISITS (R_routeID, S_stopID, arrivalTime, departTime) values (652793, 825441, '20:32:29', '20:34:30');
insert into VISITS (R_routeID, S_stopID, arrivalTime, departTime) values (656827, 107006, '15:37:40', '15:40:32');
insert into VISITS (R_routeID, S_stopID, arrivalTime, departTime) values (656827, 146717, '14:58:16', '14:59:36');
insert into VISITS (R_routeID, S_stopID, arrivalTime, departTime) values (656827, 378657, '20:18:25', '20:21:12');
insert into VISITS (R_routeID, S_stopID, arrivalTime, departTime) values (656827, 518896, '08:13:40', '08:14:50');
insert into VISITS (R_routeID, S_stopID, arrivalTime, departTime) values (656827, 920652, '22:26:43', '22:27:43');
insert into VISITS (R_routeID, S_stopID, arrivalTime, departTime) values (659991, 313866, '17:50:16', '17:52:49');
insert into VISITS (R_routeID, S_stopID, arrivalTime, departTime) values (659991, 333463, '21:57:41', '21:58:39');
insert into VISITS (R_routeID, S_stopID, arrivalTime, departTime) values (659991, 390671, '13:22:26', '13:24:49');
insert into VISITS (R_routeID, S_stopID, arrivalTime, departTime) values (659991, 488528, '09:39:15', '09:41:49');
insert into VISITS (R_routeID, S_stopID, arrivalTime, departTime) values (659991, 955462, '05:19:35', '05:21:07');
insert into VISITS (R_routeID, S_stopID, arrivalTime, departTime) values (662913, 288657, '08:35:52', '08:38:27');
insert into VISITS (R_routeID, S_stopID, arrivalTime, departTime) values (662913, 456171, '21:50:02', '21:52:39');
insert into VISITS (R_routeID, S_stopID, arrivalTime, departTime) values (662913, 674942, '19:47:39', '19:48:28');
insert into VISITS (R_routeID, S_stopID, arrivalTime, departTime) values (662913, 778969, '22:36:24', '22:36:25');
insert into VISITS (R_routeID, S_stopID, arrivalTime, departTime) values (662913, 825441, '10:26:18', '10:26:46');
insert into VISITS (R_routeID, S_stopID, arrivalTime, departTime) values (665830, 250111, '11:09:03', '11:09:12');
insert into VISITS (R_routeID, S_stopID, arrivalTime, departTime) values (665830, 313866, '21:59:20', '22:02:11');
insert into VISITS (R_routeID, S_stopID, arrivalTime, departTime) values (665830, 489367, '16:45:07', '16:47:10');
insert into VISITS (R_routeID, S_stopID, arrivalTime, departTime) values (665830, 654789, '09:14:30', '09:14:38');
insert into VISITS (R_routeID, S_stopID, arrivalTime, departTime) values (665830, 955462, '04:21:23', '04:22:57');
insert into VISITS (R_routeID, S_stopID, arrivalTime, departTime) values (675753, 287378, '09:36:36', '09:37:27');
insert into VISITS (R_routeID, S_stopID, arrivalTime, departTime) values (675753, 551177, '13:56:59', '13:57:28');
insert into VISITS (R_routeID, S_stopID, arrivalTime, departTime) values (675753, 611518, '18:06:53', '18:07:33');
insert into VISITS (R_routeID, S_stopID, arrivalTime, departTime) values (675753, 836056, '06:44:28', '06:46:37');
insert into VISITS (R_routeID, S_stopID, arrivalTime, departTime) values (675753, 927995, '10:01:42', '10:04:14');
insert into VISITS (R_routeID, S_stopID, arrivalTime, departTime) values (680520, 213271, '13:44:04', '13:45:58');
insert into VISITS (R_routeID, S_stopID, arrivalTime, departTime) values (680520, 538584, '13:25:04', '13:25:51');
insert into VISITS (R_routeID, S_stopID, arrivalTime, departTime) values (680520, 674942, '14:09:03', '14:11:53');
insert into VISITS (R_routeID, S_stopID, arrivalTime, departTime) values (680520, 707675, '12:51:16', '12:53:34');
insert into VISITS (R_routeID, S_stopID, arrivalTime, departTime) values (680520, 792078, '22:58:17', '22:59:31');
insert into VISITS (R_routeID, S_stopID, arrivalTime, departTime) values (684997, 146848, '21:36:03', '21:38:57');
insert into VISITS (R_routeID, S_stopID, arrivalTime, departTime) values (684997, 552459, '06:59:30', '06:59:57');
insert into VISITS (R_routeID, S_stopID, arrivalTime, departTime) values (684997, 603960, '21:54:19', '21:56:13');
insert into VISITS (R_routeID, S_stopID, arrivalTime, departTime) values (684997, 674942, '05:21:24', '05:24:15');
insert into VISITS (R_routeID, S_stopID, arrivalTime, departTime) values (684997, 948049, '10:35:01', '10:36:16');
insert into VISITS (R_routeID, S_stopID, arrivalTime, departTime) values (685055, 319429, '13:45:24', '13:45:52');
insert into VISITS (R_routeID, S_stopID, arrivalTime, departTime) values (685055, 321321, '22:34:45', '22:36:18');
insert into VISITS (R_routeID, S_stopID, arrivalTime, departTime) values (685055, 385745, '20:24:43', '20:27:35');
insert into VISITS (R_routeID, S_stopID, arrivalTime, departTime) values (685055, 489367, '12:44:41', '12:47:06');
insert into VISITS (R_routeID, S_stopID, arrivalTime, departTime) values (685055, 648329, '07:39:16', '07:39:28');
insert into VISITS (R_routeID, S_stopID, arrivalTime, departTime) values (686760, 146717, '10:40:33', '10:43:17');
insert into VISITS (R_routeID, S_stopID, arrivalTime, departTime) values (686760, 476907, '11:40:41', '11:42:04');
insert into VISITS (R_routeID, S_stopID, arrivalTime, departTime) values (686760, 480440, '16:57:45', '16:58:01');
insert into VISITS (R_routeID, S_stopID, arrivalTime, departTime) values (686760, 622884, '18:38:29', '18:38:37');
insert into VISITS (R_routeID, S_stopID, arrivalTime, departTime) values (686760, 955462, '07:59:12', '07:59:39');
insert into VISITS (R_routeID, S_stopID, arrivalTime, departTime) values (688908, 107006, '17:19:47', '17:22:19');
insert into VISITS (R_routeID, S_stopID, arrivalTime, departTime) values (688908, 110322, '10:00:21', '10:01:08');
insert into VISITS (R_routeID, S_stopID, arrivalTime, departTime) values (688908, 296570, '22:24:55', '22:24:59');
insert into VISITS (R_routeID, S_stopID, arrivalTime, departTime) values (688908, 368010, '05:30:30', '05:30:39');
insert into VISITS (R_routeID, S_stopID, arrivalTime, departTime) values (688908, 540299, '12:12:01', '12:13:25');
insert into VISITS (R_routeID, S_stopID, arrivalTime, departTime) values (690920, 149336, '10:07:02', '10:07:53');
insert into VISITS (R_routeID, S_stopID, arrivalTime, departTime) values (690920, 296570, '10:24:08', '10:25:42');
insert into VISITS (R_routeID, S_stopID, arrivalTime, departTime) values (690920, 385745, '17:59:30', '18:00:25');
insert into VISITS (R_routeID, S_stopID, arrivalTime, departTime) values (690920, 452481, '20:16:22', '20:17:14');
insert into VISITS (R_routeID, S_stopID, arrivalTime, departTime) values (690920, 552459, '11:00:17', '11:01:41');
insert into VISITS (R_routeID, S_stopID, arrivalTime, departTime) values (691825, 296689, '07:28:26', '07:31:15');
insert into VISITS (R_routeID, S_stopID, arrivalTime, departTime) values (691825, 655261, '13:56:45', '13:59:20');
insert into VISITS (R_routeID, S_stopID, arrivalTime, departTime) values (691825, 819327, '17:37:01', '17:37:21');
insert into VISITS (R_routeID, S_stopID, arrivalTime, departTime) values (691825, 858671, '21:57:38', '22:00:02');
insert into VISITS (R_routeID, S_stopID, arrivalTime, departTime) values (695543, 107006, '22:53:51', '22:54:33');
insert into VISITS (R_routeID, S_stopID, arrivalTime, departTime) values (695543, 150783, '13:42:54', '13:42:55');
insert into VISITS (R_routeID, S_stopID, arrivalTime, departTime) values (695543, 157031, '07:13:21', '07:14:13');
insert into VISITS (R_routeID, S_stopID, arrivalTime, departTime) values (695543, 288657, '20:46:22', '20:48:28');
insert into VISITS (R_routeID, S_stopID, arrivalTime, departTime) values (695543, 321321, '07:03:31', '07:05:57');
insert into VISITS (R_routeID, S_stopID, arrivalTime, departTime) values (696047, 363997, '08:24:51', '08:24:58');
insert into VISITS (R_routeID, S_stopID, arrivalTime, departTime) values (696047, 452481, '12:57:44', '12:58:21');
insert into VISITS (R_routeID, S_stopID, arrivalTime, departTime) values (696047, 500336, '15:29:40', '15:29:42');
insert into VISITS (R_routeID, S_stopID, arrivalTime, departTime) values (696047, 698894, '17:26:20', '17:28:02');
insert into VISITS (R_routeID, S_stopID, arrivalTime, departTime) values (696047, 866382, '22:33:20', '22:34:24');
insert into VISITS (R_routeID, S_stopID, arrivalTime, departTime) values (704075, 157031, '16:21:07', '16:21:40');
insert into VISITS (R_routeID, S_stopID, arrivalTime, departTime) values (704075, 656960, '13:25:17', '13:28:13');
insert into VISITS (R_routeID, S_stopID, arrivalTime, departTime) values (704075, 792078, '18:25:48', '18:28:40');
insert into VISITS (R_routeID, S_stopID, arrivalTime, departTime) values (704075, 821756, '08:16:05', '08:19:04');
insert into VISITS (R_routeID, S_stopID, arrivalTime, departTime) values (704075, 858671, '15:55:39', '15:58:22');
insert into VISITS (R_routeID, S_stopID, arrivalTime, departTime) values (704896, 147597, '17:31:53', '17:32:44');
insert into VISITS (R_routeID, S_stopID, arrivalTime, departTime) values (704896, 177292, '14:09:55', '14:10:10');
insert into VISITS (R_routeID, S_stopID, arrivalTime, departTime) values (704896, 656960, '05:48:35', '05:50:17');
insert into VISITS (R_routeID, S_stopID, arrivalTime, departTime) values (704896, 767202, '10:16:12', '10:16:13');
insert into VISITS (R_routeID, S_stopID, arrivalTime, departTime) values (704896, 985106, '14:48:54', '14:49:49');
insert into VISITS (R_routeID, S_stopID, arrivalTime, departTime) values (707042, 363997, '09:01:56', '09:03:37');
insert into VISITS (R_routeID, S_stopID, arrivalTime, departTime) values (707042, 561262, '12:03:08', '12:04:03');
insert into VISITS (R_routeID, S_stopID, arrivalTime, departTime) values (707042, 656960, '09:05:15', '09:07:21');
insert into VISITS (R_routeID, S_stopID, arrivalTime, departTime) values (707042, 750970, '07:37:18', '07:37:20');
insert into VISITS (R_routeID, S_stopID, arrivalTime, departTime) values (707042, 858671, '13:43:05', '13:43:22');
insert into VISITS (R_routeID, S_stopID, arrivalTime, departTime) values (717100, 390671, '06:01:13', '06:01:52');
insert into VISITS (R_routeID, S_stopID, arrivalTime, departTime) values (717100, 405407, '12:17:17', '12:18:02');
insert into VISITS (R_routeID, S_stopID, arrivalTime, departTime) values (717100, 450140, '09:18:47', '09:19:15');
insert into VISITS (R_routeID, S_stopID, arrivalTime, departTime) values (717100, 558279, '16:48:10', '16:49:29');
insert into VISITS (R_routeID, S_stopID, arrivalTime, departTime) values (717100, 652344, '05:15:33', '05:16:33');
insert into VISITS (R_routeID, S_stopID, arrivalTime, departTime) values (726692, 362086, '22:12:17', '22:13:37');
insert into VISITS (R_routeID, S_stopID, arrivalTime, departTime) values (726692, 362119, '06:00:59', '06:02:58');
insert into VISITS (R_routeID, S_stopID, arrivalTime, departTime) values (726692, 603960, '08:55:52', '08:58:30');
insert into VISITS (R_routeID, S_stopID, arrivalTime, departTime) values (726692, 678052, '19:36:02', '19:37:22');
insert into VISITS (R_routeID, S_stopID, arrivalTime, departTime) values (727690, 299968, '15:29:34', '15:32:03');
insert into VISITS (R_routeID, S_stopID, arrivalTime, departTime) values (727690, 383165, '09:11:57', '09:14:09');
insert into VISITS (R_routeID, S_stopID, arrivalTime, departTime) values (727690, 452481, '06:26:16', '06:28:18');
insert into VISITS (R_routeID, S_stopID, arrivalTime, departTime) values (727690, 522788, '11:20:59', '11:23:07');
insert into VISITS (R_routeID, S_stopID, arrivalTime, departTime) values (727690, 836056, '08:03:33', '08:05:46');
insert into VISITS (R_routeID, S_stopID, arrivalTime, departTime) values (728829, 100002, '17:27:18', '17:27:32');
insert into VISITS (R_routeID, S_stopID, arrivalTime, departTime) values (728829, 150783, '14:06:44', '14:08:24');
insert into VISITS (R_routeID, S_stopID, arrivalTime, departTime) values (728829, 295448, '09:55:09', '09:56:32');
insert into VISITS (R_routeID, S_stopID, arrivalTime, departTime) values (728829, 561262, '12:39:17', '12:39:21');
insert into VISITS (R_routeID, S_stopID, arrivalTime, departTime) values (730777, 258557, '21:34:45', '21:36:08');
insert into VISITS (R_routeID, S_stopID, arrivalTime, departTime) values (730777, 400945, '22:10:18', '22:12:32');
insert into VISITS (R_routeID, S_stopID, arrivalTime, departTime) values (730777, 660768, '06:43:06', '06:45:12');
insert into VISITS (R_routeID, S_stopID, arrivalTime, departTime) values (730777, 705846, '07:03:53', '07:04:16');
insert into VISITS (R_routeID, S_stopID, arrivalTime, departTime) values (730777, 927995, '18:40:50', '18:43:23');
insert into VISITS (R_routeID, S_stopID, arrivalTime, departTime) values (734697, 319540, '23:01:43', '23:01:52');
insert into VISITS (R_routeID, S_stopID, arrivalTime, departTime) values (734697, 362011, '05:53:40', '05:56:09');
insert into VISITS (R_routeID, S_stopID, arrivalTime, departTime) values (734697, 378657, '08:59:44', '09:01:43');
insert into VISITS (R_routeID, S_stopID, arrivalTime, departTime) values (734697, 845341, '12:25:50', '12:27:17');
insert into VISITS (R_routeID, S_stopID, arrivalTime, departTime) values (734697, 911380, '05:40:10', '05:42:07');
insert into VISITS (R_routeID, S_stopID, arrivalTime, departTime) values (738524, 319429, '07:47:00', '07:48:15');
insert into VISITS (R_routeID, S_stopID, arrivalTime, departTime) values (738524, 455857, '14:37:08', '14:39:52');
insert into VISITS (R_routeID, S_stopID, arrivalTime, departTime) values (738524, 830236, '11:42:30', '11:44:00');
insert into VISITS (R_routeID, S_stopID, arrivalTime, departTime) values (738524, 920652, '22:56:22', '22:57:17');
insert into VISITS (R_routeID, S_stopID, arrivalTime, departTime) values (738524, 955462, '16:04:24', '16:05:07');
insert into VISITS (R_routeID, S_stopID, arrivalTime, departTime) values (751480, 147597, '08:56:35', '08:58:11');
insert into VISITS (R_routeID, S_stopID, arrivalTime, departTime) values (751480, 187306, '19:05:33', '19:06:44');
insert into VISITS (R_routeID, S_stopID, arrivalTime, departTime) values (751480, 400945, '12:49:06', '12:51:27');
insert into VISITS (R_routeID, S_stopID, arrivalTime, departTime) values (751480, 511495, '11:47:38', '11:50:30');
insert into VISITS (R_routeID, S_stopID, arrivalTime, departTime) values (751480, 946827, '05:23:24', '05:26:05');
insert into VISITS (R_routeID, S_stopID, arrivalTime, departTime) values (751675, 146848, '20:07:43', '20:09:27');
insert into VISITS (R_routeID, S_stopID, arrivalTime, departTime) values (751675, 258557, '08:51:55', '08:54:02');
insert into VISITS (R_routeID, S_stopID, arrivalTime, departTime) values (751675, 288657, '10:20:38', '10:21:36');
insert into VISITS (R_routeID, S_stopID, arrivalTime, departTime) values (751675, 362011, '05:59:16', '06:00:06');
insert into VISITS (R_routeID, S_stopID, arrivalTime, departTime) values (751675, 620668, '20:06:09', '20:07:11');
insert into VISITS (R_routeID, S_stopID, arrivalTime, departTime) values (767468, 362119, '10:03:30', '10:06:10');
insert into VISITS (R_routeID, S_stopID, arrivalTime, departTime) values (767468, 552459, '16:45:33', '16:47:57');
insert into VISITS (R_routeID, S_stopID, arrivalTime, departTime) values (767468, 639374, '06:25:34', '06:27:19');
insert into VISITS (R_routeID, S_stopID, arrivalTime, departTime) values (767468, 667941, '11:40:41', '11:42:40');
insert into VISITS (R_routeID, S_stopID, arrivalTime, departTime) values (767468, 823165, '07:54:57', '07:56:55');
insert into VISITS (R_routeID, S_stopID, arrivalTime, departTime) values (769645, 296689, '12:29:29', '12:30:32');
insert into VISITS (R_routeID, S_stopID, arrivalTime, departTime) values (769645, 609800, '12:41:41', '12:44:32');
insert into VISITS (R_routeID, S_stopID, arrivalTime, departTime) values (769645, 660940, '12:33:38', '12:36:12');
insert into VISITS (R_routeID, S_stopID, arrivalTime, departTime) values (769645, 842743, '23:21:56', '23:22:05');
insert into VISITS (R_routeID, S_stopID, arrivalTime, departTime) values (769645, 980270, '19:51:43', '19:52:16');
insert into VISITS (R_routeID, S_stopID, arrivalTime, departTime) values (797620, 146848, '05:23:17', '05:25:44');
insert into VISITS (R_routeID, S_stopID, arrivalTime, departTime) values (797620, 376789, '10:54:51', '10:56:08');
insert into VISITS (R_routeID, S_stopID, arrivalTime, departTime) values (797620, 537158, '11:13:01', '11:15:08');
insert into VISITS (R_routeID, S_stopID, arrivalTime, departTime) values (797620, 698894, '07:45:53', '07:46:06');
insert into VISITS (R_routeID, S_stopID, arrivalTime, departTime) values (797620, 955462, '23:02:35', '23:04:35');
insert into VISITS (R_routeID, S_stopID, arrivalTime, departTime) values (809963, 157031, '17:19:31', '17:19:56');
insert into VISITS (R_routeID, S_stopID, arrivalTime, departTime) values (809963, 296689, '05:04:30', '05:07:29');
insert into VISITS (R_routeID, S_stopID, arrivalTime, departTime) values (809963, 488528, '15:03:25', '15:05:01');
insert into VISITS (R_routeID, S_stopID, arrivalTime, departTime) values (809963, 611518, '14:12:05', '14:14:09');
insert into VISITS (R_routeID, S_stopID, arrivalTime, departTime) values (827006, 107006, '21:05:44', '21:07:52');
insert into VISITS (R_routeID, S_stopID, arrivalTime, departTime) values (827006, 146717, '13:28:06', '13:31:05');
insert into VISITS (R_routeID, S_stopID, arrivalTime, departTime) values (827006, 390671, '20:52:55', '20:53:41');
insert into VISITS (R_routeID, S_stopID, arrivalTime, departTime) values (827006, 551177, '06:52:04', '06:52:29');
insert into VISITS (R_routeID, S_stopID, arrivalTime, departTime) values (827006, 667941, '09:33:54', '09:34:54');
insert into VISITS (R_routeID, S_stopID, arrivalTime, departTime) values (830331, 250111, '05:08:59', '05:11:16');
insert into VISITS (R_routeID, S_stopID, arrivalTime, departTime) values (830331, 296570, '21:10:49', '21:12:18');
insert into VISITS (R_routeID, S_stopID, arrivalTime, departTime) values (830331, 371764, '10:19:25', '10:20:36');
insert into VISITS (R_routeID, S_stopID, arrivalTime, departTime) values (830331, 480440, '23:04:41', '23:05:49');
insert into VISITS (R_routeID, S_stopID, arrivalTime, departTime) values (830331, 660843, '17:17:16', '17:18:53');
insert into VISITS (R_routeID, S_stopID, arrivalTime, departTime) values (836720, 259802, '23:37:26', '23:40:13');
insert into VISITS (R_routeID, S_stopID, arrivalTime, departTime) values (836720, 488528, '15:14:02', '15:14:37');
insert into VISITS (R_routeID, S_stopID, arrivalTime, departTime) values (836720, 899260, '09:38:16', '09:39:38');
insert into VISITS (R_routeID, S_stopID, arrivalTime, departTime) values (836720, 954060, '07:17:22', '07:18:30');
insert into VISITS (R_routeID, S_stopID, arrivalTime, departTime) values (836720, 955462, '21:35:59', '21:37:04');
insert into VISITS (R_routeID, S_stopID, arrivalTime, departTime) values (849217, 287378, '16:56:39', '16:59:32');
insert into VISITS (R_routeID, S_stopID, arrivalTime, departTime) values (849217, 655261, '18:59:27', '19:01:01');
insert into VISITS (R_routeID, S_stopID, arrivalTime, departTime) values (849217, 819177, '05:11:20', '05:14:04');
insert into VISITS (R_routeID, S_stopID, arrivalTime, departTime) values (849217, 823165, '08:50:34', '08:50:44');
insert into VISITS (R_routeID, S_stopID, arrivalTime, departTime) values (852690, 376789, '14:00:52', '14:01:55');
insert into VISITS (R_routeID, S_stopID, arrivalTime, departTime) values (852690, 476907, '12:26:17', '12:26:57');
insert into VISITS (R_routeID, S_stopID, arrivalTime, departTime) values (852690, 652344, '07:53:32', '07:56:14');
insert into VISITS (R_routeID, S_stopID, arrivalTime, departTime) values (852690, 707675, '11:04:13', '11:07:02');
insert into VISITS (R_routeID, S_stopID, arrivalTime, departTime) values (852690, 784914, '10:20:34', '10:21:26');
insert into VISITS (R_routeID, S_stopID, arrivalTime, departTime) values (855328, 319429, '22:54:01', '22:54:37');
insert into VISITS (R_routeID, S_stopID, arrivalTime, departTime) values (855328, 383165, '14:07:32', '14:08:40');
insert into VISITS (R_routeID, S_stopID, arrivalTime, departTime) values (855328, 450140, '13:08:35', '13:11:29');
insert into VISITS (R_routeID, S_stopID, arrivalTime, departTime) values (855328, 561262, '05:26:11', '05:27:36');
insert into VISITS (R_routeID, S_stopID, arrivalTime, departTime) values (855328, 835447, '18:43:01', '18:43:22');
insert into VISITS (R_routeID, S_stopID, arrivalTime, departTime) values (860895, 649290, '17:16:11', '17:18:06');
insert into VISITS (R_routeID, S_stopID, arrivalTime, departTime) values (860895, 707675, '13:06:49', '13:08:24');
insert into VISITS (R_routeID, S_stopID, arrivalTime, departTime) values (860895, 745750, '15:52:44', '15:53:08');
insert into VISITS (R_routeID, S_stopID, arrivalTime, departTime) values (862482, 319540, '08:58:48', '09:00:35');
insert into VISITS (R_routeID, S_stopID, arrivalTime, departTime) values (862482, 326710, '14:52:19', '14:52:39');
insert into VISITS (R_routeID, S_stopID, arrivalTime, departTime) values (862482, 562238, '21:13:47', '21:14:25');
insert into VISITS (R_routeID, S_stopID, arrivalTime, departTime) values (862482, 620668, '07:43:20', '07:44:13');
insert into VISITS (R_routeID, S_stopID, arrivalTime, departTime) values (862482, 955462, '17:14:21', '17:16:21');
insert into VISITS (R_routeID, S_stopID, arrivalTime, departTime) values (866799, 792078, '23:30:19', '23:32:05');
insert into VISITS (R_routeID, S_stopID, arrivalTime, departTime) values (866799, 793583, '19:38:32', '19:40:28');
insert into VISITS (R_routeID, S_stopID, arrivalTime, departTime) values (866799, 836056, '16:55:01', '16:56:50');
insert into VISITS (R_routeID, S_stopID, arrivalTime, departTime) values (866799, 842743, '06:58:37', '07:01:12');
insert into VISITS (R_routeID, S_stopID, arrivalTime, departTime) values (866799, 920652, '10:46:22', '10:48:04');
insert into VISITS (R_routeID, S_stopID, arrivalTime, departTime) values (867324, 319540, '21:57:02', '21:57:54');
insert into VISITS (R_routeID, S_stopID, arrivalTime, departTime) values (867324, 480440, '09:17:23', '09:18:50');
insert into VISITS (R_routeID, S_stopID, arrivalTime, departTime) values (867324, 522788, '07:13:19', '07:15:35');
insert into VISITS (R_routeID, S_stopID, arrivalTime, departTime) values (867324, 608723, '06:45:39', '06:48:25');
insert into VISITS (R_routeID, S_stopID, arrivalTime, departTime) values (867324, 847914, '08:12:34', '08:15:20');
insert into VISITS (R_routeID, S_stopID, arrivalTime, departTime) values (869782, 213271, '23:14:44', '23:15:59');
insert into VISITS (R_routeID, S_stopID, arrivalTime, departTime) values (869782, 363997, '14:42:05', '14:43:25');
insert into VISITS (R_routeID, S_stopID, arrivalTime, departTime) values (869782, 547463, '21:52:59', '21:53:20');
insert into VISITS (R_routeID, S_stopID, arrivalTime, departTime) values (869782, 866382, '22:13:09', '22:13:59');
insert into VISITS (R_routeID, S_stopID, arrivalTime, departTime) values (869782, 944541, '07:56:33', '07:56:56');
insert into VISITS (R_routeID, S_stopID, arrivalTime, departTime) values (872056, 147597, '16:49:21', '16:52:11');
insert into VISITS (R_routeID, S_stopID, arrivalTime, departTime) values (872056, 338207, '15:32:43', '15:34:33');
insert into VISITS (R_routeID, S_stopID, arrivalTime, departTime) values (872056, 376789, '09:40:12', '09:40:39');
insert into VISITS (R_routeID, S_stopID, arrivalTime, departTime) values (872056, 465027, '09:10:33', '09:10:48');
insert into VISITS (R_routeID, S_stopID, arrivalTime, departTime) values (872056, 981505, '17:50:58', '17:51:47');
insert into VISITS (R_routeID, S_stopID, arrivalTime, departTime) values (879479, 313866, '05:48:30', '05:51:04');
insert into VISITS (R_routeID, S_stopID, arrivalTime, departTime) values (879479, 488528, '13:29:34', '13:31:09');
insert into VISITS (R_routeID, S_stopID, arrivalTime, departTime) values (879479, 705846, '15:04:17', '15:05:08');
insert into VISITS (R_routeID, S_stopID, arrivalTime, departTime) values (879479, 819327, '11:51:46', '11:52:11');
insert into VISITS (R_routeID, S_stopID, arrivalTime, departTime) values (879479, 911380, '15:37:31', '15:40:04');
insert into VISITS (R_routeID, S_stopID, arrivalTime, departTime) values (879486, 338207, '13:19:25', '13:19:33');
insert into VISITS (R_routeID, S_stopID, arrivalTime, departTime) values (879486, 362086, '20:06:37', '20:09:16');
insert into VISITS (R_routeID, S_stopID, arrivalTime, departTime) values (879486, 452481, '05:37:27', '05:39:14');
insert into VISITS (R_routeID, S_stopID, arrivalTime, departTime) values (879486, 489367, '21:04:31', '21:06:57');
insert into VISITS (R_routeID, S_stopID, arrivalTime, departTime) values (879486, 882851, '14:52:38', '14:54:42');
insert into VISITS (R_routeID, S_stopID, arrivalTime, departTime) values (884370, 187306, '15:24:35', '15:26:19');
insert into VISITS (R_routeID, S_stopID, arrivalTime, departTime) values (884370, 287378, '08:33:02', '08:34:58');
insert into VISITS (R_routeID, S_stopID, arrivalTime, departTime) values (884370, 683069, '19:28:59', '19:31:20');
insert into VISITS (R_routeID, S_stopID, arrivalTime, departTime) values (884370, 835447, '14:50:07', '14:50:25');
insert into VISITS (R_routeID, S_stopID, arrivalTime, departTime) values (884370, 932899, '09:33:04', '09:33:38');
insert into VISITS (R_routeID, S_stopID, arrivalTime, departTime) values (886608, 250436, '06:21:37', '06:23:03');
insert into VISITS (R_routeID, S_stopID, arrivalTime, departTime) values (886608, 560658, '10:41:37', '10:42:34');
insert into VISITS (R_routeID, S_stopID, arrivalTime, departTime) values (886608, 609800, '06:34:05', '06:34:18');
insert into VISITS (R_routeID, S_stopID, arrivalTime, departTime) values (886608, 652344, '04:51:29', '04:52:57');
insert into VISITS (R_routeID, S_stopID, arrivalTime, departTime) values (886608, 703584, '15:25:06', '15:27:41');
insert into VISITS (R_routeID, S_stopID, arrivalTime, departTime) values (889724, 296570, '11:17:16', '11:19:34');
insert into VISITS (R_routeID, S_stopID, arrivalTime, departTime) values (889724, 313866, '08:05:01', '08:05:18');
insert into VISITS (R_routeID, S_stopID, arrivalTime, departTime) values (889724, 416369, '11:02:35', '11:05:10');
insert into VISITS (R_routeID, S_stopID, arrivalTime, departTime) values (889724, 792078, '12:36:20', '12:39:03');
insert into VISITS (R_routeID, S_stopID, arrivalTime, departTime) values (889724, 964054, '21:14:23', '21:17:03');
insert into VISITS (R_routeID, S_stopID, arrivalTime, departTime) values (911634, 258557, '14:11:11', '14:11:25');
insert into VISITS (R_routeID, S_stopID, arrivalTime, departTime) values (911634, 368010, '16:03:01', '16:04:41');
insert into VISITS (R_routeID, S_stopID, arrivalTime, departTime) values (911634, 654789, '06:29:08', '06:31:27');
insert into VISITS (R_routeID, S_stopID, arrivalTime, departTime) values (911634, 655261, '14:36:28', '14:38:22');
insert into VISITS (R_routeID, S_stopID, arrivalTime, departTime) values (911634, 858671, '20:52:02', '20:54:32');
insert into VISITS (R_routeID, S_stopID, arrivalTime, departTime) values (912460, 363997, '13:53:42', '13:54:19');
insert into VISITS (R_routeID, S_stopID, arrivalTime, departTime) values (912460, 516437, '06:27:40', '06:29:52');
insert into VISITS (R_routeID, S_stopID, arrivalTime, departTime) values (912460, 561262, '07:46:00', '07:47:41');
insert into VISITS (R_routeID, S_stopID, arrivalTime, departTime) values (912460, 649290, '14:27:20', '14:28:15');
insert into VISITS (R_routeID, S_stopID, arrivalTime, departTime) values (918178, 478174, '17:08:25', '17:10:38');
insert into VISITS (R_routeID, S_stopID, arrivalTime, departTime) values (918178, 500336, '06:03:04', '06:03:51');
insert into VISITS (R_routeID, S_stopID, arrivalTime, departTime) values (918178, 823165, '16:50:57', '16:52:17');
insert into VISITS (R_routeID, S_stopID, arrivalTime, departTime) values (918178, 830236, '16:10:07', '16:11:40');
insert into VISITS (R_routeID, S_stopID, arrivalTime, departTime) values (918178, 964054, '17:45:09', '17:46:33');
insert into VISITS (R_routeID, S_stopID, arrivalTime, departTime) values (919610, 476907, '19:17:34', '19:19:38');
insert into VISITS (R_routeID, S_stopID, arrivalTime, departTime) values (919610, 516437, '09:36:33', '09:38:52');
insert into VISITS (R_routeID, S_stopID, arrivalTime, departTime) values (919610, 707675, '10:57:42', '10:58:58');
insert into VISITS (R_routeID, S_stopID, arrivalTime, departTime) values (919610, 882851, '22:52:34', '22:52:57');
insert into VISITS (R_routeID, S_stopID, arrivalTime, departTime) values (922432, 648329, '20:00:41', '20:01:11');
insert into VISITS (R_routeID, S_stopID, arrivalTime, departTime) values (922432, 825441, '18:20:57', '18:22:44');
insert into VISITS (R_routeID, S_stopID, arrivalTime, departTime) values (922432, 866382, '14:02:23', '14:02:44');
insert into VISITS (R_routeID, S_stopID, arrivalTime, departTime) values (922432, 899260, '11:31:06', '11:31:17');
insert into VISITS (R_routeID, S_stopID, arrivalTime, departTime) values (923882, 147597, '20:49:51', '20:52:22');
insert into VISITS (R_routeID, S_stopID, arrivalTime, departTime) values (923882, 562238, '13:04:28', '13:05:17');
insert into VISITS (R_routeID, S_stopID, arrivalTime, departTime) values (923882, 649290, '06:46:01', '06:46:44');
insert into VISITS (R_routeID, S_stopID, arrivalTime, departTime) values (923882, 667941, '08:33:11', '08:33:36');
insert into VISITS (R_routeID, S_stopID, arrivalTime, departTime) values (927079, 471078, '09:57:20', '09:59:39');
insert into VISITS (R_routeID, S_stopID, arrivalTime, departTime) values (927079, 648329, '20:07:34', '20:09:56');
insert into VISITS (R_routeID, S_stopID, arrivalTime, departTime) values (927079, 749260, '18:40:41', '18:42:09');
insert into VISITS (R_routeID, S_stopID, arrivalTime, departTime) values (927079, 823165, '19:14:37', '19:16:17');
insert into VISITS (R_routeID, S_stopID, arrivalTime, departTime) values (938866, 362119, '22:04:42', '22:05:08');
insert into VISITS (R_routeID, S_stopID, arrivalTime, departTime) values (938866, 516437, '14:00:13', '14:00:50');
insert into VISITS (R_routeID, S_stopID, arrivalTime, departTime) values (938866, 823165, '07:00:16', '07:01:17');
insert into VISITS (R_routeID, S_stopID, arrivalTime, departTime) values (938866, 845341, '16:00:06', '16:02:09');
insert into VISITS (R_routeID, S_stopID, arrivalTime, departTime) values (940790, 478174, '14:16:24', '14:18:56');
insert into VISITS (R_routeID, S_stopID, arrivalTime, departTime) values (940790, 540299, '16:56:05', '16:57:56');
insert into VISITS (R_routeID, S_stopID, arrivalTime, departTime) values (940790, 648329, '21:02:36', '21:03:55');
insert into VISITS (R_routeID, S_stopID, arrivalTime, departTime) values (940790, 823165, '18:07:24', '18:09:28');
insert into VISITS (R_routeID, S_stopID, arrivalTime, departTime) values (942709, 455857, '08:15:06', '08:16:10');
insert into VISITS (R_routeID, S_stopID, arrivalTime, departTime) values (942709, 468966, '19:06:08', '19:06:50');
insert into VISITS (R_routeID, S_stopID, arrivalTime, departTime) values (942709, 611518, '14:01:44', '14:01:59');
insert into VISITS (R_routeID, S_stopID, arrivalTime, departTime) values (942709, 955462, '14:26:34', '14:28:13');
insert into VISITS (R_routeID, S_stopID, arrivalTime, departTime) values (952090, 383165, '11:55:04', '11:56:17');
insert into VISITS (R_routeID, S_stopID, arrivalTime, departTime) values (952090, 561262, '15:02:13', '15:02:37');
insert into VISITS (R_routeID, S_stopID, arrivalTime, departTime) values (952090, 842743, '19:49:36', '19:52:26');
insert into VISITS (R_routeID, S_stopID, arrivalTime, departTime) values (952090, 946827, '19:13:00', '19:13:02');
insert into VISITS (R_routeID, S_stopID, arrivalTime, departTime) values (965874, 299968, '07:37:06', '07:39:27');
insert into VISITS (R_routeID, S_stopID, arrivalTime, departTime) values (965874, 405407, '22:45:52', '22:46:19');
insert into VISITS (R_routeID, S_stopID, arrivalTime, departTime) values (965874, 821756, '13:50:22', '13:52:05');
insert into VISITS (R_routeID, S_stopID, arrivalTime, departTime) values (965874, 825441, '18:52:03', '18:53:58');
insert into VISITS (R_routeID, S_stopID, arrivalTime, departTime) values (979273, 363997, '08:00:13', '08:02:26');
insert into VISITS (R_routeID, S_stopID, arrivalTime, departTime) values (979273, 476907, '17:33:59', '17:35:13');
insert into VISITS (R_routeID, S_stopID, arrivalTime, departTime) values (979273, 667941, '14:47:49', '14:48:48');
insert into VISITS (R_routeID, S_stopID, arrivalTime, departTime) values (979273, 954060, '12:17:49', '12:17:56');
insert into VISITS (R_routeID, S_stopID, arrivalTime, departTime) values (979777, 561262, '09:49:54', '09:52:29');
insert into VISITS (R_routeID, S_stopID, arrivalTime, departTime) values (979777, 767202, '07:29:38', '07:30:36');
insert into VISITS (R_routeID, S_stopID, arrivalTime, departTime) values (979777, 847914, '15:51:41', '15:52:36');
insert into VISITS (R_routeID, S_stopID, arrivalTime, departTime) values (979777, 946827, '12:15:35', '12:17:49');
insert into VISITS (R_routeID, S_stopID, arrivalTime, departTime) values (984025, 547463, '12:43:29', '12:44:47');
insert into VISITS (R_routeID, S_stopID, arrivalTime, departTime) values (984025, 655261, '20:54:59', '20:57:09');
insert into VISITS (R_routeID, S_stopID, arrivalTime, departTime) values (984025, 866382, '06:10:21', '06:11:41');
insert into VISITS (R_routeID, S_stopID, arrivalTime, departTime) values (984025, 985310, '20:05:37', '20:08:28');
insert into VISITS (R_routeID, S_stopID, arrivalTime, departTime) values (987367, 338207, '13:25:21', '13:27:55');
insert into VISITS (R_routeID, S_stopID, arrivalTime, departTime) values (987367, 376789, '19:08:27', '19:11:05');
insert into VISITS (R_routeID, S_stopID, arrivalTime, departTime) values (987367, 819327, '16:52:49', '16:53:05');
insert into VISITS (R_routeID, S_stopID, arrivalTime, departTime) values (987367, 955462, '18:03:31', '18:03:34');
insert into VISITS (R_routeID, S_stopID, arrivalTime, departTime) values (987513, 110322, '16:33:33', '16:34:58');
insert into VISITS (R_routeID, S_stopID, arrivalTime, departTime) values (987513, 511495, '20:29:58', '20:32:18');
insert into VISITS (R_routeID, S_stopID, arrivalTime, departTime) values (987513, 620668, '05:35:04', '05:37:44');
insert into VISITS (R_routeID, S_stopID, arrivalTime, departTime) values (987513, 819177, '09:37:39', '09:38:17');
insert into VISITS (R_routeID, S_stopID, arrivalTime, departTime) values (993829, 396978, '17:05:55', '17:07:45');
insert into VISITS (R_routeID, S_stopID, arrivalTime, departTime) values (993829, 547463, '12:57:06', '12:57:14');
insert into VISITS (R_routeID, S_stopID, arrivalTime, departTime) values (993829, 698894, '20:35:13', '20:38:02');
insert into VISITS (R_routeID, S_stopID, arrivalTime, departTime) values (993829, 836056, '10:59:14', '11:00:44');

DELETE FROM SCHEDULED;
insert into SCHEDULED (R_routeID, B_busID, timeStart, timeEnd) values (101035, 46123, '22:26:44', '23:22:08');
insert into SCHEDULED (R_routeID, B_busID, timeStart, timeEnd) values (101035, 64178, '10:15:00', '11:08:48');
insert into SCHEDULED (R_routeID, B_busID, timeStart, timeEnd) values (101035, 65433, '09:29:37', '10:16:20');
insert into SCHEDULED (R_routeID, B_busID, timeStart, timeEnd) values (101035, 68761, '15:11:09', '16:11:39');
insert into SCHEDULED (R_routeID, B_busID, timeStart, timeEnd) values (101035, 97845, '04:37:27', '05:38:23');
insert into SCHEDULED (R_routeID, B_busID, timeStart, timeEnd) values (104928, 15399, '05:08:30', '05:54:59');
insert into SCHEDULED (R_routeID, B_busID, timeStart, timeEnd) values (104928, 17217, '18:20:26', '19:11:04');
insert into SCHEDULED (R_routeID, B_busID, timeStart, timeEnd) values (104928, 74917, '21:42:37', '22:40:14');
insert into SCHEDULED (R_routeID, B_busID, timeStart, timeEnd) values (104928, 86616, '08:16:01', '09:15:00');
insert into SCHEDULED (R_routeID, B_busID, timeStart, timeEnd) values (104928, 90635, '21:43:36', '22:40:33');
insert into SCHEDULED (R_routeID, B_busID, timeStart, timeEnd) values (108962, 37772, '05:48:59', '06:44:49');
insert into SCHEDULED (R_routeID, B_busID, timeStart, timeEnd) values (108962, 54469, '18:39:14', '19:34:01');
insert into SCHEDULED (R_routeID, B_busID, timeStart, timeEnd) values (108962, 61642, '19:12:08', '20:04:33');
insert into SCHEDULED (R_routeID, B_busID, timeStart, timeEnd) values (108962, 66829, '17:17:25', '18:15:04');
insert into SCHEDULED (R_routeID, B_busID, timeStart, timeEnd) values (108962, 78696, '20:22:07', '21:09:42');
insert into SCHEDULED (R_routeID, B_busID, timeStart, timeEnd) values (110156, 25350, '05:55:50', '06:45:41');
insert into SCHEDULED (R_routeID, B_busID, timeStart, timeEnd) values (110156, 37772, '16:53:15', '17:53:42');
insert into SCHEDULED (R_routeID, B_busID, timeStart, timeEnd) values (110156, 56403, '16:55:46', '17:44:40');
insert into SCHEDULED (R_routeID, B_busID, timeStart, timeEnd) values (110156, 69637, '15:29:28', '16:16:18');
insert into SCHEDULED (R_routeID, B_busID, timeStart, timeEnd) values (110156, 92141, '18:04:04', '18:59:49');
insert into SCHEDULED (R_routeID, B_busID, timeStart, timeEnd) values (110619, 12128, '05:44:17', '06:39:06');
insert into SCHEDULED (R_routeID, B_busID, timeStart, timeEnd) values (110619, 17994, '09:26:15', '10:22:27');
insert into SCHEDULED (R_routeID, B_busID, timeStart, timeEnd) values (110619, 66829, '14:47:07', '15:43:25');
insert into SCHEDULED (R_routeID, B_busID, timeStart, timeEnd) values (110619, 86505, '18:04:39', '18:59:29');
insert into SCHEDULED (R_routeID, B_busID, timeStart, timeEnd) values (110619, 99822, '06:53:29', '07:50:18');
insert into SCHEDULED (R_routeID, B_busID, timeStart, timeEnd) values (122611, 21273, '08:13:32', '09:12:19');
insert into SCHEDULED (R_routeID, B_busID, timeStart, timeEnd) values (122611, 55287, '11:23:48', '12:23:38');
insert into SCHEDULED (R_routeID, B_busID, timeStart, timeEnd) values (122611, 55593, '10:10:34', '11:08:03');
insert into SCHEDULED (R_routeID, B_busID, timeStart, timeEnd) values (122611, 64508, '16:29:38', '17:28:25');
insert into SCHEDULED (R_routeID, B_busID, timeStart, timeEnd) values (130213, 14327, '12:04:57', '12:53:08');
insert into SCHEDULED (R_routeID, B_busID, timeStart, timeEnd) values (130213, 15399, '13:09:31', '14:07:29');
insert into SCHEDULED (R_routeID, B_busID, timeStart, timeEnd) values (130213, 23943, '14:30:42', '15:25:13');
insert into SCHEDULED (R_routeID, B_busID, timeStart, timeEnd) values (130213, 82062, '08:13:02', '09:09:20');
insert into SCHEDULED (R_routeID, B_busID, timeStart, timeEnd) values (130213, 86616, '05:01:18', '06:02:02');
insert into SCHEDULED (R_routeID, B_busID, timeStart, timeEnd) values (132275, 18912, '17:33:16', '18:22:28');
insert into SCHEDULED (R_routeID, B_busID, timeStart, timeEnd) values (132275, 22555, '15:31:51', '16:17:39');
insert into SCHEDULED (R_routeID, B_busID, timeStart, timeEnd) values (132275, 23511, '19:32:40', '20:31:36');
insert into SCHEDULED (R_routeID, B_busID, timeStart, timeEnd) values (132275, 39836, '21:37:13', '22:34:37');
insert into SCHEDULED (R_routeID, B_busID, timeStart, timeEnd) values (132275, 85690, '19:18:37', '20:06:35');
insert into SCHEDULED (R_routeID, B_busID, timeStart, timeEnd) values (132774, 21273, '09:03:43', '09:54:37');
insert into SCHEDULED (R_routeID, B_busID, timeStart, timeEnd) values (132774, 22555, '12:28:33', '13:19:01');
insert into SCHEDULED (R_routeID, B_busID, timeStart, timeEnd) values (132774, 43799, '22:08:16', '22:55:19');
insert into SCHEDULED (R_routeID, B_busID, timeStart, timeEnd) values (132774, 60721, '21:08:54', '22:08:51');
insert into SCHEDULED (R_routeID, B_busID, timeStart, timeEnd) values (132774, 69637, '04:03:43', '04:55:17');
insert into SCHEDULED (R_routeID, B_busID, timeStart, timeEnd) values (133436, 29568, '09:49:58', '10:36:17');
insert into SCHEDULED (R_routeID, B_busID, timeStart, timeEnd) values (133436, 54494, '06:39:19', '07:25:41');
insert into SCHEDULED (R_routeID, B_busID, timeStart, timeEnd) values (133436, 62553, '09:52:12', '10:37:47');
insert into SCHEDULED (R_routeID, B_busID, timeStart, timeEnd) values (133436, 76647, '10:08:01', '10:56:18');
insert into SCHEDULED (R_routeID, B_busID, timeStart, timeEnd) values (133436, 79906, '05:54:14', '06:46:27');
insert into SCHEDULED (R_routeID, B_busID, timeStart, timeEnd) values (146086, 31133, '18:33:18', '19:21:51');
insert into SCHEDULED (R_routeID, B_busID, timeStart, timeEnd) values (146086, 32410, '12:09:15', '13:07:28');
insert into SCHEDULED (R_routeID, B_busID, timeStart, timeEnd) values (146086, 43206, '22:43:21', '23:38:59');
insert into SCHEDULED (R_routeID, B_busID, timeStart, timeEnd) values (146086, 58681, '20:49:39', '21:39:32');
insert into SCHEDULED (R_routeID, B_busID, timeStart, timeEnd) values (146086, 73671, '15:39:01', '16:24:25');
insert into SCHEDULED (R_routeID, B_busID, timeStart, timeEnd) values (149741, 54469, '21:04:13', '22:00:23');
insert into SCHEDULED (R_routeID, B_busID, timeStart, timeEnd) values (149741, 66829, '06:29:36', '07:18:50');
insert into SCHEDULED (R_routeID, B_busID, timeStart, timeEnd) values (149741, 78696, '06:13:11', '07:04:30');
insert into SCHEDULED (R_routeID, B_busID, timeStart, timeEnd) values (149741, 79883, '04:14:17', '04:59:42');
insert into SCHEDULED (R_routeID, B_busID, timeStart, timeEnd) values (149741, 99822, '10:00:58', '10:54:40');
insert into SCHEDULED (R_routeID, B_busID, timeStart, timeEnd) values (156393, 32594, '08:04:51', '09:01:57');
insert into SCHEDULED (R_routeID, B_busID, timeStart, timeEnd) values (156393, 43799, '13:29:10', '14:29:08');
insert into SCHEDULED (R_routeID, B_busID, timeStart, timeEnd) values (156393, 45891, '04:07:48', '04:57:11');
insert into SCHEDULED (R_routeID, B_busID, timeStart, timeEnd) values (156393, 60057, '20:49:34', '21:38:30');
insert into SCHEDULED (R_routeID, B_busID, timeStart, timeEnd) values (156393, 64183, '15:01:07', '15:46:49');
insert into SCHEDULED (R_routeID, B_busID, timeStart, timeEnd) values (159357, 17208, '11:07:42', '11:57:22');
insert into SCHEDULED (R_routeID, B_busID, timeStart, timeEnd) values (159357, 17994, '16:22:42', '17:17:25');
insert into SCHEDULED (R_routeID, B_busID, timeStart, timeEnd) values (159357, 38302, '11:20:32', '12:10:50');
insert into SCHEDULED (R_routeID, B_busID, timeStart, timeEnd) values (159357, 43799, '11:58:39', '12:44:01');
insert into SCHEDULED (R_routeID, B_busID, timeStart, timeEnd) values (159357, 64501, '12:06:21', '13:00:46');
insert into SCHEDULED (R_routeID, B_busID, timeStart, timeEnd) values (167581, 12128, '21:54:27', '22:49:21');
insert into SCHEDULED (R_routeID, B_busID, timeStart, timeEnd) values (167581, 23257, '08:30:41', '09:23:46');
insert into SCHEDULED (R_routeID, B_busID, timeStart, timeEnd) values (167581, 56403, '22:45:58', '23:33:30');
insert into SCHEDULED (R_routeID, B_busID, timeStart, timeEnd) values (167581, 73363, '04:43:07', '05:31:52');
insert into SCHEDULED (R_routeID, B_busID, timeStart, timeEnd) values (167581, 98678, '07:59:31', '08:53:38');
insert into SCHEDULED (R_routeID, B_busID, timeStart, timeEnd) values (177236, 11111, '09:14:27', '10:08:21');
insert into SCHEDULED (R_routeID, B_busID, timeStart, timeEnd) values (177236, 22222, '06:29:39', '07:27:24');
insert into SCHEDULED (R_routeID, B_busID, timeStart, timeEnd) values (177236, 33824, '17:31:03', '18:16:11');
insert into SCHEDULED (R_routeID, B_busID, timeStart, timeEnd) values (177236, 92141, '17:12:37', '17:58:48');
insert into SCHEDULED (R_routeID, B_busID, timeStart, timeEnd) values (179658, 24819, '04:41:05', '05:31:47');
insert into SCHEDULED (R_routeID, B_busID, timeStart, timeEnd) values (179658, 50521, '06:02:59', '06:50:34');
insert into SCHEDULED (R_routeID, B_busID, timeStart, timeEnd) values (179658, 56403, '18:25:52', '19:11:38');
insert into SCHEDULED (R_routeID, B_busID, timeStart, timeEnd) values (179658, 74372, '21:21:26', '22:15:04');
insert into SCHEDULED (R_routeID, B_busID, timeStart, timeEnd) values (179658, 79508, '20:55:53', '21:53:48');
insert into SCHEDULED (R_routeID, B_busID, timeStart, timeEnd) values (180058, 18912, '22:33:20', '23:23:43');
insert into SCHEDULED (R_routeID, B_busID, timeStart, timeEnd) values (180058, 21808, '10:39:41', '11:34:04');
insert into SCHEDULED (R_routeID, B_busID, timeStart, timeEnd) values (180058, 63145, '09:20:23', '10:15:22');
insert into SCHEDULED (R_routeID, B_busID, timeStart, timeEnd) values (180058, 94831, '07:50:21', '08:39:26');
insert into SCHEDULED (R_routeID, B_busID, timeStart, timeEnd) values (180058, 98678, '16:50:13', '17:36:43');
insert into SCHEDULED (R_routeID, B_busID, timeStart, timeEnd) values (188076, 29961, '08:16:17', '09:06:04');
insert into SCHEDULED (R_routeID, B_busID, timeStart, timeEnd) values (188076, 41086, '14:28:07', '15:22:55');
insert into SCHEDULED (R_routeID, B_busID, timeStart, timeEnd) values (188076, 73671, '05:04:27', '05:57:43');
insert into SCHEDULED (R_routeID, B_busID, timeStart, timeEnd) values (188076, 79883, '21:14:42', '22:11:53');
insert into SCHEDULED (R_routeID, B_busID, timeStart, timeEnd) values (188076, 97845, '13:18:24', '14:08:43');
insert into SCHEDULED (R_routeID, B_busID, timeStart, timeEnd) values (189630, 28529, '19:50:12', '20:48:58');
insert into SCHEDULED (R_routeID, B_busID, timeStart, timeEnd) values (189630, 44679, '14:25:59', '15:11:43');
insert into SCHEDULED (R_routeID, B_busID, timeStart, timeEnd) values (189630, 60721, '04:29:30', '05:23:42');
insert into SCHEDULED (R_routeID, B_busID, timeStart, timeEnd) values (189630, 73518, '07:37:31', '08:27:59');
insert into SCHEDULED (R_routeID, B_busID, timeStart, timeEnd) values (189630, 79906, '10:20:13', '11:06:08');
insert into SCHEDULED (R_routeID, B_busID, timeStart, timeEnd) values (192680, 29447, '06:29:05', '07:20:40');
insert into SCHEDULED (R_routeID, B_busID, timeStart, timeEnd) values (192680, 32410, '17:03:43', '17:52:35');
insert into SCHEDULED (R_routeID, B_busID, timeStart, timeEnd) values (192680, 44679, '17:53:46', '18:43:03');
insert into SCHEDULED (R_routeID, B_busID, timeStart, timeEnd) values (192680, 55593, '10:56:34', '11:47:04');
insert into SCHEDULED (R_routeID, B_busID, timeStart, timeEnd) values (192680, 92170, '10:47:28', '11:38:34');
insert into SCHEDULED (R_routeID, B_busID, timeStart, timeEnd) values (192685, 17217, '14:36:44', '15:33:25');
insert into SCHEDULED (R_routeID, B_busID, timeStart, timeEnd) values (192685, 23511, '06:09:26', '06:57:07');
insert into SCHEDULED (R_routeID, B_busID, timeStart, timeEnd) values (192685, 32410, '20:52:29', '21:40:45');
insert into SCHEDULED (R_routeID, B_busID, timeStart, timeEnd) values (192685, 32594, '05:54:45', '06:53:33');
insert into SCHEDULED (R_routeID, B_busID, timeStart, timeEnd) values (192685, 62553, '20:27:36', '21:17:57');
insert into SCHEDULED (R_routeID, B_busID, timeStart, timeEnd) values (195903, 12835, '19:31:38', '20:17:53');
insert into SCHEDULED (R_routeID, B_busID, timeStart, timeEnd) values (195903, 18206, '12:57:36', '13:46:49');
insert into SCHEDULED (R_routeID, B_busID, timeStart, timeEnd) values (195903, 42536, '22:55:02', '23:52:59');
insert into SCHEDULED (R_routeID, B_busID, timeStart, timeEnd) values (195903, 86131, '19:00:49', '20:00:02');
insert into SCHEDULED (R_routeID, B_busID, timeStart, timeEnd) values (195903, 99713, '06:41:16', '07:41:11');
insert into SCHEDULED (R_routeID, B_busID, timeStart, timeEnd) values (204419, 23943, '11:37:56', '12:33:57');
insert into SCHEDULED (R_routeID, B_busID, timeStart, timeEnd) values (204419, 54469, '20:06:25', '21:06:37');
insert into SCHEDULED (R_routeID, B_busID, timeStart, timeEnd) values (204419, 65433, '19:29:58', '20:22:41');
insert into SCHEDULED (R_routeID, B_busID, timeStart, timeEnd) values (204419, 83086, '15:05:02', '15:58:36');
insert into SCHEDULED (R_routeID, B_busID, timeStart, timeEnd) values (204419, 96929, '09:42:26', '10:40:28');
insert into SCHEDULED (R_routeID, B_busID, timeStart, timeEnd) values (208839, 15399, '11:29:19', '12:27:57');
insert into SCHEDULED (R_routeID, B_busID, timeStart, timeEnd) values (208839, 67829, '21:09:31', '21:55:16');
insert into SCHEDULED (R_routeID, B_busID, timeStart, timeEnd) values (208839, 84953, '11:43:03', '12:33:50');
insert into SCHEDULED (R_routeID, B_busID, timeStart, timeEnd) values (208839, 97141, '21:39:24', '22:35:36');
insert into SCHEDULED (R_routeID, B_busID, timeStart, timeEnd) values (208839, 98608, '17:11:28', '18:08:20');
insert into SCHEDULED (R_routeID, B_busID, timeStart, timeEnd) values (209428, 21273, '04:16:42', '05:04:55');
insert into SCHEDULED (R_routeID, B_busID, timeStart, timeEnd) values (209428, 76647, '05:28:34', '06:15:25');
insert into SCHEDULED (R_routeID, B_busID, timeStart, timeEnd) values (209428, 79883, '21:32:43', '22:30:07');
insert into SCHEDULED (R_routeID, B_busID, timeStart, timeEnd) values (209428, 86507, '21:12:06', '21:58:47');
insert into SCHEDULED (R_routeID, B_busID, timeStart, timeEnd) values (209428, 92170, '15:44:56', '16:34:20');
insert into SCHEDULED (R_routeID, B_busID, timeStart, timeEnd) values (210825, 14130, '12:41:28', '13:36:01');
insert into SCHEDULED (R_routeID, B_busID, timeStart, timeEnd) values (210825, 29283, '07:43:32', '08:43:38');
insert into SCHEDULED (R_routeID, B_busID, timeStart, timeEnd) values (210825, 32594, '04:04:27', '04:51:02');
insert into SCHEDULED (R_routeID, B_busID, timeStart, timeEnd) values (210825, 84953, '10:58:59', '11:46:32');
insert into SCHEDULED (R_routeID, B_busID, timeStart, timeEnd) values (210825, 86616, '09:11:52', '10:00:54');
insert into SCHEDULED (R_routeID, B_busID, timeStart, timeEnd) values (211007, 17682, '19:41:21', '20:34:30');
insert into SCHEDULED (R_routeID, B_busID, timeStart, timeEnd) values (211007, 18912, '06:53:30', '07:39:06');
insert into SCHEDULED (R_routeID, B_busID, timeStart, timeEnd) values (211007, 24517, '19:06:55', '19:56:12');
insert into SCHEDULED (R_routeID, B_busID, timeStart, timeEnd) values (211007, 26937, '19:08:42', '19:56:12');
insert into SCHEDULED (R_routeID, B_busID, timeStart, timeEnd) values (211007, 79906, '19:11:36', '19:59:26');
insert into SCHEDULED (R_routeID, B_busID, timeStart, timeEnd) values (213158, 58681, '11:01:44', '12:02:10');
insert into SCHEDULED (R_routeID, B_busID, timeStart, timeEnd) values (213158, 60057, '07:35:41', '08:28:49');
insert into SCHEDULED (R_routeID, B_busID, timeStart, timeEnd) values (213158, 68226, '21:15:20', '22:00:42');
insert into SCHEDULED (R_routeID, B_busID, timeStart, timeEnd) values (213158, 78474, '11:09:25', '11:55:36');
insert into SCHEDULED (R_routeID, B_busID, timeStart, timeEnd) values (213158, 84953, '05:40:34', '06:41:03');
insert into SCHEDULED (R_routeID, B_busID, timeStart, timeEnd) values (219658, 30588, '22:03:00', '22:51:53');
insert into SCHEDULED (R_routeID, B_busID, timeStart, timeEnd) values (219658, 71257, '20:30:15', '21:16:07');
insert into SCHEDULED (R_routeID, B_busID, timeStart, timeEnd) values (219658, 78696, '21:37:02', '22:31:17');
insert into SCHEDULED (R_routeID, B_busID, timeStart, timeEnd) values (219658, 79883, '18:03:53', '18:53:05');
insert into SCHEDULED (R_routeID, B_busID, timeStart, timeEnd) values (219658, 96929, '21:48:08', '22:44:27');
insert into SCHEDULED (R_routeID, B_busID, timeStart, timeEnd) values (224599, 64183, '13:16:06', '14:05:45');
insert into SCHEDULED (R_routeID, B_busID, timeStart, timeEnd) values (224599, 74215, '10:49:13', '11:47:16');
insert into SCHEDULED (R_routeID, B_busID, timeStart, timeEnd) values (224599, 79508, '10:17:45', '11:10:27');
insert into SCHEDULED (R_routeID, B_busID, timeStart, timeEnd) values (224599, 98678, '15:55:44', '16:49:41');
insert into SCHEDULED (R_routeID, B_busID, timeStart, timeEnd) values (224599, 99713, '08:22:00', '09:18:51');
insert into SCHEDULED (R_routeID, B_busID, timeStart, timeEnd) values (227774, 11848, '07:09:27', '08:06:42');
insert into SCHEDULED (R_routeID, B_busID, timeStart, timeEnd) values (227774, 38302, '05:36:14', '06:29:28');
insert into SCHEDULED (R_routeID, B_busID, timeStart, timeEnd) values (227774, 67829, '04:14:21', '05:14:28');
insert into SCHEDULED (R_routeID, B_busID, timeStart, timeEnd) values (227774, 74917, '12:48:52', '13:43:20');
insert into SCHEDULED (R_routeID, B_busID, timeStart, timeEnd) values (227774, 94831, '05:10:31', '06:08:05');
insert into SCHEDULED (R_routeID, B_busID, timeStart, timeEnd) values (230681, 17994, '12:37:19', '13:25:23');
insert into SCHEDULED (R_routeID, B_busID, timeStart, timeEnd) values (230681, 18766, '12:28:32', '13:23:05');
insert into SCHEDULED (R_routeID, B_busID, timeStart, timeEnd) values (230681, 31133, '21:43:57', '22:39:08');
insert into SCHEDULED (R_routeID, B_busID, timeStart, timeEnd) values (230681, 38302, '06:25:54', '07:26:27');
insert into SCHEDULED (R_routeID, B_busID, timeStart, timeEnd) values (230681, 96929, '14:39:01', '15:38:25');
insert into SCHEDULED (R_routeID, B_busID, timeStart, timeEnd) values (231937, 10488, '15:18:06', '16:09:45');
insert into SCHEDULED (R_routeID, B_busID, timeStart, timeEnd) values (231937, 17208, '21:07:48', '21:57:15');
insert into SCHEDULED (R_routeID, B_busID, timeStart, timeEnd) values (231937, 29283, '11:57:57', '12:57:15');
insert into SCHEDULED (R_routeID, B_busID, timeStart, timeEnd) values (231937, 96806, '05:42:10', '06:35:46');
insert into SCHEDULED (R_routeID, B_busID, timeStart, timeEnd) values (231937, 97845, '14:55:03', '15:47:44');
insert into SCHEDULED (R_routeID, B_busID, timeStart, timeEnd) values (234774, 41086, '20:56:10', '21:47:41');
insert into SCHEDULED (R_routeID, B_busID, timeStart, timeEnd) values (234774, 54730, '12:13:03', '13:13:10');
insert into SCHEDULED (R_routeID, B_busID, timeStart, timeEnd) values (234774, 67901, '13:28:51', '14:22:34');
insert into SCHEDULED (R_routeID, B_busID, timeStart, timeEnd) values (234774, 68684, '11:31:26', '12:21:42');
insert into SCHEDULED (R_routeID, B_busID, timeStart, timeEnd) values (234774, 75277, '12:35:47', '13:26:05');
insert into SCHEDULED (R_routeID, B_busID, timeStart, timeEnd) values (235053, 14327, '08:45:02', '09:35:17');
insert into SCHEDULED (R_routeID, B_busID, timeStart, timeEnd) values (235053, 24517, '15:48:03', '16:45:36');
insert into SCHEDULED (R_routeID, B_busID, timeStart, timeEnd) values (235053, 68761, '05:08:04', '06:03:16');
insert into SCHEDULED (R_routeID, B_busID, timeStart, timeEnd) values (235053, 82911, '15:02:41', '15:48:53');
insert into SCHEDULED (R_routeID, B_busID, timeStart, timeEnd) values (235053, 86616, '16:54:29', '17:47:57');
insert into SCHEDULED (R_routeID, B_busID, timeStart, timeEnd) values (235259, 13458, '17:01:24', '17:46:54');
insert into SCHEDULED (R_routeID, B_busID, timeStart, timeEnd) values (235259, 24517, '07:12:31', '08:09:02');
insert into SCHEDULED (R_routeID, B_busID, timeStart, timeEnd) values (235259, 38302, '08:20:09', '09:12:51');
insert into SCHEDULED (R_routeID, B_busID, timeStart, timeEnd) values (235259, 47859, '15:07:30', '16:02:09');
insert into SCHEDULED (R_routeID, B_busID, timeStart, timeEnd) values (235259, 72329, '06:07:52', '06:59:17');
insert into SCHEDULED (R_routeID, B_busID, timeStart, timeEnd) values (235888, 18912, '20:47:31', '21:35:30');
insert into SCHEDULED (R_routeID, B_busID, timeStart, timeEnd) values (235888, 42652, '12:52:47', '13:52:29');
insert into SCHEDULED (R_routeID, B_busID, timeStart, timeEnd) values (235888, 65453, '18:35:31', '19:26:02');
insert into SCHEDULED (R_routeID, B_busID, timeStart, timeEnd) values (235888, 75277, '10:52:39', '11:51:51');
insert into SCHEDULED (R_routeID, B_busID, timeStart, timeEnd) values (235888, 81789, '06:57:06', '07:43:37');
insert into SCHEDULED (R_routeID, B_busID, timeStart, timeEnd) values (241273, 17217, '11:30:14', '12:20:22');
insert into SCHEDULED (R_routeID, B_busID, timeStart, timeEnd) values (241273, 30588, '08:41:02', '09:28:07');
insert into SCHEDULED (R_routeID, B_busID, timeStart, timeEnd) values (241273, 42652, '09:52:37', '10:52:32');
insert into SCHEDULED (R_routeID, B_busID, timeStart, timeEnd) values (241273, 55287, '08:13:34', '09:01:33');
insert into SCHEDULED (R_routeID, B_busID, timeStart, timeEnd) values (241273, 64508, '11:11:16', '11:59:58');
insert into SCHEDULED (R_routeID, B_busID, timeStart, timeEnd) values (241369, 11848, '19:51:02', '20:39:32');
insert into SCHEDULED (R_routeID, B_busID, timeStart, timeEnd) values (241369, 33824, '14:02:03', '15:00:29');
insert into SCHEDULED (R_routeID, B_busID, timeStart, timeEnd) values (241369, 51660, '19:12:03', '20:06:09');
insert into SCHEDULED (R_routeID, B_busID, timeStart, timeEnd) values (241369, 68226, '18:08:39', '19:01:36');
insert into SCHEDULED (R_routeID, B_busID, timeStart, timeEnd) values (241369, 97845, '19:21:40', '20:10:43');
insert into SCHEDULED (R_routeID, B_busID, timeStart, timeEnd) values (245230, 13458, '13:26:09', '14:21:12');
insert into SCHEDULED (R_routeID, B_busID, timeStart, timeEnd) values (245230, 45891, '14:58:42', '15:49:47');
insert into SCHEDULED (R_routeID, B_busID, timeStart, timeEnd) values (245230, 54469, '08:36:03', '09:34:23');
insert into SCHEDULED (R_routeID, B_busID, timeStart, timeEnd) values (245230, 56403, '16:46:23', '17:37:56');
insert into SCHEDULED (R_routeID, B_busID, timeStart, timeEnd) values (245230, 66444, '16:42:26', '17:30:44');
insert into SCHEDULED (R_routeID, B_busID, timeStart, timeEnd) values (249489, 17217, '12:38:34', '13:30:46');
insert into SCHEDULED (R_routeID, B_busID, timeStart, timeEnd) values (249489, 30948, '10:33:20', '11:27:17');
insert into SCHEDULED (R_routeID, B_busID, timeStart, timeEnd) values (249489, 32410, '13:43:47', '14:39:27');
insert into SCHEDULED (R_routeID, B_busID, timeStart, timeEnd) values (249489, 33824, '17:59:31', '18:55:51');
insert into SCHEDULED (R_routeID, B_busID, timeStart, timeEnd) values (249489, 92170, '16:06:43', '17:04:04');
insert into SCHEDULED (R_routeID, B_busID, timeStart, timeEnd) values (251092, 15399, '18:50:13', '19:47:44');
insert into SCHEDULED (R_routeID, B_busID, timeStart, timeEnd) values (251092, 29283, '15:28:47', '16:20:31');
insert into SCHEDULED (R_routeID, B_busID, timeStart, timeEnd) values (251092, 62553, '06:37:44', '07:32:27');
insert into SCHEDULED (R_routeID, B_busID, timeStart, timeEnd) values (251092, 74372, '11:55:15', '12:52:45');
insert into SCHEDULED (R_routeID, B_busID, timeStart, timeEnd) values (251092, 84953, '07:34:28', '08:24:38');
insert into SCHEDULED (R_routeID, B_busID, timeStart, timeEnd) values (251570, 13458, '14:16:50', '15:03:43');
insert into SCHEDULED (R_routeID, B_busID, timeStart, timeEnd) values (251570, 42652, '16:28:19', '17:19:23');
insert into SCHEDULED (R_routeID, B_busID, timeStart, timeEnd) values (251570, 72750, '15:01:32', '15:52:58');
insert into SCHEDULED (R_routeID, B_busID, timeStart, timeEnd) values (251570, 96806, '07:01:13', '07:53:23');
insert into SCHEDULED (R_routeID, B_busID, timeStart, timeEnd) values (252719, 17208, '05:34:27', '06:34:02');
insert into SCHEDULED (R_routeID, B_busID, timeStart, timeEnd) values (252719, 21273, '19:22:14', '20:09:20');
insert into SCHEDULED (R_routeID, B_busID, timeStart, timeEnd) values (252719, 23257, '06:40:20', '07:28:04');
insert into SCHEDULED (R_routeID, B_busID, timeStart, timeEnd) values (252719, 66444, '18:20:31', '19:19:32');
insert into SCHEDULED (R_routeID, B_busID, timeStart, timeEnd) values (252719, 82911, '09:06:36', '10:04:52');
insert into SCHEDULED (R_routeID, B_busID, timeStart, timeEnd) values (254555, 12128, '08:08:22', '09:02:44');
insert into SCHEDULED (R_routeID, B_busID, timeStart, timeEnd) values (254555, 29447, '10:42:32', '11:42:48');
insert into SCHEDULED (R_routeID, B_busID, timeStart, timeEnd) values (254555, 50521, '21:46:26', '22:37:49');
insert into SCHEDULED (R_routeID, B_busID, timeStart, timeEnd) values (254555, 79906, '18:53:41', '19:51:24');
insert into SCHEDULED (R_routeID, B_busID, timeStart, timeEnd) values (254555, 80205, '04:34:37', '05:25:32');
insert into SCHEDULED (R_routeID, B_busID, timeStart, timeEnd) values (256405, 27401, '09:19:15', '10:15:06');
insert into SCHEDULED (R_routeID, B_busID, timeStart, timeEnd) values (256405, 30588, '11:16:46', '12:10:23');
insert into SCHEDULED (R_routeID, B_busID, timeStart, timeEnd) values (256405, 52028, '21:17:13', '22:04:26');
insert into SCHEDULED (R_routeID, B_busID, timeStart, timeEnd) values (256405, 76647, '11:39:05', '12:25:38');
insert into SCHEDULED (R_routeID, B_busID, timeStart, timeEnd) values (262146, 54494, '10:42:34', '11:32:27');
insert into SCHEDULED (R_routeID, B_busID, timeStart, timeEnd) values (262146, 60721, '06:20:14', '07:17:43');
insert into SCHEDULED (R_routeID, B_busID, timeStart, timeEnd) values (262146, 73671, '16:17:30', '17:13:52');
insert into SCHEDULED (R_routeID, B_busID, timeStart, timeEnd) values (262146, 92141, '10:43:32', '11:36:57');
insert into SCHEDULED (R_routeID, B_busID, timeStart, timeEnd) values (262146, 98678, '12:16:51', '13:09:27');
insert into SCHEDULED (R_routeID, B_busID, timeStart, timeEnd) values (263508, 12835, '04:18:56', '05:10:06');
insert into SCHEDULED (R_routeID, B_busID, timeStart, timeEnd) values (263508, 29568, '08:03:00', '08:59:16');
insert into SCHEDULED (R_routeID, B_busID, timeStart, timeEnd) values (263508, 32594, '10:39:29', '11:36:03');
insert into SCHEDULED (R_routeID, B_busID, timeStart, timeEnd) values (263508, 79883, '14:25:19', '15:12:44');
insert into SCHEDULED (R_routeID, B_busID, timeStart, timeEnd) values (263508, 82062, '09:21:10', '10:06:17');
insert into SCHEDULED (R_routeID, B_busID, timeStart, timeEnd) values (265680, 12128, '20:34:41', '21:22:37');
insert into SCHEDULED (R_routeID, B_busID, timeStart, timeEnd) values (265680, 17994, '15:26:39', '16:24:55');
insert into SCHEDULED (R_routeID, B_busID, timeStart, timeEnd) values (265680, 29447, '13:59:17', '14:54:23');
insert into SCHEDULED (R_routeID, B_busID, timeStart, timeEnd) values (265680, 49069, '08:43:25', '09:35:30');
insert into SCHEDULED (R_routeID, B_busID, timeStart, timeEnd) values (266236, 17217, '04:16:25', '05:07:27');
insert into SCHEDULED (R_routeID, B_busID, timeStart, timeEnd) values (266236, 54494, '11:41:10', '12:37:53');
insert into SCHEDULED (R_routeID, B_busID, timeStart, timeEnd) values (266236, 55287, '09:10:37', '10:05:41');
insert into SCHEDULED (R_routeID, B_busID, timeStart, timeEnd) values (266236, 66514, '13:54:23', '14:47:19');
insert into SCHEDULED (R_routeID, B_busID, timeStart, timeEnd) values (266236, 72750, '13:21:52', '14:08:18');
insert into SCHEDULED (R_routeID, B_busID, timeStart, timeEnd) values (267907, 12678, '14:29:02', '15:15:52');
insert into SCHEDULED (R_routeID, B_busID, timeStart, timeEnd) values (267907, 20868, '09:23:22', '10:13:41');
insert into SCHEDULED (R_routeID, B_busID, timeStart, timeEnd) values (267907, 53506, '21:42:18', '22:34:28');
insert into SCHEDULED (R_routeID, B_busID, timeStart, timeEnd) values (267907, 72750, '08:07:14', '08:58:07');
insert into SCHEDULED (R_routeID, B_busID, timeStart, timeEnd) values (267907, 92170, '09:22:30', '10:13:29');
insert into SCHEDULED (R_routeID, B_busID, timeStart, timeEnd) values (275163, 66444, '04:45:00', '05:38:53');
insert into SCHEDULED (R_routeID, B_busID, timeStart, timeEnd) values (275163, 74372, '21:47:32', '22:45:09');
insert into SCHEDULED (R_routeID, B_busID, timeStart, timeEnd) values (275163, 74917, '08:32:36', '09:32:04');
insert into SCHEDULED (R_routeID, B_busID, timeStart, timeEnd) values (275163, 90635, '16:44:51', '17:32:39');
insert into SCHEDULED (R_routeID, B_busID, timeStart, timeEnd) values (275163, 98414, '22:01:48', '22:56:52');
insert into SCHEDULED (R_routeID, B_busID, timeStart, timeEnd) values (275330, 10488, '15:33:08', '16:21:09');
insert into SCHEDULED (R_routeID, B_busID, timeStart, timeEnd) values (275330, 12835, '05:41:15', '06:34:32');
insert into SCHEDULED (R_routeID, B_busID, timeStart, timeEnd) values (275330, 42652, '07:17:07', '08:17:09');
insert into SCHEDULED (R_routeID, B_busID, timeStart, timeEnd) values (275330, 78696, '07:43:32', '08:31:13');
insert into SCHEDULED (R_routeID, B_busID, timeStart, timeEnd) values (275330, 86505, '04:58:27', '05:54:47');
insert into SCHEDULED (R_routeID, B_busID, timeStart, timeEnd) values (290904, 19658, '08:29:21', '09:22:26');
insert into SCHEDULED (R_routeID, B_busID, timeStart, timeEnd) values (290904, 35197, '08:08:05', '09:03:41');
insert into SCHEDULED (R_routeID, B_busID, timeStart, timeEnd) values (290904, 53108, '06:02:38', '07:01:07');
insert into SCHEDULED (R_routeID, B_busID, timeStart, timeEnd) values (290904, 54730, '14:11:54', '15:02:38');
insert into SCHEDULED (R_routeID, B_busID, timeStart, timeEnd) values (290904, 92170, '07:19:55', '08:13:05');
insert into SCHEDULED (R_routeID, B_busID, timeStart, timeEnd) values (292792, 22555, '21:28:30', '22:26:39');
insert into SCHEDULED (R_routeID, B_busID, timeStart, timeEnd) values (292792, 63145, '20:20:12', '21:06:17');
insert into SCHEDULED (R_routeID, B_busID, timeStart, timeEnd) values (292792, 64501, '04:34:23', '05:22:20');
insert into SCHEDULED (R_routeID, B_busID, timeStart, timeEnd) values (292792, 79883, '08:57:30', '09:46:46');
insert into SCHEDULED (R_routeID, B_busID, timeStart, timeEnd) values (292792, 98414, '22:35:20', '23:29:38');
insert into SCHEDULED (R_routeID, B_busID, timeStart, timeEnd) values (294163, 37772, '14:35:07', '15:36:04');
insert into SCHEDULED (R_routeID, B_busID, timeStart, timeEnd) values (294163, 45028, '17:23:28', '18:08:45');
insert into SCHEDULED (R_routeID, B_busID, timeStart, timeEnd) values (294163, 46123, '11:53:26', '12:38:27');
insert into SCHEDULED (R_routeID, B_busID, timeStart, timeEnd) values (294163, 76647, '08:14:46', '09:09:15');
insert into SCHEDULED (R_routeID, B_busID, timeStart, timeEnd) values (294163, 86131, '17:38:35', '18:23:49');
insert into SCHEDULED (R_routeID, B_busID, timeStart, timeEnd) values (294977, 35197, '05:34:17', '06:27:50');
insert into SCHEDULED (R_routeID, B_busID, timeStart, timeEnd) values (294977, 42536, '16:17:42', '17:10:04');
insert into SCHEDULED (R_routeID, B_busID, timeStart, timeEnd) values (294977, 73671, '06:50:56', '07:51:12');
insert into SCHEDULED (R_routeID, B_busID, timeStart, timeEnd) values (294977, 92141, '07:46:48', '08:44:10');
insert into SCHEDULED (R_routeID, B_busID, timeStart, timeEnd) values (294977, 97141, '12:15:47', '13:09:10');
insert into SCHEDULED (R_routeID, B_busID, timeStart, timeEnd) values (298054, 18766, '08:07:34', '08:53:00');
insert into SCHEDULED (R_routeID, B_busID, timeStart, timeEnd) values (298054, 42652, '22:33:59', '23:20:15');
insert into SCHEDULED (R_routeID, B_busID, timeStart, timeEnd) values (298054, 55287, '11:34:10', '12:26:17');
insert into SCHEDULED (R_routeID, B_busID, timeStart, timeEnd) values (298054, 58681, '17:10:12', '18:00:06');
insert into SCHEDULED (R_routeID, B_busID, timeStart, timeEnd) values (298054, 85690, '04:29:31', '05:22:12');
insert into SCHEDULED (R_routeID, B_busID, timeStart, timeEnd) values (298476, 12128, '10:16:25', '11:07:55');
insert into SCHEDULED (R_routeID, B_busID, timeStart, timeEnd) values (298476, 22167, '06:03:47', '06:59:35');
insert into SCHEDULED (R_routeID, B_busID, timeStart, timeEnd) values (298476, 73462, '18:27:00', '19:18:04');
insert into SCHEDULED (R_routeID, B_busID, timeStart, timeEnd) values (298476, 86131, '12:05:06', '12:54:50');
insert into SCHEDULED (R_routeID, B_busID, timeStart, timeEnd) values (298476, 90635, '16:12:51', '17:06:08');
insert into SCHEDULED (R_routeID, B_busID, timeStart, timeEnd) values (298748, 29283, '15:47:24', '16:45:07');
insert into SCHEDULED (R_routeID, B_busID, timeStart, timeEnd) values (298748, 32410, '08:06:14', '08:53:50');
insert into SCHEDULED (R_routeID, B_busID, timeStart, timeEnd) values (298748, 51660, '11:33:18', '12:33:19');
insert into SCHEDULED (R_routeID, B_busID, timeStart, timeEnd) values (298748, 65453, '11:35:35', '12:27:10');
insert into SCHEDULED (R_routeID, B_busID, timeStart, timeEnd) values (298748, 68226, '20:39:00', '21:29:44');
insert into SCHEDULED (R_routeID, B_busID, timeStart, timeEnd) values (302323, 28529, '09:57:48', '10:51:49');
insert into SCHEDULED (R_routeID, B_busID, timeStart, timeEnd) values (302323, 41086, '18:47:57', '19:41:53');
insert into SCHEDULED (R_routeID, B_busID, timeStart, timeEnd) values (302323, 66444, '12:43:00', '13:43:11');
insert into SCHEDULED (R_routeID, B_busID, timeStart, timeEnd) values (302323, 72341, '17:30:31', '18:21:49');
insert into SCHEDULED (R_routeID, B_busID, timeStart, timeEnd) values (302323, 99713, '18:09:29', '19:07:10');
insert into SCHEDULED (R_routeID, B_busID, timeStart, timeEnd) values (309363, 54730, '15:35:42', '16:22:47');
insert into SCHEDULED (R_routeID, B_busID, timeStart, timeEnd) values (309363, 78474, '17:12:22', '18:05:13');
insert into SCHEDULED (R_routeID, B_busID, timeStart, timeEnd) values (309363, 80205, '06:43:33', '07:38:01');
insert into SCHEDULED (R_routeID, B_busID, timeStart, timeEnd) values (309363, 88790, '11:17:16', '12:17:22');
insert into SCHEDULED (R_routeID, B_busID, timeStart, timeEnd) values (323214, 49069, '04:10:54', '04:56:22');
insert into SCHEDULED (R_routeID, B_busID, timeStart, timeEnd) values (323214, 64178, '18:25:55', '19:24:27');
insert into SCHEDULED (R_routeID, B_busID, timeStart, timeEnd) values (323214, 64501, '12:07:58', '13:06:07');
insert into SCHEDULED (R_routeID, B_busID, timeStart, timeEnd) values (323214, 78474, '07:47:43', '08:41:29');
insert into SCHEDULED (R_routeID, B_busID, timeStart, timeEnd) values (323214, 83086, '16:57:26', '17:45:01');
insert into SCHEDULED (R_routeID, B_busID, timeStart, timeEnd) values (323919, 12128, '09:39:28', '10:27:55');
insert into SCHEDULED (R_routeID, B_busID, timeStart, timeEnd) values (323919, 24819, '16:34:28', '17:24:40');
insert into SCHEDULED (R_routeID, B_busID, timeStart, timeEnd) values (323919, 26840, '21:57:55', '22:44:59');
insert into SCHEDULED (R_routeID, B_busID, timeStart, timeEnd) values (323919, 30948, '18:12:27', '19:11:46');
insert into SCHEDULED (R_routeID, B_busID, timeStart, timeEnd) values (323919, 38302, '22:04:17', '22:56:04');
insert into SCHEDULED (R_routeID, B_busID, timeStart, timeEnd) values (330812, 35197, '13:11:20', '13:58:37');
insert into SCHEDULED (R_routeID, B_busID, timeStart, timeEnd) values (330812, 37772, '09:14:34', '10:02:11');
insert into SCHEDULED (R_routeID, B_busID, timeStart, timeEnd) values (330812, 42536, '07:22:46', '08:20:09');
insert into SCHEDULED (R_routeID, B_busID, timeStart, timeEnd) values (330812, 44679, '16:41:20', '17:36:45');
insert into SCHEDULED (R_routeID, B_busID, timeStart, timeEnd) values (330812, 63145, '16:30:46', '17:31:43');
insert into SCHEDULED (R_routeID, B_busID, timeStart, timeEnd) values (335491, 22555, '06:12:33', '07:06:01');
insert into SCHEDULED (R_routeID, B_busID, timeStart, timeEnd) values (335491, 24159, '21:26:43', '22:16:23');
insert into SCHEDULED (R_routeID, B_busID, timeStart, timeEnd) values (335491, 26840, '05:43:23', '06:31:27');
insert into SCHEDULED (R_routeID, B_busID, timeStart, timeEnd) values (335491, 26937, '09:51:09', '10:43:51');
insert into SCHEDULED (R_routeID, B_busID, timeStart, timeEnd) values (335491, 64501, '07:29:02', '08:24:17');
insert into SCHEDULED (R_routeID, B_busID, timeStart, timeEnd) values (338646, 20868, '07:55:33', '08:47:55');
insert into SCHEDULED (R_routeID, B_busID, timeStart, timeEnd) values (338646, 25466, '07:57:52', '08:57:49');
insert into SCHEDULED (R_routeID, B_busID, timeStart, timeEnd) values (338646, 60576, '17:19:09', '18:14:52');
insert into SCHEDULED (R_routeID, B_busID, timeStart, timeEnd) values (338646, 69890, '13:38:44', '14:36:46');
insert into SCHEDULED (R_routeID, B_busID, timeStart, timeEnd) values (338646, 72192, '13:01:34', '13:48:23');
insert into SCHEDULED (R_routeID, B_busID, timeStart, timeEnd) values (342719, 17217, '15:39:20', '16:27:42');
insert into SCHEDULED (R_routeID, B_busID, timeStart, timeEnd) values (342719, 53108, '06:37:23', '07:26:38');
insert into SCHEDULED (R_routeID, B_busID, timeStart, timeEnd) values (342719, 60576, '10:31:46', '11:19:30');
insert into SCHEDULED (R_routeID, B_busID, timeStart, timeEnd) values (342719, 64508, '06:05:10', '07:01:47');
insert into SCHEDULED (R_routeID, B_busID, timeStart, timeEnd) values (342719, 98678, '18:46:20', '19:45:14');
insert into SCHEDULED (R_routeID, B_busID, timeStart, timeEnd) values (343836, 18766, '20:03:19', '21:03:17');
insert into SCHEDULED (R_routeID, B_busID, timeStart, timeEnd) values (343836, 19658, '14:57:24', '15:46:25');
insert into SCHEDULED (R_routeID, B_busID, timeStart, timeEnd) values (343836, 64508, '15:49:47', '16:49:32');
insert into SCHEDULED (R_routeID, B_busID, timeStart, timeEnd) values (343836, 72750, '22:31:02', '23:30:55');
insert into SCHEDULED (R_routeID, B_busID, timeStart, timeEnd) values (343836, 73671, '04:03:58', '04:53:33');
insert into SCHEDULED (R_routeID, B_busID, timeStart, timeEnd) values (352046, 22555, '15:14:25', '16:02:29');
insert into SCHEDULED (R_routeID, B_busID, timeStart, timeEnd) values (352046, 56403, '06:14:55', '07:14:42');
insert into SCHEDULED (R_routeID, B_busID, timeStart, timeEnd) values (352046, 58681, '09:52:06', '10:50:04');
insert into SCHEDULED (R_routeID, B_busID, timeStart, timeEnd) values (352046, 74917, '10:23:04', '11:23:00');
insert into SCHEDULED (R_routeID, B_busID, timeStart, timeEnd) values (352046, 82062, '11:17:38', '12:14:03');
insert into SCHEDULED (R_routeID, B_busID, timeStart, timeEnd) values (355884, 23511, '19:11:20', '20:00:56');
insert into SCHEDULED (R_routeID, B_busID, timeStart, timeEnd) values (355884, 42536, '14:21:27', '15:10:19');
insert into SCHEDULED (R_routeID, B_busID, timeStart, timeEnd) values (355884, 50521, '20:35:03', '21:32:10');
insert into SCHEDULED (R_routeID, B_busID, timeStart, timeEnd) values (355884, 53506, '15:35:16', '16:31:57');
insert into SCHEDULED (R_routeID, B_busID, timeStart, timeEnd) values (355884, 56403, '04:24:57', '05:23:11');
insert into SCHEDULED (R_routeID, B_busID, timeStart, timeEnd) values (357159, 10488, '12:27:49', '13:21:26');
insert into SCHEDULED (R_routeID, B_busID, timeStart, timeEnd) values (357159, 12678, '21:40:20', '22:40:58');
insert into SCHEDULED (R_routeID, B_busID, timeStart, timeEnd) values (357159, 22167, '08:28:13', '09:19:44');
insert into SCHEDULED (R_routeID, B_busID, timeStart, timeEnd) values (357159, 26840, '06:48:37', '07:36:01');
insert into SCHEDULED (R_routeID, B_busID, timeStart, timeEnd) values (357159, 45028, '15:22:29', '16:14:20');
insert into SCHEDULED (R_routeID, B_busID, timeStart, timeEnd) values (369737, 10488, '20:14:00', '21:05:17');
insert into SCHEDULED (R_routeID, B_busID, timeStart, timeEnd) values (369737, 41086, '05:51:25', '06:45:19');
insert into SCHEDULED (R_routeID, B_busID, timeStart, timeEnd) values (369737, 53108, '06:49:35', '07:47:28');
insert into SCHEDULED (R_routeID, B_busID, timeStart, timeEnd) values (369737, 66514, '08:39:04', '09:31:07');
insert into SCHEDULED (R_routeID, B_busID, timeStart, timeEnd) values (369737, 80205, '14:26:57', '15:12:54');
insert into SCHEDULED (R_routeID, B_busID, timeStart, timeEnd) values (370697, 22555, '19:26:53', '20:20:15');
insert into SCHEDULED (R_routeID, B_busID, timeStart, timeEnd) values (370697, 42652, '11:39:43', '12:29:02');
insert into SCHEDULED (R_routeID, B_busID, timeStart, timeEnd) values (370697, 43206, '13:49:29', '14:47:18');
insert into SCHEDULED (R_routeID, B_busID, timeStart, timeEnd) values (370697, 65433, '08:12:11', '09:06:42');
insert into SCHEDULED (R_routeID, B_busID, timeStart, timeEnd) values (370697, 74215, '11:04:54', '11:55:25');
insert into SCHEDULED (R_routeID, B_busID, timeStart, timeEnd) values (373416, 43799, '14:17:32', '15:09:43');
insert into SCHEDULED (R_routeID, B_busID, timeStart, timeEnd) values (373416, 74917, '13:03:32', '13:50:30');
insert into SCHEDULED (R_routeID, B_busID, timeStart, timeEnd) values (373416, 86616, '18:15:30', '19:02:44');
insert into SCHEDULED (R_routeID, B_busID, timeStart, timeEnd) values (373416, 96929, '10:44:35', '11:38:00');
insert into SCHEDULED (R_routeID, B_busID, timeStart, timeEnd) values (373416, 98009, '16:30:55', '17:17:15');
insert into SCHEDULED (R_routeID, B_busID, timeStart, timeEnd) values (379028, 29283, '20:30:12', '21:20:59');
insert into SCHEDULED (R_routeID, B_busID, timeStart, timeEnd) values (379028, 33824, '14:45:31', '15:36:51');
insert into SCHEDULED (R_routeID, B_busID, timeStart, timeEnd) values (379028, 45891, '17:53:53', '18:42:56');
insert into SCHEDULED (R_routeID, B_busID, timeStart, timeEnd) values (379028, 88790, '20:44:21', '21:34:54');
insert into SCHEDULED (R_routeID, B_busID, timeStart, timeEnd) values (379028, 92141, '12:50:01', '13:42:44');
insert into SCHEDULED (R_routeID, B_busID, timeStart, timeEnd) values (381852, 38302, '16:20:15', '17:11:57');
insert into SCHEDULED (R_routeID, B_busID, timeStart, timeEnd) values (381852, 56403, '10:04:36', '11:03:38');
insert into SCHEDULED (R_routeID, B_busID, timeStart, timeEnd) values (381852, 66829, '07:29:22', '08:28:41');
insert into SCHEDULED (R_routeID, B_busID, timeStart, timeEnd) values (381852, 92170, '07:24:55', '08:20:46');
insert into SCHEDULED (R_routeID, B_busID, timeStart, timeEnd) values (381852, 98414, '18:38:35', '19:30:47');
insert into SCHEDULED (R_routeID, B_busID, timeStart, timeEnd) values (383667, 28529, '13:13:17', '14:04:07');
insert into SCHEDULED (R_routeID, B_busID, timeStart, timeEnd) values (383667, 32410, '14:26:17', '15:14:52');
insert into SCHEDULED (R_routeID, B_busID, timeStart, timeEnd) values (383667, 43799, '17:05:41', '17:53:52');
insert into SCHEDULED (R_routeID, B_busID, timeStart, timeEnd) values (383667, 73363, '04:37:52', '05:28:39');
insert into SCHEDULED (R_routeID, B_busID, timeStart, timeEnd) values (383667, 73462, '14:17:28', '15:15:59');
insert into SCHEDULED (R_routeID, B_busID, timeStart, timeEnd) values (394165, 18206, '22:01:22', '22:52:15');
insert into SCHEDULED (R_routeID, B_busID, timeStart, timeEnd) values (394165, 29961, '05:30:56', '06:25:45');
insert into SCHEDULED (R_routeID, B_busID, timeStart, timeEnd) values (394165, 49069, '22:41:01', '23:40:16');
insert into SCHEDULED (R_routeID, B_busID, timeStart, timeEnd) values (394165, 60721, '13:35:35', '14:22:25');
insert into SCHEDULED (R_routeID, B_busID, timeStart, timeEnd) values (394165, 86131, '17:25:16', '18:24:12');
insert into SCHEDULED (R_routeID, B_busID, timeStart, timeEnd) values (396209, 46123, '17:04:28', '17:56:02');
insert into SCHEDULED (R_routeID, B_busID, timeStart, timeEnd) values (396209, 69890, '14:38:09', '15:32:37');
insert into SCHEDULED (R_routeID, B_busID, timeStart, timeEnd) values (396209, 75277, '16:19:47', '17:05:40');
insert into SCHEDULED (R_routeID, B_busID, timeStart, timeEnd) values (396209, 79883, '10:24:35', '11:16:52');
insert into SCHEDULED (R_routeID, B_busID, timeStart, timeEnd) values (396209, 92170, '07:23:15', '08:18:54');
insert into SCHEDULED (R_routeID, B_busID, timeStart, timeEnd) values (408770, 54730, '21:33:55', '22:23:23');
insert into SCHEDULED (R_routeID, B_busID, timeStart, timeEnd) values (408770, 62553, '18:42:06', '19:31:11');
insert into SCHEDULED (R_routeID, B_busID, timeStart, timeEnd) values (408770, 67829, '15:38:48', '16:35:20');
insert into SCHEDULED (R_routeID, B_busID, timeStart, timeEnd) values (408770, 68226, '21:48:10', '22:38:32');
insert into SCHEDULED (R_routeID, B_busID, timeStart, timeEnd) values (408770, 79883, '16:18:07', '17:17:56');
insert into SCHEDULED (R_routeID, B_busID, timeStart, timeEnd) values (410086, 22222, '07:40:31', '08:37:25');
insert into SCHEDULED (R_routeID, B_busID, timeStart, timeEnd) values (410086, 27401, '16:24:17', '17:14:30');
insert into SCHEDULED (R_routeID, B_busID, timeStart, timeEnd) values (410086, 30588, '13:05:15', '13:50:53');
insert into SCHEDULED (R_routeID, B_busID, timeStart, timeEnd) values (410086, 37772, '22:44:18', '23:40:38');
insert into SCHEDULED (R_routeID, B_busID, timeStart, timeEnd) values (410086, 82062, '16:03:57', '16:54:17');
insert into SCHEDULED (R_routeID, B_busID, timeStart, timeEnd) values (410633, 22222, '13:07:36', '14:03:58');
insert into SCHEDULED (R_routeID, B_busID, timeStart, timeEnd) values (410633, 52028, '18:10:27', '19:02:16');
insert into SCHEDULED (R_routeID, B_busID, timeStart, timeEnd) values (410633, 61642, '13:24:01', '14:11:13');
insert into SCHEDULED (R_routeID, B_busID, timeStart, timeEnd) values (410633, 66514, '12:31:11', '13:19:37');
insert into SCHEDULED (R_routeID, B_busID, timeStart, timeEnd) values (410633, 73462, '14:18:44', '15:09:45');
insert into SCHEDULED (R_routeID, B_busID, timeStart, timeEnd) values (418918, 17682, '09:47:12', '10:40:20');
insert into SCHEDULED (R_routeID, B_busID, timeStart, timeEnd) values (418918, 22167, '13:37:04', '14:36:13');
insert into SCHEDULED (R_routeID, B_busID, timeStart, timeEnd) values (418918, 30948, '09:12:25', '10:04:54');
insert into SCHEDULED (R_routeID, B_busID, timeStart, timeEnd) values (418918, 43206, '11:29:04', '12:20:54');
insert into SCHEDULED (R_routeID, B_busID, timeStart, timeEnd) values (418918, 78474, '04:12:30', '05:02:57');
insert into SCHEDULED (R_routeID, B_busID, timeStart, timeEnd) values (421540, 22222, '22:29:29', '23:29:43');
insert into SCHEDULED (R_routeID, B_busID, timeStart, timeEnd) values (421540, 32410, '04:47:39', '05:36:56');
insert into SCHEDULED (R_routeID, B_busID, timeStart, timeEnd) values (421540, 54494, '16:33:46', '17:33:02');
insert into SCHEDULED (R_routeID, B_busID, timeStart, timeEnd) values (421540, 79883, '12:55:17', '13:51:20');
insert into SCHEDULED (R_routeID, B_busID, timeStart, timeEnd) values (421540, 86507, '15:48:14', '16:34:16');
insert into SCHEDULED (R_routeID, B_busID, timeStart, timeEnd) values (441180, 52838, '11:35:21', '12:24:53');
insert into SCHEDULED (R_routeID, B_busID, timeStart, timeEnd) values (441180, 54494, '05:32:15', '06:28:29');
insert into SCHEDULED (R_routeID, B_busID, timeStart, timeEnd) values (441180, 60057, '19:33:49', '20:28:35');
insert into SCHEDULED (R_routeID, B_busID, timeStart, timeEnd) values (441180, 82062, '12:54:05', '13:54:39');
insert into SCHEDULED (R_routeID, B_busID, timeStart, timeEnd) values (441180, 85843, '04:04:47', '05:00:12');
insert into SCHEDULED (R_routeID, B_busID, timeStart, timeEnd) values (447354, 24819, '08:46:31', '09:36:53');
insert into SCHEDULED (R_routeID, B_busID, timeStart, timeEnd) values (447354, 49069, '21:11:45', '21:57:47');
insert into SCHEDULED (R_routeID, B_busID, timeStart, timeEnd) values (447354, 55287, '18:45:16', '19:41:42');
insert into SCHEDULED (R_routeID, B_busID, timeStart, timeEnd) values (447354, 92170, '09:25:57', '10:12:10');
insert into SCHEDULED (R_routeID, B_busID, timeStart, timeEnd) values (449891, 12128, '07:24:29', '08:12:06');
insert into SCHEDULED (R_routeID, B_busID, timeStart, timeEnd) values (449891, 24517, '21:47:33', '22:41:02');
insert into SCHEDULED (R_routeID, B_busID, timeStart, timeEnd) values (449891, 42536, '16:45:01', '17:36:11');
insert into SCHEDULED (R_routeID, B_busID, timeStart, timeEnd) values (449891, 53506, '14:13:56', '15:06:35');
insert into SCHEDULED (R_routeID, B_busID, timeStart, timeEnd) values (449891, 63145, '13:39:01', '14:27:59');
insert into SCHEDULED (R_routeID, B_busID, timeStart, timeEnd) values (451168, 21808, '22:25:07', '23:25:59');
insert into SCHEDULED (R_routeID, B_busID, timeStart, timeEnd) values (451168, 51660, '20:41:51', '21:29:28');
insert into SCHEDULED (R_routeID, B_busID, timeStart, timeEnd) values (451168, 55593, '14:06:43', '14:53:13');
insert into SCHEDULED (R_routeID, B_busID, timeStart, timeEnd) values (451168, 72192, '08:17:40', '09:13:28');
insert into SCHEDULED (R_routeID, B_busID, timeStart, timeEnd) values (451168, 72750, '21:45:24', '22:42:49');
insert into SCHEDULED (R_routeID, B_busID, timeStart, timeEnd) values (453830, 17682, '15:12:53', '15:58:37');
insert into SCHEDULED (R_routeID, B_busID, timeStart, timeEnd) values (453830, 29447, '05:46:34', '06:38:57');
insert into SCHEDULED (R_routeID, B_busID, timeStart, timeEnd) values (453830, 49069, '14:32:18', '15:29:36');
insert into SCHEDULED (R_routeID, B_busID, timeStart, timeEnd) values (453830, 73363, '14:50:02', '15:40:10');
insert into SCHEDULED (R_routeID, B_busID, timeStart, timeEnd) values (453830, 99822, '07:39:29', '08:30:51');
insert into SCHEDULED (R_routeID, B_busID, timeStart, timeEnd) values (455063, 17208, '14:30:28', '15:27:55');
insert into SCHEDULED (R_routeID, B_busID, timeStart, timeEnd) values (455063, 23511, '04:39:23', '05:25:54');
insert into SCHEDULED (R_routeID, B_busID, timeStart, timeEnd) values (455063, 43206, '07:09:55', '08:06:04');
insert into SCHEDULED (R_routeID, B_busID, timeStart, timeEnd) values (455063, 64501, '09:54:30', '10:51:53');
insert into SCHEDULED (R_routeID, B_busID, timeStart, timeEnd) values (455063, 83086, '12:41:42', '13:41:31');
insert into SCHEDULED (R_routeID, B_busID, timeStart, timeEnd) values (457296, 17994, '06:30:57', '07:26:31');
insert into SCHEDULED (R_routeID, B_busID, timeStart, timeEnd) values (457296, 45891, '09:53:07', '10:53:52');
insert into SCHEDULED (R_routeID, B_busID, timeStart, timeEnd) values (457296, 54469, '05:17:57', '06:11:30');
insert into SCHEDULED (R_routeID, B_busID, timeStart, timeEnd) values (457296, 83086, '09:33:53', '10:32:17');
insert into SCHEDULED (R_routeID, B_busID, timeStart, timeEnd) values (457296, 99713, '16:51:17', '17:47:59');
insert into SCHEDULED (R_routeID, B_busID, timeStart, timeEnd) values (458322, 35197, '20:23:52', '21:20:08');
insert into SCHEDULED (R_routeID, B_busID, timeStart, timeEnd) values (458322, 39836, '10:11:56', '11:11:50');
insert into SCHEDULED (R_routeID, B_busID, timeStart, timeEnd) values (458322, 49069, '06:15:43', '07:06:13');
insert into SCHEDULED (R_routeID, B_busID, timeStart, timeEnd) values (458322, 61642, '09:43:44', '10:30:32');
insert into SCHEDULED (R_routeID, B_busID, timeStart, timeEnd) values (458322, 74372, '17:53:07', '18:46:53');
insert into SCHEDULED (R_routeID, B_busID, timeStart, timeEnd) values (467691, 39836, '07:50:53', '08:39:08');
insert into SCHEDULED (R_routeID, B_busID, timeStart, timeEnd) values (467691, 60057, '06:48:21', '07:37:50');
insert into SCHEDULED (R_routeID, B_busID, timeStart, timeEnd) values (467691, 77162, '07:22:58', '08:12:13');
insert into SCHEDULED (R_routeID, B_busID, timeStart, timeEnd) values (467691, 85690, '06:06:40', '06:59:02');
insert into SCHEDULED (R_routeID, B_busID, timeStart, timeEnd) values (467691, 92170, '15:20:56', '16:07:55');
insert into SCHEDULED (R_routeID, B_busID, timeStart, timeEnd) values (469915, 42536, '20:16:08', '21:09:11');
insert into SCHEDULED (R_routeID, B_busID, timeStart, timeEnd) values (469915, 53506, '16:17:58', '17:10:07');
insert into SCHEDULED (R_routeID, B_busID, timeStart, timeEnd) values (469915, 67829, '18:25:26', '19:14:42');
insert into SCHEDULED (R_routeID, B_busID, timeStart, timeEnd) values (469915, 86616, '04:25:45', '05:16:30');
insert into SCHEDULED (R_routeID, B_busID, timeStart, timeEnd) values (469915, 92141, '14:17:35', '15:18:27');
insert into SCHEDULED (R_routeID, B_busID, timeStart, timeEnd) values (473410, 18766, '08:35:14', '09:32:06');
insert into SCHEDULED (R_routeID, B_busID, timeStart, timeEnd) values (473410, 26937, '09:58:58', '10:51:03');
insert into SCHEDULED (R_routeID, B_busID, timeStart, timeEnd) values (473410, 56403, '22:45:16', '23:30:34');
insert into SCHEDULED (R_routeID, B_busID, timeStart, timeEnd) values (473410, 69890, '22:51:55', '23:46:21');
insert into SCHEDULED (R_routeID, B_busID, timeStart, timeEnd) values (473410, 97845, '12:04:11', '12:53:15');
insert into SCHEDULED (R_routeID, B_busID, timeStart, timeEnd) values (477696, 21273, '06:57:41', '07:44:18');
insert into SCHEDULED (R_routeID, B_busID, timeStart, timeEnd) values (477696, 33824, '22:32:31', '23:20:37');
insert into SCHEDULED (R_routeID, B_busID, timeStart, timeEnd) values (477696, 85690, '13:26:04', '14:22:20');
insert into SCHEDULED (R_routeID, B_busID, timeStart, timeEnd) values (477696, 85843, '13:50:49', '14:43:47');
insert into SCHEDULED (R_routeID, B_busID, timeStart, timeEnd) values (477696, 86505, '18:08:28', '18:57:02');
insert into SCHEDULED (R_routeID, B_busID, timeStart, timeEnd) values (486348, 18766, '17:26:31', '18:24:49');
insert into SCHEDULED (R_routeID, B_busID, timeStart, timeEnd) values (486348, 38302, '22:00:49', '22:57:09');
insert into SCHEDULED (R_routeID, B_busID, timeStart, timeEnd) values (486348, 43799, '14:54:59', '15:47:35');
insert into SCHEDULED (R_routeID, B_busID, timeStart, timeEnd) values (486348, 72329, '09:50:38', '10:43:56');
insert into SCHEDULED (R_routeID, B_busID, timeStart, timeEnd) values (486348, 85843, '09:09:19', '10:09:55');
insert into SCHEDULED (R_routeID, B_busID, timeStart, timeEnd) values (486554, 45891, '18:30:55', '19:20:31');
insert into SCHEDULED (R_routeID, B_busID, timeStart, timeEnd) values (486554, 65433, '10:36:43', '11:32:48');
insert into SCHEDULED (R_routeID, B_busID, timeStart, timeEnd) values (486554, 73518, '12:12:40', '13:09:52');
insert into SCHEDULED (R_routeID, B_busID, timeStart, timeEnd) values (486554, 73671, '06:45:59', '07:33:54');
insert into SCHEDULED (R_routeID, B_busID, timeStart, timeEnd) values (486554, 78851, '08:48:00', '09:45:37');
insert into SCHEDULED (R_routeID, B_busID, timeStart, timeEnd) values (487657, 29568, '16:17:31', '17:17:22');
insert into SCHEDULED (R_routeID, B_busID, timeStart, timeEnd) values (487657, 43206, '15:39:35', '16:27:22');
insert into SCHEDULED (R_routeID, B_busID, timeStart, timeEnd) values (487657, 53506, '05:19:36', '06:17:49');
insert into SCHEDULED (R_routeID, B_busID, timeStart, timeEnd) values (487657, 74372, '09:59:38', '10:53:02');
insert into SCHEDULED (R_routeID, B_busID, timeStart, timeEnd) values (487657, 97845, '04:32:49', '05:23:14');
insert into SCHEDULED (R_routeID, B_busID, timeStart, timeEnd) values (487907, 12678, '17:11:57', '18:10:18');
insert into SCHEDULED (R_routeID, B_busID, timeStart, timeEnd) values (487907, 24819, '06:43:28', '07:42:08');
insert into SCHEDULED (R_routeID, B_busID, timeStart, timeEnd) values (487907, 31133, '06:54:55', '07:52:13');
insert into SCHEDULED (R_routeID, B_busID, timeStart, timeEnd) values (487907, 73363, '15:19:54', '16:18:25');
insert into SCHEDULED (R_routeID, B_busID, timeStart, timeEnd) values (487907, 85843, '19:34:23', '20:20:59');
insert into SCHEDULED (R_routeID, B_busID, timeStart, timeEnd) values (504565, 18206, '20:37:41', '21:27:55');
insert into SCHEDULED (R_routeID, B_busID, timeStart, timeEnd) values (504565, 28529, '07:50:47', '08:49:28');
insert into SCHEDULED (R_routeID, B_busID, timeStart, timeEnd) values (504565, 44679, '08:28:54', '09:20:08');
insert into SCHEDULED (R_routeID, B_busID, timeStart, timeEnd) values (504565, 64178, '19:26:46', '20:14:31');
insert into SCHEDULED (R_routeID, B_busID, timeStart, timeEnd) values (504565, 69637, '10:36:10', '11:31:55');
insert into SCHEDULED (R_routeID, B_busID, timeStart, timeEnd) values (506300, 28529, '04:28:04', '05:24:21');
insert into SCHEDULED (R_routeID, B_busID, timeStart, timeEnd) values (506300, 49650, '18:34:42', '19:28:54');
insert into SCHEDULED (R_routeID, B_busID, timeStart, timeEnd) values (506300, 51660, '18:23:32', '19:11:40');
insert into SCHEDULED (R_routeID, B_busID, timeStart, timeEnd) values (506300, 82062, '17:22:42', '18:13:11');
insert into SCHEDULED (R_routeID, B_busID, timeStart, timeEnd) values (506300, 96806, '15:59:34', '16:59:35');
insert into SCHEDULED (R_routeID, B_busID, timeStart, timeEnd) values (518090, 23257, '10:18:47', '11:09:43');
insert into SCHEDULED (R_routeID, B_busID, timeStart, timeEnd) values (518090, 53506, '16:38:30', '17:27:32');
insert into SCHEDULED (R_routeID, B_busID, timeStart, timeEnd) values (518090, 56403, '22:48:38', '23:38:45');
insert into SCHEDULED (R_routeID, B_busID, timeStart, timeEnd) values (518090, 57153, '10:55:38', '11:47:04');
insert into SCHEDULED (R_routeID, B_busID, timeStart, timeEnd) values (518090, 76647, '21:30:11', '22:23:35');
insert into SCHEDULED (R_routeID, B_busID, timeStart, timeEnd) values (521003, 22555, '21:32:42', '22:33:26');
insert into SCHEDULED (R_routeID, B_busID, timeStart, timeEnd) values (521003, 53506, '21:39:36', '22:31:06');
insert into SCHEDULED (R_routeID, B_busID, timeStart, timeEnd) values (521003, 76647, '05:00:05', '05:59:37');
insert into SCHEDULED (R_routeID, B_busID, timeStart, timeEnd) values (521003, 96806, '21:51:35', '22:47:48');
insert into SCHEDULED (R_routeID, B_busID, timeStart, timeEnd) values (521003, 98009, '19:41:41', '20:29:20');
insert into SCHEDULED (R_routeID, B_busID, timeStart, timeEnd) values (521690, 12835, '19:23:43', '20:10:20');
insert into SCHEDULED (R_routeID, B_busID, timeStart, timeEnd) values (521690, 17208, '07:55:58', '08:52:18');
insert into SCHEDULED (R_routeID, B_busID, timeStart, timeEnd) values (521690, 17217, '12:02:16', '12:56:59');
insert into SCHEDULED (R_routeID, B_busID, timeStart, timeEnd) values (521690, 68226, '06:17:50', '07:07:54');
insert into SCHEDULED (R_routeID, B_busID, timeStart, timeEnd) values (521690, 72192, '09:35:53', '10:22:30');
insert into SCHEDULED (R_routeID, B_busID, timeStart, timeEnd) values (536984, 19658, '14:34:27', '15:25:34');
insert into SCHEDULED (R_routeID, B_busID, timeStart, timeEnd) values (536984, 22167, '20:31:23', '21:16:43');
insert into SCHEDULED (R_routeID, B_busID, timeStart, timeEnd) values (536984, 63145, '20:54:30', '21:51:43');
insert into SCHEDULED (R_routeID, B_busID, timeStart, timeEnd) values (536984, 86131, '17:03:10', '18:04:02');
insert into SCHEDULED (R_routeID, B_busID, timeStart, timeEnd) values (536984, 92141, '10:48:59', '11:44:12');
insert into SCHEDULED (R_routeID, B_busID, timeStart, timeEnd) values (542287, 13458, '14:25:12', '15:16:30');
insert into SCHEDULED (R_routeID, B_busID, timeStart, timeEnd) values (542287, 17208, '04:30:37', '05:19:04');
insert into SCHEDULED (R_routeID, B_busID, timeStart, timeEnd) values (542287, 28529, '13:57:57', '14:53:26');
insert into SCHEDULED (R_routeID, B_busID, timeStart, timeEnd) values (542287, 29961, '07:57:22', '08:44:58');
insert into SCHEDULED (R_routeID, B_busID, timeStart, timeEnd) values (542287, 47859, '15:06:12', '16:04:39');
insert into SCHEDULED (R_routeID, B_busID, timeStart, timeEnd) values (544019, 12128, '18:32:25', '19:23:37');
insert into SCHEDULED (R_routeID, B_busID, timeStart, timeEnd) values (544019, 21273, '09:55:09', '10:49:23');
insert into SCHEDULED (R_routeID, B_busID, timeStart, timeEnd) values (544019, 33824, '07:00:03', '07:57:07');
insert into SCHEDULED (R_routeID, B_busID, timeStart, timeEnd) values (544019, 60721, '12:42:31', '13:36:58');
insert into SCHEDULED (R_routeID, B_busID, timeStart, timeEnd) values (544019, 79906, '17:55:10', '18:53:38');
insert into SCHEDULED (R_routeID, B_busID, timeStart, timeEnd) values (544558, 18912, '10:18:52', '11:16:14');
insert into SCHEDULED (R_routeID, B_busID, timeStart, timeEnd) values (544558, 24517, '08:00:02', '08:58:29');
insert into SCHEDULED (R_routeID, B_busID, timeStart, timeEnd) values (544558, 35197, '18:55:50', '19:42:20');
insert into SCHEDULED (R_routeID, B_busID, timeStart, timeEnd) values (544558, 74215, '14:00:47', '14:54:53');
insert into SCHEDULED (R_routeID, B_busID, timeStart, timeEnd) values (544558, 74917, '10:17:42', '11:10:31');
insert into SCHEDULED (R_routeID, B_busID, timeStart, timeEnd) values (549780, 42652, '19:53:13', '20:49:23');
insert into SCHEDULED (R_routeID, B_busID, timeStart, timeEnd) values (549780, 49069, '19:40:39', '20:35:31');
insert into SCHEDULED (R_routeID, B_busID, timeStart, timeEnd) values (549780, 64178, '15:57:00', '16:51:50');
insert into SCHEDULED (R_routeID, B_busID, timeStart, timeEnd) values (549780, 86616, '22:41:29', '23:30:59');
insert into SCHEDULED (R_routeID, B_busID, timeStart, timeEnd) values (549780, 92170, '22:08:04', '23:06:45');
insert into SCHEDULED (R_routeID, B_busID, timeStart, timeEnd) values (553537, 17682, '08:45:16', '09:31:20');
insert into SCHEDULED (R_routeID, B_busID, timeStart, timeEnd) values (553537, 28529, '18:36:22', '19:24:25');
insert into SCHEDULED (R_routeID, B_busID, timeStart, timeEnd) values (553537, 66829, '09:06:50', '10:04:11');
insert into SCHEDULED (R_routeID, B_busID, timeStart, timeEnd) values (553537, 72341, '10:59:13', '11:58:11');
insert into SCHEDULED (R_routeID, B_busID, timeStart, timeEnd) values (553537, 78696, '19:01:22', '19:51:24');
insert into SCHEDULED (R_routeID, B_busID, timeStart, timeEnd) values (555928, 12835, '13:57:27', '14:57:43');
insert into SCHEDULED (R_routeID, B_busID, timeStart, timeEnd) values (555928, 62553, '09:46:01', '10:42:34');
insert into SCHEDULED (R_routeID, B_busID, timeStart, timeEnd) values (555928, 72192, '21:39:48', '22:32:49');
insert into SCHEDULED (R_routeID, B_busID, timeStart, timeEnd) values (555928, 82911, '18:43:02', '19:30:15');
insert into SCHEDULED (R_routeID, B_busID, timeStart, timeEnd) values (555928, 98608, '07:34:23', '08:33:14');
insert into SCHEDULED (R_routeID, B_busID, timeStart, timeEnd) values (561351, 17994, '16:47:41', '17:48:30');
insert into SCHEDULED (R_routeID, B_busID, timeStart, timeEnd) values (561351, 46123, '05:05:55', '05:55:40');
insert into SCHEDULED (R_routeID, B_busID, timeStart, timeEnd) values (561351, 69637, '10:37:17', '11:32:03');
insert into SCHEDULED (R_routeID, B_busID, timeStart, timeEnd) values (561351, 97141, '10:39:09', '11:27:43');
insert into SCHEDULED (R_routeID, B_busID, timeStart, timeEnd) values (561351, 99822, '20:37:18', '21:36:29');
insert into SCHEDULED (R_routeID, B_busID, timeStart, timeEnd) values (562315, 29961, '20:48:15', '21:37:17');
insert into SCHEDULED (R_routeID, B_busID, timeStart, timeEnd) values (562315, 49650, '05:18:53', '06:19:01');
insert into SCHEDULED (R_routeID, B_busID, timeStart, timeEnd) values (562315, 59881, '20:48:02', '21:38:15');
insert into SCHEDULED (R_routeID, B_busID, timeStart, timeEnd) values (562315, 61642, '11:27:17', '12:12:27');
insert into SCHEDULED (R_routeID, B_busID, timeStart, timeEnd) values (562315, 96806, '05:34:50', '06:21:01');
insert into SCHEDULED (R_routeID, B_busID, timeStart, timeEnd) values (564556, 30588, '19:49:55', '20:48:04');
insert into SCHEDULED (R_routeID, B_busID, timeStart, timeEnd) values (564556, 41086, '07:53:05', '08:49:46');
insert into SCHEDULED (R_routeID, B_busID, timeStart, timeEnd) values (564556, 44679, '12:09:31', '13:05:11');
insert into SCHEDULED (R_routeID, B_busID, timeStart, timeEnd) values (564556, 67829, '15:46:32', '16:46:14');
insert into SCHEDULED (R_routeID, B_busID, timeStart, timeEnd) values (564556, 72341, '19:08:48', '20:05:51');
insert into SCHEDULED (R_routeID, B_busID, timeStart, timeEnd) values (580300, 15399, '09:57:38', '10:44:58');
insert into SCHEDULED (R_routeID, B_busID, timeStart, timeEnd) values (580300, 32410, '06:00:29', '06:52:27');
insert into SCHEDULED (R_routeID, B_busID, timeStart, timeEnd) values (580300, 60721, '09:10:42', '10:04:52');
insert into SCHEDULED (R_routeID, B_busID, timeStart, timeEnd) values (580300, 83086, '09:42:32', '10:41:49');
insert into SCHEDULED (R_routeID, B_busID, timeStart, timeEnd) values (580300, 88790, '20:47:24', '21:38:20');
insert into SCHEDULED (R_routeID, B_busID, timeStart, timeEnd) values (583825, 31133, '12:15:25', '13:03:46');
insert into SCHEDULED (R_routeID, B_busID, timeStart, timeEnd) values (583825, 72750, '21:39:23', '22:34:24');
insert into SCHEDULED (R_routeID, B_busID, timeStart, timeEnd) values (583825, 73518, '09:51:14', '10:39:49');
insert into SCHEDULED (R_routeID, B_busID, timeStart, timeEnd) values (583825, 85690, '09:13:56', '10:10:43');
insert into SCHEDULED (R_routeID, B_busID, timeStart, timeEnd) values (583825, 97845, '11:10:37', '12:03:23');
insert into SCHEDULED (R_routeID, B_busID, timeStart, timeEnd) values (585345, 14130, '18:16:23', '19:02:15');
insert into SCHEDULED (R_routeID, B_busID, timeStart, timeEnd) values (585345, 42536, '09:13:05', '10:04:37');
insert into SCHEDULED (R_routeID, B_busID, timeStart, timeEnd) values (585345, 64501, '20:44:19', '21:36:31');
insert into SCHEDULED (R_routeID, B_busID, timeStart, timeEnd) values (585345, 86616, '20:41:14', '21:31:39');
insert into SCHEDULED (R_routeID, B_busID, timeStart, timeEnd) values (585345, 97141, '22:28:45', '23:29:18');
insert into SCHEDULED (R_routeID, B_busID, timeStart, timeEnd) values (595584, 29568, '19:52:08', '20:47:00');
insert into SCHEDULED (R_routeID, B_busID, timeStart, timeEnd) values (595584, 45028, '20:30:16', '21:26:19');
insert into SCHEDULED (R_routeID, B_busID, timeStart, timeEnd) values (595584, 47859, '07:15:08', '08:11:32');
insert into SCHEDULED (R_routeID, B_busID, timeStart, timeEnd) values (595584, 49069, '14:57:16', '15:54:32');
insert into SCHEDULED (R_routeID, B_busID, timeStart, timeEnd) values (595584, 80205, '14:59:50', '15:53:41');
insert into SCHEDULED (R_routeID, B_busID, timeStart, timeEnd) values (598969, 20868, '19:30:04', '20:30:46');
insert into SCHEDULED (R_routeID, B_busID, timeStart, timeEnd) values (598969, 24819, '12:44:09', '13:36:23');
insert into SCHEDULED (R_routeID, B_busID, timeStart, timeEnd) values (598969, 68761, '05:03:32', '06:03:19');
insert into SCHEDULED (R_routeID, B_busID, timeStart, timeEnd) values (598969, 83086, '16:58:12', '17:52:57');
insert into SCHEDULED (R_routeID, B_busID, timeStart, timeEnd) values (598969, 96929, '11:40:53', '12:26:44');
insert into SCHEDULED (R_routeID, B_busID, timeStart, timeEnd) values (600349, 12128, '06:35:38', '07:34:17');
insert into SCHEDULED (R_routeID, B_busID, timeStart, timeEnd) values (600349, 30948, '15:19:29', '16:17:45');
insert into SCHEDULED (R_routeID, B_busID, timeStart, timeEnd) values (600349, 63145, '10:10:17', '11:05:46');
insert into SCHEDULED (R_routeID, B_busID, timeStart, timeEnd) values (600349, 74372, '09:50:27', '10:45:04');
insert into SCHEDULED (R_routeID, B_busID, timeStart, timeEnd) values (600349, 84953, '15:06:51', '16:02:19');
insert into SCHEDULED (R_routeID, B_busID, timeStart, timeEnd) values (600771, 14130, '19:09:49', '20:02:20');
insert into SCHEDULED (R_routeID, B_busID, timeStart, timeEnd) values (600771, 20868, '16:38:39', '17:38:51');
insert into SCHEDULED (R_routeID, B_busID, timeStart, timeEnd) values (600771, 39836, '07:45:48', '08:34:37');
insert into SCHEDULED (R_routeID, B_busID, timeStart, timeEnd) values (600771, 71257, '13:07:36', '13:52:40');
insert into SCHEDULED (R_routeID, B_busID, timeStart, timeEnd) values (600771, 90635, '13:19:46', '14:06:43');
insert into SCHEDULED (R_routeID, B_busID, timeStart, timeEnd) values (603255, 56403, '17:43:11', '18:31:53');
insert into SCHEDULED (R_routeID, B_busID, timeStart, timeEnd) values (603255, 69890, '20:10:42', '21:00:45');
insert into SCHEDULED (R_routeID, B_busID, timeStart, timeEnd) values (603255, 73462, '20:58:29', '21:48:57');
insert into SCHEDULED (R_routeID, B_busID, timeStart, timeEnd) values (603255, 79883, '21:40:23', '22:25:45');
insert into SCHEDULED (R_routeID, B_busID, timeStart, timeEnd) values (603255, 84953, '09:02:18', '09:57:59');
insert into SCHEDULED (R_routeID, B_busID, timeStart, timeEnd) values (607670, 18206, '12:55:07', '13:44:08');
insert into SCHEDULED (R_routeID, B_busID, timeStart, timeEnd) values (607670, 49650, '18:09:19', '19:01:54');
insert into SCHEDULED (R_routeID, B_busID, timeStart, timeEnd) values (607670, 55593, '13:08:03', '14:00:22');
insert into SCHEDULED (R_routeID, B_busID, timeStart, timeEnd) values (607670, 72192, '18:23:32', '19:21:03');
insert into SCHEDULED (R_routeID, B_busID, timeStart, timeEnd) values (607670, 85843, '12:40:38', '13:30:44');
insert into SCHEDULED (R_routeID, B_busID, timeStart, timeEnd) values (611325, 22555, '19:33:47', '20:30:37');
insert into SCHEDULED (R_routeID, B_busID, timeStart, timeEnd) values (611325, 23257, '19:53:57', '20:40:53');
insert into SCHEDULED (R_routeID, B_busID, timeStart, timeEnd) values (611325, 52838, '04:40:48', '05:34:40');
insert into SCHEDULED (R_routeID, B_busID, timeStart, timeEnd) values (611325, 69637, '04:39:10', '05:35:38');
insert into SCHEDULED (R_routeID, B_busID, timeStart, timeEnd) values (611325, 84953, '06:15:44', '07:05:20');
insert into SCHEDULED (R_routeID, B_busID, timeStart, timeEnd) values (611400, 65433, '19:59:35', '20:59:20');
insert into SCHEDULED (R_routeID, B_busID, timeStart, timeEnd) values (611400, 68684, '11:32:40', '12:32:02');
insert into SCHEDULED (R_routeID, B_busID, timeStart, timeEnd) values (611400, 79883, '15:50:03', '16:35:37');
insert into SCHEDULED (R_routeID, B_busID, timeStart, timeEnd) values (611400, 79906, '21:45:17', '22:37:27');
insert into SCHEDULED (R_routeID, B_busID, timeStart, timeEnd) values (611400, 82062, '20:32:58', '21:29:47');
insert into SCHEDULED (R_routeID, B_busID, timeStart, timeEnd) values (615893, 39836, '04:39:44', '05:35:06');
insert into SCHEDULED (R_routeID, B_busID, timeStart, timeEnd) values (615893, 45028, '20:29:25', '21:27:36');
insert into SCHEDULED (R_routeID, B_busID, timeStart, timeEnd) values (615893, 46123, '07:47:47', '08:48:04');
insert into SCHEDULED (R_routeID, B_busID, timeStart, timeEnd) values (615893, 53108, '19:40:21', '20:27:49');
insert into SCHEDULED (R_routeID, B_busID, timeStart, timeEnd) values (615893, 86505, '16:47:15', '17:47:28');
insert into SCHEDULED (R_routeID, B_busID, timeStart, timeEnd) values (616372, 43206, '14:55:23', '15:47:41');
insert into SCHEDULED (R_routeID, B_busID, timeStart, timeEnd) values (616372, 65453, '10:41:26', '11:29:15');
insert into SCHEDULED (R_routeID, B_busID, timeStart, timeEnd) values (616372, 68226, '08:48:00', '09:34:54');
insert into SCHEDULED (R_routeID, B_busID, timeStart, timeEnd) values (616372, 97141, '12:45:40', '13:32:31');
insert into SCHEDULED (R_routeID, B_busID, timeStart, timeEnd) values (616372, 98414, '21:00:59', '21:53:30');
insert into SCHEDULED (R_routeID, B_busID, timeStart, timeEnd) values (621177, 32594, '11:11:07', '12:05:37');
insert into SCHEDULED (R_routeID, B_busID, timeStart, timeEnd) values (621177, 47859, '16:49:07', '17:41:36');
insert into SCHEDULED (R_routeID, B_busID, timeStart, timeEnd) values (621177, 69890, '20:57:02', '21:42:26');
insert into SCHEDULED (R_routeID, B_busID, timeStart, timeEnd) values (621177, 92170, '21:19:08', '22:04:14');
insert into SCHEDULED (R_routeID, B_busID, timeStart, timeEnd) values (622644, 22222, '19:07:28', '19:56:04');
insert into SCHEDULED (R_routeID, B_busID, timeStart, timeEnd) values (622644, 25466, '17:25:41', '18:12:35');
insert into SCHEDULED (R_routeID, B_busID, timeStart, timeEnd) values (622644, 77162, '11:53:53', '12:40:48');
insert into SCHEDULED (R_routeID, B_busID, timeStart, timeEnd) values (622644, 96929, '18:50:23', '19:50:05');
insert into SCHEDULED (R_routeID, B_busID, timeStart, timeEnd) values (622644, 98414, '04:26:29', '05:16:44');
insert into SCHEDULED (R_routeID, B_busID, timeStart, timeEnd) values (623074, 22167, '07:34:51', '08:34:07');
insert into SCHEDULED (R_routeID, B_busID, timeStart, timeEnd) values (623074, 25350, '04:24:01', '05:10:00');
insert into SCHEDULED (R_routeID, B_busID, timeStart, timeEnd) values (623074, 54730, '19:00:24', '20:00:33');
insert into SCHEDULED (R_routeID, B_busID, timeStart, timeEnd) values (623074, 67829, '10:26:56', '11:25:19');
insert into SCHEDULED (R_routeID, B_busID, timeStart, timeEnd) values (623074, 98608, '06:03:15', '06:48:57');
insert into SCHEDULED (R_routeID, B_busID, timeStart, timeEnd) values (626372, 12678, '10:27:57', '11:14:07');
insert into SCHEDULED (R_routeID, B_busID, timeStart, timeEnd) values (626372, 35197, '08:56:13', '09:46:21');
insert into SCHEDULED (R_routeID, B_busID, timeStart, timeEnd) values (626372, 64501, '20:45:20', '21:35:23');
insert into SCHEDULED (R_routeID, B_busID, timeStart, timeEnd) values (626372, 65453, '12:20:22', '13:13:24');
insert into SCHEDULED (R_routeID, B_busID, timeStart, timeEnd) values (626372, 74917, '05:17:51', '06:04:07');
insert into SCHEDULED (R_routeID, B_busID, timeStart, timeEnd) values (630287, 12678, '04:11:03', '04:59:21');
insert into SCHEDULED (R_routeID, B_busID, timeStart, timeEnd) values (630287, 29283, '13:54:24', '14:44:04');
insert into SCHEDULED (R_routeID, B_busID, timeStart, timeEnd) values (630287, 29961, '06:24:21', '07:13:16');
insert into SCHEDULED (R_routeID, B_busID, timeStart, timeEnd) values (630287, 72750, '17:24:59', '18:22:04');
insert into SCHEDULED (R_routeID, B_busID, timeStart, timeEnd) values (630287, 98009, '14:38:47', '15:36:12');
insert into SCHEDULED (R_routeID, B_busID, timeStart, timeEnd) values (635742, 21808, '14:47:15', '15:41:32');
insert into SCHEDULED (R_routeID, B_busID, timeStart, timeEnd) values (635742, 63145, '11:38:27', '12:36:10');
insert into SCHEDULED (R_routeID, B_busID, timeStart, timeEnd) values (635742, 66514, '08:37:50', '09:24:11');
insert into SCHEDULED (R_routeID, B_busID, timeStart, timeEnd) values (635742, 71257, '07:29:44', '08:22:31');
insert into SCHEDULED (R_routeID, B_busID, timeStart, timeEnd) values (635742, 73462, '04:07:10', '05:07:37');
insert into SCHEDULED (R_routeID, B_busID, timeStart, timeEnd) values (645367, 12835, '10:00:06', '10:48:45');
insert into SCHEDULED (R_routeID, B_busID, timeStart, timeEnd) values (645367, 23943, '12:46:51', '13:45:00');
insert into SCHEDULED (R_routeID, B_busID, timeStart, timeEnd) values (645367, 64183, '08:49:48', '09:36:25');
insert into SCHEDULED (R_routeID, B_busID, timeStart, timeEnd) values (645367, 69890, '07:33:49', '08:28:32');
insert into SCHEDULED (R_routeID, B_busID, timeStart, timeEnd) values (645367, 84953, '08:34:42', '09:29:44');
insert into SCHEDULED (R_routeID, B_busID, timeStart, timeEnd) values (652793, 11111, '21:01:39', '22:01:44');
insert into SCHEDULED (R_routeID, B_busID, timeStart, timeEnd) values (652793, 45891, '19:56:05', '20:52:59');
insert into SCHEDULED (R_routeID, B_busID, timeStart, timeEnd) values (652793, 56403, '22:53:17', '23:38:33');
insert into SCHEDULED (R_routeID, B_busID, timeStart, timeEnd) values (652793, 82062, '12:51:58', '13:41:17');
insert into SCHEDULED (R_routeID, B_busID, timeStart, timeEnd) values (652793, 90635, '09:32:15', '10:25:10');
insert into SCHEDULED (R_routeID, B_busID, timeStart, timeEnd) values (656827, 52028, '21:47:54', '22:34:07');
insert into SCHEDULED (R_routeID, B_busID, timeStart, timeEnd) values (656827, 69637, '14:24:13', '15:12:19');
insert into SCHEDULED (R_routeID, B_busID, timeStart, timeEnd) values (656827, 72750, '15:18:43', '16:09:58');
insert into SCHEDULED (R_routeID, B_busID, timeStart, timeEnd) values (656827, 86505, '19:49:20', '20:49:18');
insert into SCHEDULED (R_routeID, B_busID, timeStart, timeEnd) values (656827, 99822, '07:49:33', '08:44:20');
insert into SCHEDULED (R_routeID, B_busID, timeStart, timeEnd) values (659991, 22222, '17:06:22', '18:04:09');
insert into SCHEDULED (R_routeID, B_busID, timeStart, timeEnd) values (659991, 29283, '05:05:36', '06:00:27');
insert into SCHEDULED (R_routeID, B_busID, timeStart, timeEnd) values (659991, 30588, '21:49:07', '22:39:08');
insert into SCHEDULED (R_routeID, B_busID, timeStart, timeEnd) values (659991, 66514, '09:13:50', '10:04:03');
insert into SCHEDULED (R_routeID, B_busID, timeStart, timeEnd) values (659991, 82062, '13:06:19', '13:59:17');
insert into SCHEDULED (R_routeID, B_busID, timeStart, timeEnd) values (662913, 13458, '08:15:32', '09:02:17');
insert into SCHEDULED (R_routeID, B_busID, timeStart, timeEnd) values (662913, 19658, '21:06:51', '21:59:49');
insert into SCHEDULED (R_routeID, B_busID, timeStart, timeEnd) values (662913, 51660, '10:04:40', '10:55:43');
insert into SCHEDULED (R_routeID, B_busID, timeStart, timeEnd) values (662913, 72750, '19:42:12', '20:34:37');
insert into SCHEDULED (R_routeID, B_busID, timeStart, timeEnd) values (662913, 74917, '22:07:49', '23:02:04');
insert into SCHEDULED (R_routeID, B_busID, timeStart, timeEnd) values (665830, 42536, '04:19:59', '05:16:32');
insert into SCHEDULED (R_routeID, B_busID, timeStart, timeEnd) values (665830, 42652, '08:51:27', '09:41:00');
insert into SCHEDULED (R_routeID, B_busID, timeStart, timeEnd) values (665830, 65433, '16:10:02', '17:11:00');
insert into SCHEDULED (R_routeID, B_busID, timeStart, timeEnd) values (665830, 81789, '10:40:59', '11:33:10');
insert into SCHEDULED (R_routeID, B_busID, timeStart, timeEnd) values (665830, 82911, '21:17:57', '22:06:29');
insert into SCHEDULED (R_routeID, B_busID, timeStart, timeEnd) values (675753, 23511, '09:22:17', '10:07:49');
insert into SCHEDULED (R_routeID, B_busID, timeStart, timeEnd) values (675753, 72329, '17:54:51', '18:46:01');
insert into SCHEDULED (R_routeID, B_busID, timeStart, timeEnd) values (675753, 75277, '06:22:07', '07:15:33');
insert into SCHEDULED (R_routeID, B_busID, timeStart, timeEnd) values (675753, 78851, '13:48:45', '14:42:24');
insert into SCHEDULED (R_routeID, B_busID, timeStart, timeEnd) values (675753, 92170, '08:51:00', '09:49:44');
insert into SCHEDULED (R_routeID, B_busID, timeStart, timeEnd) values (680520, 26937, '12:35:49', '13:33:03');
insert into SCHEDULED (R_routeID, B_busID, timeStart, timeEnd) values (680520, 51660, '12:47:47', '13:45:33');
insert into SCHEDULED (R_routeID, B_busID, timeStart, timeEnd) values (680520, 71257, '22:35:45', '23:25:14');
insert into SCHEDULED (R_routeID, B_busID, timeStart, timeEnd) values (680520, 79906, '13:41:27', '14:35:37');
insert into SCHEDULED (R_routeID, B_busID, timeStart, timeEnd) values (680520, 86505, '13:48:26', '14:44:50');
insert into SCHEDULED (R_routeID, B_busID, timeStart, timeEnd) values (684997, 13458, '10:03:08', '10:48:47');
insert into SCHEDULED (R_routeID, B_busID, timeStart, timeEnd) values (684997, 28529, '05:02:43', '05:52:22');
insert into SCHEDULED (R_routeID, B_busID, timeStart, timeEnd) values (684997, 37772, '06:41:48', '07:28:20');
insert into SCHEDULED (R_routeID, B_busID, timeStart, timeEnd) values (684997, 39836, '21:30:09', '22:16:37');
insert into SCHEDULED (R_routeID, B_busID, timeStart, timeEnd) values (684997, 86505, '21:17:14', '22:07:58');
insert into SCHEDULED (R_routeID, B_busID, timeStart, timeEnd) values (685055, 18206, '07:07:48', '08:00:17');
insert into SCHEDULED (R_routeID, B_busID, timeStart, timeEnd) values (685055, 21808, '13:03:24', '13:59:31');
insert into SCHEDULED (R_routeID, B_busID, timeStart, timeEnd) values (685055, 68761, '19:50:38', '20:38:18');
insert into SCHEDULED (R_routeID, B_busID, timeStart, timeEnd) values (685055, 85690, '22:07:17', '22:52:23');
insert into SCHEDULED (R_routeID, B_busID, timeStart, timeEnd) values (685055, 98009, '12:26:46', '13:20:56');
insert into SCHEDULED (R_routeID, B_busID, timeStart, timeEnd) values (686760, 60721, '11:25:20', '12:25:01');
insert into SCHEDULED (R_routeID, B_busID, timeStart, timeEnd) values (686760, 66514, '16:23:50', '17:24:22');
insert into SCHEDULED (R_routeID, B_busID, timeStart, timeEnd) values (686760, 67901, '18:23:43', '19:13:59');
insert into SCHEDULED (R_routeID, B_busID, timeStart, timeEnd) values (686760, 78851, '10:14:23', '11:02:52');
insert into SCHEDULED (R_routeID, B_busID, timeStart, timeEnd) values (686760, 86131, '07:31:34', '08:29:58');
insert into SCHEDULED (R_routeID, B_busID, timeStart, timeEnd) values (688908, 31133, '11:43:55', '12:32:52');
insert into SCHEDULED (R_routeID, B_busID, timeStart, timeEnd) values (688908, 72192, '17:12:01', '18:04:38');
insert into SCHEDULED (R_routeID, B_busID, timeStart, timeEnd) values (688908, 80205, '09:46:19', '10:38:28');
insert into SCHEDULED (R_routeID, B_busID, timeStart, timeEnd) values (688908, 82911, '22:18:01', '23:17:12');
insert into SCHEDULED (R_routeID, B_busID, timeStart, timeEnd) values (688908, 98414, '04:45:48', '05:41:01');
insert into SCHEDULED (R_routeID, B_busID, timeStart, timeEnd) values (690920, 38302, '09:57:16', '10:52:52');
insert into SCHEDULED (R_routeID, B_busID, timeStart, timeEnd) values (690920, 49650, '19:34:03', '20:34:13');
insert into SCHEDULED (R_routeID, B_busID, timeStart, timeEnd) values (690920, 57153, '10:38:13', '11:30:27');
insert into SCHEDULED (R_routeID, B_busID, timeStart, timeEnd) values (690920, 68226, '17:31:35', '18:21:23');
insert into SCHEDULED (R_routeID, B_busID, timeStart, timeEnd) values (690920, 99822, '09:58:00', '10:48:35');
insert into SCHEDULED (R_routeID, B_busID, timeStart, timeEnd) values (691825, 12128, '13:32:30', '14:32:04');
insert into SCHEDULED (R_routeID, B_busID, timeStart, timeEnd) values (691825, 73363, '21:11:58', '21:58:02');
insert into SCHEDULED (R_routeID, B_busID, timeStart, timeEnd) values (691825, 86131, '07:14:14', '08:13:45');
insert into SCHEDULED (R_routeID, B_busID, timeStart, timeEnd) values (691825, 98009, '16:56:29', '17:54:04');
insert into SCHEDULED (R_routeID, B_busID, timeStart, timeEnd) values (695543, 11111, '22:10:08', '23:10:44');
insert into SCHEDULED (R_routeID, B_busID, timeStart, timeEnd) values (695543, 23257, '06:30:18', '07:18:52');
insert into SCHEDULED (R_routeID, B_busID, timeStart, timeEnd) values (695543, 27401, '13:29:44', '14:30:01');
insert into SCHEDULED (R_routeID, B_busID, timeStart, timeEnd) values (695543, 59881, '20:33:41', '21:32:48');
insert into SCHEDULED (R_routeID, B_busID, timeStart, timeEnd) values (695543, 74917, '06:56:11', '07:42:54');
insert into SCHEDULED (R_routeID, B_busID, timeStart, timeEnd) values (696047, 18206, '17:06:13', '17:59:23');
insert into SCHEDULED (R_routeID, B_busID, timeStart, timeEnd) values (696047, 22222, '14:51:06', '15:36:38');
insert into SCHEDULED (R_routeID, B_busID, timeStart, timeEnd) values (696047, 37772, '07:50:57', '08:50:05');
insert into SCHEDULED (R_routeID, B_busID, timeStart, timeEnd) values (696047, 65433, '22:13:53', '23:10:23');
insert into SCHEDULED (R_routeID, B_busID, timeStart, timeEnd) values (696047, 92141, '12:28:21', '13:26:13');
insert into SCHEDULED (R_routeID, B_busID, timeStart, timeEnd) values (704075, 21808, '13:03:18', '13:56:12');
insert into SCHEDULED (R_routeID, B_busID, timeStart, timeEnd) values (704075, 45028, '15:39:14', '16:36:30');
insert into SCHEDULED (R_routeID, B_busID, timeStart, timeEnd) values (704075, 69637, '16:09:51', '17:08:19');
insert into SCHEDULED (R_routeID, B_busID, timeStart, timeEnd) values (704075, 76647, '18:24:37', '19:18:13');
insert into SCHEDULED (R_routeID, B_busID, timeStart, timeEnd) values (704075, 86131, '07:36:14', '08:24:28');
insert into SCHEDULED (R_routeID, B_busID, timeStart, timeEnd) values (704896, 17217, '17:26:37', '18:25:18');
insert into SCHEDULED (R_routeID, B_busID, timeStart, timeEnd) values (704896, 17994, '14:39:44', '15:37:52');
insert into SCHEDULED (R_routeID, B_busID, timeStart, timeEnd) values (704896, 57153, '13:26:49', '14:23:14');
insert into SCHEDULED (R_routeID, B_busID, timeStart, timeEnd) values (704896, 68684, '10:06:33', '11:02:11');
insert into SCHEDULED (R_routeID, B_busID, timeStart, timeEnd) values (704896, 79883, '05:24:47', '06:17:12');
insert into SCHEDULED (R_routeID, B_busID, timeStart, timeEnd) values (707042, 14327, '13:31:28', '14:19:25');
insert into SCHEDULED (R_routeID, B_busID, timeStart, timeEnd) values (707042, 24159, '07:31:08', '08:23:45');
insert into SCHEDULED (R_routeID, B_busID, timeStart, timeEnd) values (707042, 26840, '11:40:19', '12:40:16');
insert into SCHEDULED (R_routeID, B_busID, timeStart, timeEnd) values (707042, 54730, '08:58:24', '09:54:29');
insert into SCHEDULED (R_routeID, B_busID, timeStart, timeEnd) values (707042, 98608, '08:47:57', '09:44:11');
insert into SCHEDULED (R_routeID, B_busID, timeStart, timeEnd) values (717100, 12835, '12:14:36', '13:14:11');
insert into SCHEDULED (R_routeID, B_busID, timeStart, timeEnd) values (717100, 19658, '04:38:58', '05:30:31');
insert into SCHEDULED (R_routeID, B_busID, timeStart, timeEnd) values (717100, 54469, '09:14:22', '10:09:08');
insert into SCHEDULED (R_routeID, B_busID, timeStart, timeEnd) values (717100, 66444, '05:52:48', '06:42:11');
insert into SCHEDULED (R_routeID, B_busID, timeStart, timeEnd) values (717100, 73518, '16:17:39', '17:11:46');
insert into SCHEDULED (R_routeID, B_busID, timeStart, timeEnd) values (726692, 32410, '08:50:42', '09:49:17');
insert into SCHEDULED (R_routeID, B_busID, timeStart, timeEnd) values (726692, 43206, '19:08:40', '19:55:33');
insert into SCHEDULED (R_routeID, B_busID, timeStart, timeEnd) values (726692, 66444, '05:32:53', '06:21:35');
insert into SCHEDULED (R_routeID, B_busID, timeStart, timeEnd) values (726692, 86616, '21:43:08', '22:40:09');
insert into SCHEDULED (R_routeID, B_busID, timeStart, timeEnd) values (727690, 28529, '08:51:41', '09:42:29');
insert into SCHEDULED (R_routeID, B_busID, timeStart, timeEnd) values (727690, 43206, '11:09:55', '12:05:51');
insert into SCHEDULED (R_routeID, B_busID, timeStart, timeEnd) values (727690, 85843, '14:50:16', '15:50:35');
insert into SCHEDULED (R_routeID, B_busID, timeStart, timeEnd) values (727690, 98678, '05:48:22', '06:39:25');
insert into SCHEDULED (R_routeID, B_busID, timeStart, timeEnd) values (727690, 99713, '07:52:48', '08:40:52');
insert into SCHEDULED (R_routeID, B_busID, timeStart, timeEnd) values (728829, 49650, '09:51:45', '10:43:20');
insert into SCHEDULED (R_routeID, B_busID, timeStart, timeEnd) values (728829, 60576, '17:11:32', '18:10:28');
insert into SCHEDULED (R_routeID, B_busID, timeStart, timeEnd) values (728829, 64501, '12:05:22', '12:57:33');
insert into SCHEDULED (R_routeID, B_busID, timeStart, timeEnd) values (728829, 96806, '13:47:50', '14:46:29');
insert into SCHEDULED (R_routeID, B_busID, timeStart, timeEnd) values (730777, 19658, '21:14:18', '22:14:38');
insert into SCHEDULED (R_routeID, B_busID, timeStart, timeEnd) values (730777, 59881, '21:59:12', '22:47:50');
insert into SCHEDULED (R_routeID, B_busID, timeStart, timeEnd) values (730777, 65433, '18:21:58', '19:13:41');
insert into SCHEDULED (R_routeID, B_busID, timeStart, timeEnd) values (730777, 69890, '06:23:02', '07:14:16');
insert into SCHEDULED (R_routeID, B_busID, timeStart, timeEnd) values (730777, 74372, '06:54:01', '07:50:27');
insert into SCHEDULED (R_routeID, B_busID, timeStart, timeEnd) values (734697, 14130, '12:14:45', '13:14:55');
insert into SCHEDULED (R_routeID, B_busID, timeStart, timeEnd) values (734697, 38302, '05:27:47', '06:20:57');
insert into SCHEDULED (R_routeID, B_busID, timeStart, timeEnd) values (734697, 67901, '05:07:34', '06:07:19');
insert into SCHEDULED (R_routeID, B_busID, timeStart, timeEnd) values (734697, 86505, '22:45:29', '23:40:58');
insert into SCHEDULED (R_routeID, B_busID, timeStart, timeEnd) values (734697, 99822, '08:18:43', '09:11:48');
insert into SCHEDULED (R_routeID, B_busID, timeStart, timeEnd) values (738524, 22222, '07:19:42', '08:13:11');
insert into SCHEDULED (R_routeID, B_busID, timeStart, timeEnd) values (738524, 32410, '14:35:25', '15:33:36');
insert into SCHEDULED (R_routeID, B_busID, timeStart, timeEnd) values (738524, 53506, '22:37:12', '23:37:56');
insert into SCHEDULED (R_routeID, B_busID, timeStart, timeEnd) values (738524, 66514, '11:13:15', '11:58:40');
insert into SCHEDULED (R_routeID, B_busID, timeStart, timeEnd) values (738524, 94831, '15:37:30', '16:30:12');
insert into SCHEDULED (R_routeID, B_busID, timeStart, timeEnd) values (751480, 42652, '12:31:05', '13:31:45');
insert into SCHEDULED (R_routeID, B_busID, timeStart, timeEnd) values (751480, 47859, '18:53:01', '19:46:38');
insert into SCHEDULED (R_routeID, B_busID, timeStart, timeEnd) values (751480, 64183, '08:16:10', '09:11:32');
insert into SCHEDULED (R_routeID, B_busID, timeStart, timeEnd) values (751480, 85843, '05:20:09', '06:17:37');
insert into SCHEDULED (R_routeID, B_busID, timeStart, timeEnd) values (751480, 96806, '11:43:37', '12:30:23');
insert into SCHEDULED (R_routeID, B_busID, timeStart, timeEnd) values (751675, 14130, '10:03:58', '10:57:31');
insert into SCHEDULED (R_routeID, B_busID, timeStart, timeEnd) values (751675, 24159, '19:35:37', '20:24:11');
insert into SCHEDULED (R_routeID, B_busID, timeStart, timeEnd) values (751675, 37772, '08:06:03', '09:00:24');
insert into SCHEDULED (R_routeID, B_busID, timeStart, timeEnd) values (751675, 74215, '05:19:14', '06:16:25');
insert into SCHEDULED (R_routeID, B_busID, timeStart, timeEnd) values (751675, 88790, '19:58:12', '20:47:53');
insert into SCHEDULED (R_routeID, B_busID, timeStart, timeEnd) values (767468, 51660, '16:44:03', '17:44:08');
insert into SCHEDULED (R_routeID, B_busID, timeStart, timeEnd) values (767468, 56403, '09:28:25', '10:21:48');
insert into SCHEDULED (R_routeID, B_busID, timeStart, timeEnd) values (767468, 73363, '05:54:53', '06:46:21');
insert into SCHEDULED (R_routeID, B_busID, timeStart, timeEnd) values (767468, 73671, '07:44:16', '08:30:18');
insert into SCHEDULED (R_routeID, B_busID, timeStart, timeEnd) values (767468, 81789, '11:17:41', '12:07:51');
insert into SCHEDULED (R_routeID, B_busID, timeStart, timeEnd) values (769645, 28529, '12:37:58', '13:24:47');
insert into SCHEDULED (R_routeID, B_busID, timeStart, timeEnd) values (769645, 32594, '12:03:53', '12:51:20');
insert into SCHEDULED (R_routeID, B_busID, timeStart, timeEnd) values (769645, 44679, '12:17:19', '13:14:34');
insert into SCHEDULED (R_routeID, B_busID, timeStart, timeEnd) values (769645, 84953, '19:26:26', '20:13:06');
insert into SCHEDULED (R_routeID, B_busID, timeStart, timeEnd) values (769645, 96806, '22:42:01', '23:27:36');
insert into SCHEDULED (R_routeID, B_busID, timeStart, timeEnd) values (797620, 13458, '10:54:57', '11:42:53');
insert into SCHEDULED (R_routeID, B_busID, timeStart, timeEnd) values (797620, 33824, '04:44:24', '05:42:20');
insert into SCHEDULED (R_routeID, B_busID, timeStart, timeEnd) values (797620, 38302, '10:28:41', '11:26:08');
insert into SCHEDULED (R_routeID, B_busID, timeStart, timeEnd) values (797620, 62553, '07:01:39', '08:00:36');
insert into SCHEDULED (R_routeID, B_busID, timeStart, timeEnd) values (797620, 72192, '22:28:49', '23:21:03');
insert into SCHEDULED (R_routeID, B_busID, timeStart, timeEnd) values (809963, 18766, '14:57:35', '15:50:55');
insert into SCHEDULED (R_routeID, B_busID, timeStart, timeEnd) values (809963, 60721, '13:48:00', '14:36:12');
insert into SCHEDULED (R_routeID, B_busID, timeStart, timeEnd) values (809963, 73363, '17:03:15', '17:50:27');
insert into SCHEDULED (R_routeID, B_busID, timeStart, timeEnd) values (809963, 73462, '04:42:30', '05:36:52');
insert into SCHEDULED (R_routeID, B_busID, timeStart, timeEnd) values (827006, 19658, '09:23:40', '10:20:31');
insert into SCHEDULED (R_routeID, B_busID, timeStart, timeEnd) values (827006, 52028, '20:35:40', '21:22:56');
insert into SCHEDULED (R_routeID, B_busID, timeStart, timeEnd) values (827006, 69637, '06:45:39', '07:34:02');
insert into SCHEDULED (R_routeID, B_busID, timeStart, timeEnd) values (827006, 77162, '13:09:30', '14:08:31');
insert into SCHEDULED (R_routeID, B_busID, timeStart, timeEnd) values (827006, 98608, '20:09:27', '21:05:09');
insert into SCHEDULED (R_routeID, B_busID, timeStart, timeEnd) values (830331, 12835, '16:53:55', '17:54:05');
insert into SCHEDULED (R_routeID, B_busID, timeStart, timeEnd) values (830331, 17994, '20:47:11', '21:40:38');
insert into SCHEDULED (R_routeID, B_busID, timeStart, timeEnd) values (830331, 23511, '10:16:34', '11:09:52');
insert into SCHEDULED (R_routeID, B_busID, timeStart, timeEnd) values (830331, 67901, '22:32:00', '23:18:23');
insert into SCHEDULED (R_routeID, B_busID, timeStart, timeEnd) values (830331, 96806, '05:01:56', '05:48:48');
insert into SCHEDULED (R_routeID, B_busID, timeStart, timeEnd) values (836720, 21273, '08:52:39', '09:45:09');
insert into SCHEDULED (R_routeID, B_busID, timeStart, timeEnd) values (836720, 21808, '06:43:51', '07:35:27');
insert into SCHEDULED (R_routeID, B_busID, timeStart, timeEnd) values (836720, 77162, '22:55:45', '23:56:03');
insert into SCHEDULED (R_routeID, B_busID, timeStart, timeEnd) values (836720, 84953, '20:51:27', '21:38:53');
insert into SCHEDULED (R_routeID, B_busID, timeStart, timeEnd) values (836720, 98414, '14:43:30', '15:44:18');
insert into SCHEDULED (R_routeID, B_busID, timeStart, timeEnd) values (849217, 28529, '04:38:26', '05:25:41');
insert into SCHEDULED (R_routeID, B_busID, timeStart, timeEnd) values (849217, 42652, '08:12:18', '09:01:54');
insert into SCHEDULED (R_routeID, B_busID, timeStart, timeEnd) values (849217, 45028, '16:10:52', '17:01:49');
insert into SCHEDULED (R_routeID, B_busID, timeStart, timeEnd) values (849217, 68226, '18:50:49', '19:48:22');
insert into SCHEDULED (R_routeID, B_busID, timeStart, timeEnd) values (849217, 84953, '18:35:48', '19:36:42');
insert into SCHEDULED (R_routeID, B_busID, timeStart, timeEnd) values (852690, 12128, '11:03:11', '12:00:49');
insert into SCHEDULED (R_routeID, B_busID, timeStart, timeEnd) values (852690, 32594, '09:43:07', '10:43:18');
insert into SCHEDULED (R_routeID, B_busID, timeStart, timeEnd) values (852690, 37772, '13:30:22', '14:25:13');
insert into SCHEDULED (R_routeID, B_busID, timeStart, timeEnd) values (852690, 42652, '12:02:28', '12:48:12');
insert into SCHEDULED (R_routeID, B_busID, timeStart, timeEnd) values (852690, 65453, '07:21:08', '08:17:51');
insert into SCHEDULED (R_routeID, B_busID, timeStart, timeEnd) values (855328, 17682, '05:10:37', '05:59:56');
insert into SCHEDULED (R_routeID, B_busID, timeStart, timeEnd) values (855328, 32410, '12:54:21', '13:45:43');
insert into SCHEDULED (R_routeID, B_busID, timeStart, timeEnd) values (855328, 52028, '13:29:04', '14:18:48');
insert into SCHEDULED (R_routeID, B_busID, timeStart, timeEnd) values (855328, 55593, '18:17:13', '19:09:17');
insert into SCHEDULED (R_routeID, B_busID, timeStart, timeEnd) values (855328, 69890, '22:11:36', '23:07:53');
insert into SCHEDULED (R_routeID, B_busID, timeStart, timeEnd) values (860895, 12128, '16:30:36', '17:28:44');
insert into SCHEDULED (R_routeID, B_busID, timeStart, timeEnd) values (860895, 55287, '15:47:46', '16:34:47');
insert into SCHEDULED (R_routeID, B_busID, timeStart, timeEnd) values (860895, 79883, '10:29:45', '11:30:21');
insert into SCHEDULED (R_routeID, B_busID, timeStart, timeEnd) values (860895, 97141, '17:30:01', '18:17:47');
insert into SCHEDULED (R_routeID, B_busID, timeStart, timeEnd) values (860895, 98009, '12:58:13', '13:47:59');
insert into SCHEDULED (R_routeID, B_busID, timeStart, timeEnd) values (862482, 29283, '21:05:37', '22:05:28');
insert into SCHEDULED (R_routeID, B_busID, timeStart, timeEnd) values (862482, 29961, '17:11:54', '18:06:18');
insert into SCHEDULED (R_routeID, B_busID, timeStart, timeEnd) values (862482, 44679, '14:44:45', '15:32:49');
insert into SCHEDULED (R_routeID, B_busID, timeStart, timeEnd) values (862482, 66444, '07:29:16', '08:15:07');
insert into SCHEDULED (R_routeID, B_busID, timeStart, timeEnd) values (862482, 84953, '08:54:46', '09:41:24');
insert into SCHEDULED (R_routeID, B_busID, timeStart, timeEnd) values (866799, 24159, '22:53:17', '23:53:40');
insert into SCHEDULED (R_routeID, B_busID, timeStart, timeEnd) values (866799, 39836, '16:50:31', '17:50:16');
insert into SCHEDULED (R_routeID, B_busID, timeStart, timeEnd) values (866799, 47859, '06:36:14', '07:36:12');
insert into SCHEDULED (R_routeID, B_busID, timeStart, timeEnd) values (866799, 64183, '10:38:02', '11:38:51');
insert into SCHEDULED (R_routeID, B_busID, timeStart, timeEnd) values (866799, 94831, '19:29:11', '20:18:34');
insert into SCHEDULED (R_routeID, B_busID, timeStart, timeEnd) values (867324, 26840, '09:15:14', '10:11:26');
insert into SCHEDULED (R_routeID, B_busID, timeStart, timeEnd) values (867324, 31133, '21:11:24', '22:04:36');
insert into SCHEDULED (R_routeID, B_busID, timeStart, timeEnd) values (867324, 63145, '07:08:53', '07:56:22');
insert into SCHEDULED (R_routeID, B_busID, timeStart, timeEnd) values (867324, 86131, '06:15:56', '07:04:20');
insert into SCHEDULED (R_routeID, B_busID, timeStart, timeEnd) values (867324, 99822, '07:48:54', '08:48:08');
insert into SCHEDULED (R_routeID, B_busID, timeStart, timeEnd) values (869782, 41086, '21:32:45', '22:18:34');
insert into SCHEDULED (R_routeID, B_busID, timeStart, timeEnd) values (869782, 49069, '07:44:15', '08:39:57');
insert into SCHEDULED (R_routeID, B_busID, timeStart, timeEnd) values (869782, 65453, '21:51:29', '22:48:15');
insert into SCHEDULED (R_routeID, B_busID, timeStart, timeEnd) values (869782, 78696, '22:52:25', '23:38:34');
insert into SCHEDULED (R_routeID, B_busID, timeStart, timeEnd) values (869782, 86131, '14:09:28', '14:58:48');
insert into SCHEDULED (R_routeID, B_busID, timeStart, timeEnd) values (872056, 10488, '17:46:02', '18:43:03');
insert into SCHEDULED (R_routeID, B_busID, timeStart, timeEnd) values (872056, 29961, '09:24:16', '10:18:08');
insert into SCHEDULED (R_routeID, B_busID, timeStart, timeEnd) values (872056, 33824, '16:27:09', '17:27:49');
insert into SCHEDULED (R_routeID, B_busID, timeStart, timeEnd) values (872056, 53108, '15:19:48', '16:14:42');
insert into SCHEDULED (R_routeID, B_busID, timeStart, timeEnd) values (872056, 98009, '09:05:35', '09:53:18');
insert into SCHEDULED (R_routeID, B_busID, timeStart, timeEnd) values (879479, 18912, '05:31:53', '06:29:01');
insert into SCHEDULED (R_routeID, B_busID, timeStart, timeEnd) values (879479, 21273, '11:23:57', '12:14:48');
insert into SCHEDULED (R_routeID, B_busID, timeStart, timeEnd) values (879479, 53108, '14:21:23', '15:09:13');
insert into SCHEDULED (R_routeID, B_busID, timeStart, timeEnd) values (879479, 72329, '15:04:33', '16:00:45');
insert into SCHEDULED (R_routeID, B_busID, timeStart, timeEnd) values (879479, 74372, '13:24:05', '14:11:51');
insert into SCHEDULED (R_routeID, B_busID, timeStart, timeEnd) values (879486, 12128, '19:26:29', '20:26:33');
insert into SCHEDULED (R_routeID, B_busID, timeStart, timeEnd) values (879486, 49069, '20:22:23', '21:19:42');
insert into SCHEDULED (R_routeID, B_busID, timeStart, timeEnd) values (879486, 53506, '14:38:45', '15:31:29');
insert into SCHEDULED (R_routeID, B_busID, timeStart, timeEnd) values (879486, 66444, '13:11:46', '14:01:54');
insert into SCHEDULED (R_routeID, B_busID, timeStart, timeEnd) values (879486, 68761, '05:10:00', '05:57:09');
insert into SCHEDULED (R_routeID, B_busID, timeStart, timeEnd) values (884370, 24159, '14:07:48', '14:55:10');
insert into SCHEDULED (R_routeID, B_busID, timeStart, timeEnd) values (884370, 57153, '07:47:17', '08:39:49');
insert into SCHEDULED (R_routeID, B_busID, timeStart, timeEnd) values (884370, 63145, '09:11:54', '10:06:34');
insert into SCHEDULED (R_routeID, B_busID, timeStart, timeEnd) values (884370, 85843, '14:46:02', '15:43:05');
insert into SCHEDULED (R_routeID, B_busID, timeStart, timeEnd) values (884370, 99713, '19:02:39', '20:01:28');
insert into SCHEDULED (R_routeID, B_busID, timeStart, timeEnd) values (886608, 37772, '06:14:01', '07:07:22');
insert into SCHEDULED (R_routeID, B_busID, timeStart, timeEnd) values (886608, 39836, '15:13:51', '16:11:11');
insert into SCHEDULED (R_routeID, B_busID, timeStart, timeEnd) values (886608, 67829, '04:38:49', '05:29:04');
insert into SCHEDULED (R_routeID, B_busID, timeStart, timeEnd) values (886608, 74372, '10:13:04', '11:01:23');
insert into SCHEDULED (R_routeID, B_busID, timeStart, timeEnd) values (886608, 96929, '06:20:00', '07:15:51');
insert into SCHEDULED (R_routeID, B_busID, timeStart, timeEnd) values (889724, 17994, '07:34:33', '08:24:58');
insert into SCHEDULED (R_routeID, B_busID, timeStart, timeEnd) values (889724, 23943, '10:19:44', '11:10:39');
insert into SCHEDULED (R_routeID, B_busID, timeStart, timeEnd) values (889724, 29283, '21:09:08', '21:59:21');
insert into SCHEDULED (R_routeID, B_busID, timeStart, timeEnd) values (889724, 67901, '10:51:45', '11:50:00');
insert into SCHEDULED (R_routeID, B_busID, timeStart, timeEnd) values (889724, 86507, '12:08:23', '12:53:55');
insert into SCHEDULED (R_routeID, B_busID, timeStart, timeEnd) values (911634, 17208, '14:22:48', '15:14:01');
insert into SCHEDULED (R_routeID, B_busID, timeStart, timeEnd) values (911634, 21273, '15:42:20', '16:27:39');
insert into SCHEDULED (R_routeID, B_busID, timeStart, timeEnd) values (911634, 38302, '20:38:46', '21:30:00');
insert into SCHEDULED (R_routeID, B_busID, timeStart, timeEnd) values (911634, 64508, '06:19:18', '07:07:11');
insert into SCHEDULED (R_routeID, B_busID, timeStart, timeEnd) values (911634, 78696, '13:44:01', '14:39:08');
insert into SCHEDULED (R_routeID, B_busID, timeStart, timeEnd) values (912460, 12835, '07:20:42', '08:15:08');
insert into SCHEDULED (R_routeID, B_busID, timeStart, timeEnd) values (912460, 33824, '16:32:38', '17:19:20');
insert into SCHEDULED (R_routeID, B_busID, timeStart, timeEnd) values (912460, 35197, '13:51:37', '14:42:31');
insert into SCHEDULED (R_routeID, B_busID, timeStart, timeEnd) values (912460, 38302, '14:02:14', '14:58:42');
insert into SCHEDULED (R_routeID, B_busID, timeStart, timeEnd) values (912460, 92141, '05:42:50', '06:29:33');
insert into SCHEDULED (R_routeID, B_busID, timeStart, timeEnd) values (918178, 11111, '17:05:08', '17:55:19');
insert into SCHEDULED (R_routeID, B_busID, timeStart, timeEnd) values (918178, 22167, '05:21:18', '06:17:32');
insert into SCHEDULED (R_routeID, B_busID, timeStart, timeEnd) values (918178, 78696, '16:54:29', '17:46:28');
insert into SCHEDULED (R_routeID, B_busID, timeStart, timeEnd) values (918178, 86131, '16:49:34', '17:49:37');
insert into SCHEDULED (R_routeID, B_busID, timeStart, timeEnd) values (918178, 86616, '16:02:05', '16:53:36');
insert into SCHEDULED (R_routeID, B_busID, timeStart, timeEnd) values (919610, 12128, '10:34:04', '11:22:09');
insert into SCHEDULED (R_routeID, B_busID, timeStart, timeEnd) values (919610, 25350, '22:06:47', '22:59:04');
insert into SCHEDULED (R_routeID, B_busID, timeStart, timeEnd) values (919610, 60721, '09:14:58', '10:05:09');
insert into SCHEDULED (R_routeID, B_busID, timeStart, timeEnd) values (919610, 99822, '19:15:20', '20:14:47');
insert into SCHEDULED (R_routeID, B_busID, timeStart, timeEnd) values (922432, 26840, '19:45:32', '20:40:43');
insert into SCHEDULED (R_routeID, B_busID, timeStart, timeEnd) values (922432, 43799, '17:41:58', '18:30:17');
insert into SCHEDULED (R_routeID, B_busID, timeStart, timeEnd) values (922432, 72341, '11:01:37', '11:58:02');
insert into SCHEDULED (R_routeID, B_busID, timeStart, timeEnd) values (922432, 74372, '13:26:14', '14:25:40');
insert into SCHEDULED (R_routeID, B_busID, timeStart, timeEnd) values (923882, 23511, '12:29:33', '13:29:01');
insert into SCHEDULED (R_routeID, B_busID, timeStart, timeEnd) values (923882, 25466, '07:56:18', '08:41:28');
insert into SCHEDULED (R_routeID, B_busID, timeStart, timeEnd) values (923882, 53108, '20:24:22', '21:24:44');
insert into SCHEDULED (R_routeID, B_busID, timeStart, timeEnd) values (923882, 73671, '06:06:23', '06:53:21');
insert into SCHEDULED (R_routeID, B_busID, timeStart, timeEnd) values (927079, 12678, '19:58:38', '20:55:47');
insert into SCHEDULED (R_routeID, B_busID, timeStart, timeEnd) values (927079, 17682, '09:55:42', '10:49:12');
insert into SCHEDULED (R_routeID, B_busID, timeStart, timeEnd) values (927079, 18912, '17:55:32', '18:53:00');
insert into SCHEDULED (R_routeID, B_busID, timeStart, timeEnd) values (927079, 98678, '18:46:03', '19:41:08');
insert into SCHEDULED (R_routeID, B_busID, timeStart, timeEnd) values (938866, 37772, '13:37:28', '14:29:56');
insert into SCHEDULED (R_routeID, B_busID, timeStart, timeEnd) values (938866, 65453, '15:35:37', '16:36:13');
insert into SCHEDULED (R_routeID, B_busID, timeStart, timeEnd) values (938866, 79883, '06:39:18', '07:25:01');
insert into SCHEDULED (R_routeID, B_busID, timeStart, timeEnd) values (938866, 85843, '22:01:26', '22:47:07');
insert into SCHEDULED (R_routeID, B_busID, timeStart, timeEnd) values (940790, 14130, '13:57:16', '14:47:23');
insert into SCHEDULED (R_routeID, B_busID, timeStart, timeEnd) values (940790, 19658, '20:39:21', '21:26:52');
insert into SCHEDULED (R_routeID, B_busID, timeStart, timeEnd) values (940790, 54494, '16:12:39', '17:03:26');
insert into SCHEDULED (R_routeID, B_busID, timeStart, timeEnd) values (940790, 65453, '17:33:14', '18:27:56');
insert into SCHEDULED (R_routeID, B_busID, timeStart, timeEnd) values (942709, 73518, '14:18:46', '15:05:30');
insert into SCHEDULED (R_routeID, B_busID, timeStart, timeEnd) values (942709, 76647, '07:39:53', '08:27:44');
insert into SCHEDULED (R_routeID, B_busID, timeStart, timeEnd) values (942709, 80205, '13:44:10', '14:40:33');
insert into SCHEDULED (R_routeID, B_busID, timeStart, timeEnd) values (942709, 98608, '18:33:56', '19:19:11');
insert into SCHEDULED (R_routeID, B_busID, timeStart, timeEnd) values (952090, 29568, '19:11:58', '20:10:07');
insert into SCHEDULED (R_routeID, B_busID, timeStart, timeEnd) values (952090, 75277, '14:39:27', '15:32:56');
insert into SCHEDULED (R_routeID, B_busID, timeStart, timeEnd) values (952090, 78474, '19:35:10', '20:33:57');
insert into SCHEDULED (R_routeID, B_busID, timeStart, timeEnd) values (952090, 96806, '11:25:56', '12:17:54');
insert into SCHEDULED (R_routeID, B_busID, timeStart, timeEnd) values (965874, 21808, '07:20:44', '08:11:46');
insert into SCHEDULED (R_routeID, B_busID, timeStart, timeEnd) values (965874, 23257, '22:05:32', '22:55:06');
insert into SCHEDULED (R_routeID, B_busID, timeStart, timeEnd) values (965874, 24159, '13:15:14', '14:13:29');
insert into SCHEDULED (R_routeID, B_busID, timeStart, timeEnd) values (965874, 72750, '18:18:04', '19:10:50');
insert into SCHEDULED (R_routeID, B_busID, timeStart, timeEnd) values (979273, 23511, '12:10:06', '12:56:32');
insert into SCHEDULED (R_routeID, B_busID, timeStart, timeEnd) values (979273, 45891, '14:36:25', '15:24:04');
insert into SCHEDULED (R_routeID, B_busID, timeStart, timeEnd) values (979273, 52838, '16:50:31', '17:37:50');
insert into SCHEDULED (R_routeID, B_busID, timeStart, timeEnd) values (979273, 60057, '07:48:31', '08:39:46');
insert into SCHEDULED (R_routeID, B_busID, timeStart, timeEnd) values (979777, 67901, '09:48:00', '10:35:46');
insert into SCHEDULED (R_routeID, B_busID, timeStart, timeEnd) values (979777, 73462, '15:42:36', '16:41:01');
insert into SCHEDULED (R_routeID, B_busID, timeStart, timeEnd) values (979777, 86507, '11:30:03', '12:18:34');
insert into SCHEDULED (R_routeID, B_busID, timeStart, timeEnd) values (979777, 94831, '07:11:18', '08:08:05');
insert into SCHEDULED (R_routeID, B_busID, timeStart, timeEnd) values (984025, 12128, '05:55:14', '06:53:41');
insert into SCHEDULED (R_routeID, B_busID, timeStart, timeEnd) values (984025, 17217, '12:30:45', '13:17:05');
insert into SCHEDULED (R_routeID, B_busID, timeStart, timeEnd) values (984025, 24819, '19:26:46', '20:23:02');
insert into SCHEDULED (R_routeID, B_busID, timeStart, timeEnd) values (984025, 69637, '20:35:24', '21:31:05');
insert into SCHEDULED (R_routeID, B_busID, timeStart, timeEnd) values (987367, 27401, '16:38:14', '17:33:05');
insert into SCHEDULED (R_routeID, B_busID, timeStart, timeEnd) values (987367, 37772, '12:55:38', '13:52:01');
insert into SCHEDULED (R_routeID, B_busID, timeStart, timeEnd) values (987367, 68761, '18:46:04', '19:39:00');
insert into SCHEDULED (R_routeID, B_busID, timeStart, timeEnd) values (987367, 78851, '17:23:09', '18:15:12');
insert into SCHEDULED (R_routeID, B_busID, timeStart, timeEnd) values (987513, 25466, '09:16:41', '10:13:45');
insert into SCHEDULED (R_routeID, B_busID, timeStart, timeEnd) values (987513, 79906, '19:50:33', '20:44:43');
insert into SCHEDULED (R_routeID, B_busID, timeStart, timeEnd) values (987513, 82062, '16:32:00', '17:27:18');
insert into SCHEDULED (R_routeID, B_busID, timeStart, timeEnd) values (987513, 86507, '05:22:48', '06:10:18');
insert into SCHEDULED (R_routeID, B_busID, timeStart, timeEnd) values (993829, 24517, '12:55:16', '13:48:02');
insert into SCHEDULED (R_routeID, B_busID, timeStart, timeEnd) values (993829, 45028, '16:45:14', '17:37:34');
insert into SCHEDULED (R_routeID, B_busID, timeStart, timeEnd) values (993829, 66444, '10:51:05', '11:47:18');
insert into SCHEDULED (R_routeID, B_busID, timeStart, timeEnd) values (993829, 77162, '20:07:37', '21:05:23');
