USE CBS; 

-- Delete all data from EMPLOYEE before inserting
-- DELETE FROM EMPLOYEE;

INSERT INTO EMPLOYEE (ssn, Fname, Minit, Lname, startDate, supervisor)
VALUES (123456789, 'Mason', 'G', 'Kim','2019-09-05', NULL);

INSERT INTO EMPLOYEE (ssn, Fname, Minit, Lname, startDate, supervisor)
VALUES (112233445, 'Jason', 'F', 'Dry', '2019-12-20', 123456789);

INSERT INTO EMPLOYEE
VALUES (111222333, 'Jeff', 'L', 'Mason', '2018-09-30', 123456789);

-- INSERT INTO ADDRESS (S_ssn, street, city, state, zip) 
-- VALUES (123456789, 'Campus', 'Seattle', 'WA', '98195');

-- INSERT INTO ADDRESS (S_ssn, street, city, state, zip) 
-- VALUES (112233445, '18115 Campus Way NE', 'Bothell', 'WA', '98011');

-- INSERT INTO ADDRESS (S_ssn, street, city, state, zip) 
-- VALUES (111222333, 'Make This St', 'Lynnwood', 'WA', '98087');
-- Delete all data from BUS before inserting
-- DELETE FROM BUS;

INSERT INTO BUS (busID, busName, capacity, manufactured_date, E_driver)
VALUES (11111, '535 Lynnwood', 60, '2020-01-01', 111222333);

INSERT INTO BUS (busID, busName, capacity, manufactured_date, E_driver)
VALUES (22222, '535 Bellevue', 60, '2020-01-01', 112233445);

-- Delete all data from FARE_TIER before inserting
-- DELETE FROM FARE_TIER;

INSERT INTO FARE_TIER (tier, cost, fareName)
VALUES (1, 1, 'Veteran');

INSERT INTO FARE_TIER (tier, cost, fareName)
VALUES (2, 1, 'Disabled');

INSERT INTO FARE_TIER (tier, cost, fareName)
VALUES (3, 1.5, 'Student');

INSERT INTO FARE_TIER (tier, cost, fareName)
VALUES (4, 1.5, 'Child');

INSERT INTO FARE_TIER (tier, cost, fareName)
VALUES (5, 2.75, 'Adult');

INSERT INTO FARE_TIER (tier, cost, fareName)
VALUES (6, 1, 'Senior');

-- Delete all data from CARD before inserting
-- DELETE FROM CARD;

INSERT INTO CARD (cardNum, balance, expiry_date, F_fare)
VALUES(456789123, 99.99, '2022-09-20', 3); -- Some student

INSERT INTO CARD (cardNum, balance, expiry_date, F_fare)
VALUES(789456123, 99.99, '2022-10-20', 3); -- Some student

INSERT INTO CARD (cardNum, balance, expiry_date, F_fare)
VALUES(987654321, 4.69, '2022-09-20', 1); -- Some Veteran

INSERT INTO CARD (cardNum, balance, expiry_date, F_fare)
VALUES(321654987, 23.69, '2022-10-20', 4); -- Some Child

-- Delete all data from TAPS before inserting
-- DELETE FROM TAPS;

INSERT INTO TAPS (B_busID, C_cardNum, time_stamp)
VALUES(11111, 321654987, '2020-06-20 15:20:39');

INSERT INTO TAPS (B_busID, C_cardNum, time_stamp)
VALUES(11111, 987654321, '2019-12-07 20:20:20');

INSERT INTO TAPS (B_busID, C_cardNum, time_stamp)
VALUES(22222, 987654321, '2020-11-14 07:21:49');

-- Delete all data from BUS_STOP before inserting
-- DELETE FROM BUS_STOP;

INSERT INTO BUS_STOP (stopID, street1, street2)
VALUES(123132, '110 Ave NE', 'Campus Way NE');

INSERT INTO BUS_STOP (stopID, street1, street2)
VALUES(321321, '200th ST SW', '46th Ave W');

INSERT INTO BUS_STOP (stopID, street1, street2)
VALUES(654789, '112th St SE', 'South Everett St');

-- Delete all data from ROUTE before inserting
-- DELETE FROM ROUTE;

INSERT INTO ROUTE (routeID, S_firstStop, S_lastStop)
VALUES(159357, 123132, 321321);

INSERT INTO ROUTE (routeID, S_firstStop, S_lastStop)
VALUES(357159, 321321, 654789);

INSERT INTO ROUTE (routeID, S_firstStop, S_lastStop)
VALUES(965874, 654789, 123132);

-- Delete all data from VISITS before inserting
-- DELETE FROM VISITS;

-- INSERT INTO VISITS (R_routeID, S_stopID, arrivalTime, departTime)
-- VALUES(159357, 123132, '16:30:10', '16:30:40');

-- INSERT INTO VISITS (R_routeID, S_stopID, arrivalTime, departTime)
-- VALUES(357159, 321321, '06:29:11', '06:29:38');

-- INSERT INTO VISITS (R_routeID, S_stopID, arrivalTime, departTime)
-- VALUES(965874, 654789, '21:01:57', '21:01:57');

-- Delete all data from SCHEDULED before inserting
-- DELETE FROM SCHEDULED;

INSERT INTO SCHEDULED (R_routeID, B_busID, timeStart, timeEnd)
VALUES(159357, 11111, '15:01:57', '21:01:57');

INSERT INTO SCHEDULED (R_routeID, B_busID, timeStart, timeEnd)
VALUES(159357, 22222, '19:20:33', '20:08:57');

insert into EMPLOYEE (ssn, Fname, Minit, Lname, startDate, supervisor) values (824851403, 'Kati', 'W', 'Duplan', '2013-09-27', null);
insert into EMPLOYEE (ssn, Fname, Minit, Lname, startDate, supervisor) values (644370991, 'Lorilee', 'T', 'Wyett', '2005-12-24', null);
insert into EMPLOYEE (ssn, Fname, Minit, Lname, startDate, supervisor) values (488039334, 'Abey', 'I', 'Paradin', '2013-02-26', null);
insert into EMPLOYEE (ssn, Fname, Minit, Lname, startDate, supervisor) values (774315411, 'Cedric', 'T', 'Barkley', '2015-12-05', null);
insert into EMPLOYEE (ssn, Fname, Minit, Lname, startDate, supervisor) values (600459105, 'Nikolia', 'R', 'Burbank', '2017-10-02', null);
insert into EMPLOYEE (ssn, Fname, Minit, Lname, startDate, supervisor) values (937235392, 'Warner', 'O', 'Stubbert', '2001-07-09', null);
insert into EMPLOYEE (ssn, Fname, Minit, Lname, startDate, supervisor) values (472476944, 'Mattheus', 'Z', 'Lyptratt', '2019-11-12', null);
insert into EMPLOYEE (ssn, Fname, Minit, Lname, startDate, supervisor) values (139797007, 'Anna-maria', 'E', 'Martyn', '2002-04-08', null);
insert into EMPLOYEE (ssn, Fname, Minit, Lname, startDate, supervisor) values (166032504, 'Sherwood', 'H', 'Deavall', '2015-08-18', null);
insert into EMPLOYEE (ssn, Fname, Minit, Lname, startDate, supervisor) values (366372582, 'Ida', 'Z', 'Doughty', '2014-10-06', null);
insert into EMPLOYEE (ssn, Fname, Minit, Lname, startDate, supervisor) values (481262964, 'Olenolin', 'B', 'Brownill', '2010-09-15', null);
insert into EMPLOYEE (ssn, Fname, Minit, Lname, startDate, supervisor) values (659701453, 'Alvy', 'H', 'Lightman', '2001-09-11', null);
insert into EMPLOYEE (ssn, Fname, Minit, Lname, startDate, supervisor) values (313974553, 'Welsh', 'W', 'Ganiford', '2015-09-30', null);
insert into EMPLOYEE (ssn, Fname, Minit, Lname, startDate, supervisor) values (492593766, 'Deedee', 'E', 'Fellgett', '2001-10-07', null);
insert into EMPLOYEE (ssn, Fname, Minit, Lname, startDate, supervisor) values (669055432, 'Rosene', 'H', 'Paoloni', '2009-10-16', null);
insert into EMPLOYEE (ssn, Fname, Minit, Lname, startDate, supervisor) values (676893850, 'Jenn', 'M', 'Reardon', '2017-12-17', null);
insert into EMPLOYEE (ssn, Fname, Minit, Lname, startDate, supervisor) values (104607353, 'Freddie', 'S', 'End', '2014-10-12', null);
insert into EMPLOYEE (ssn, Fname, Minit, Lname, startDate, supervisor) values (591278118, 'Felice', 'R', 'Arpin', '2007-04-02', null);
insert into EMPLOYEE (ssn, Fname, Minit, Lname, startDate, supervisor) values (985548937, 'Celestyna', 'Z', 'Cain', '2018-08-20', null);
insert into EMPLOYEE (ssn, Fname, Minit, Lname, startDate, supervisor) values (441162035, 'Lyssa', 'O', 'Delap', '2005-08-27', null);
insert into EMPLOYEE (ssn, Fname, Minit, Lname, startDate, supervisor) values (592319671, 'Lishe', 'C', 'Edmonston', '2012-02-25', null);
insert into EMPLOYEE (ssn, Fname, Minit, Lname, startDate, supervisor) values (613314239, 'Bradford', 'E', 'Wolffers', '2015-08-06', null);
insert into EMPLOYEE (ssn, Fname, Minit, Lname, startDate, supervisor) values (836978782, 'Ethelyn', 'C', 'Billingham', '2018-03-23', null);
insert into EMPLOYEE (ssn, Fname, Minit, Lname, startDate, supervisor) values (820503135, 'Boigie', 'B', 'Gidley', '2003-02-15', null);
insert into EMPLOYEE (ssn, Fname, Minit, Lname, startDate, supervisor) values (122350986, 'Finley', 'H', 'Sands-Allan', '2002-05-21', null);
insert into EMPLOYEE (ssn, Fname, Minit, Lname, startDate, supervisor) values (531456609, 'Kalli', 'H', 'Charrington', '2002-05-27', null);
insert into EMPLOYEE (ssn, Fname, Minit, Lname, startDate, supervisor) values (768264439, 'Marissa', 'F', 'Djorvic', '2010-04-07', null);
insert into EMPLOYEE (ssn, Fname, Minit, Lname, startDate, supervisor) values (616435033, 'Charmion', 'L', 'Richarz', '2013-10-15', null);
insert into EMPLOYEE (ssn, Fname, Minit, Lname, startDate, supervisor) values (767525305, 'Ham', 'G', 'Andreu', '2008-02-17', null);
insert into EMPLOYEE (ssn, Fname, Minit, Lname, startDate, supervisor) values (790579277, 'Ardine', 'D', 'Biever', '2007-01-20', null);
insert into EMPLOYEE (ssn, Fname, Minit, Lname, startDate, supervisor) values (561714579, 'Dorie', 'G', 'Nyssen', '2017-07-24', null);
insert into EMPLOYEE (ssn, Fname, Minit, Lname, startDate, supervisor) values (669376754, 'Chelsie', 'I', 'Manketell', '2013-06-19', null);
insert into EMPLOYEE (ssn, Fname, Minit, Lname, startDate, supervisor) values (890807527, 'Lenora', 'T', 'Monkman', '2017-02-09', null);
insert into EMPLOYEE (ssn, Fname, Minit, Lname, startDate, supervisor) values (144337268, 'Matthaeus', 'C', 'Grzegorek', '2004-10-08', null);
insert into EMPLOYEE (ssn, Fname, Minit, Lname, startDate, supervisor) values (430011893, 'Poppy', 'E', 'Jeanesson', '2009-05-02', null);
insert into EMPLOYEE (ssn, Fname, Minit, Lname, startDate, supervisor) values (231293985, 'Evangelia', 'Z', 'Maffeo', '2011-08-23', null);
insert into EMPLOYEE (ssn, Fname, Minit, Lname, startDate, supervisor) values (436961321, 'Jenna', 'N', 'Cherm', '2000-08-28', null);
insert into EMPLOYEE (ssn, Fname, Minit, Lname, startDate, supervisor) values (182064985, 'Kingston', 'I', 'Cianni', '2017-12-06', null);
insert into EMPLOYEE (ssn, Fname, Minit, Lname, startDate, supervisor) values (993463224, 'Jolene', 'C', 'Ekins', '2014-02-02', null);
insert into EMPLOYEE (ssn, Fname, Minit, Lname, startDate, supervisor) values (284714531, 'Wes', 'M', 'Kyston', '2006-07-07', null);
insert into EMPLOYEE (ssn, Fname, Minit, Lname, startDate, supervisor) values (667442309, 'Consuela', 'J', 'Veldman', '2008-05-31', null);
insert into EMPLOYEE (ssn, Fname, Minit, Lname, startDate, supervisor) values (534323165, 'Bendick', 'G', 'Jaggs', '2006-03-19', null);
insert into EMPLOYEE (ssn, Fname, Minit, Lname, startDate, supervisor) values (967158275, 'Em', 'F', 'Cradoc', '2013-11-27', null);
insert into EMPLOYEE (ssn, Fname, Minit, Lname, startDate, supervisor) values (154639902, 'Alexandra', 'R', 'Kingscott', '2011-08-19', null);
insert into EMPLOYEE (ssn, Fname, Minit, Lname, startDate, supervisor) values (801746835, 'Rogerio', 'O', 'Churchley', '2010-10-06', null);
insert into EMPLOYEE (ssn, Fname, Minit, Lname, startDate, supervisor) values (270589620, 'Rona', 'J', 'Rossbrooke', '2002-03-07', null);
insert into EMPLOYEE (ssn, Fname, Minit, Lname, startDate, supervisor) values (438910512, 'Garrard', 'S', 'Arthan', '2003-08-23', null);
insert into EMPLOYEE (ssn, Fname, Minit, Lname, startDate, supervisor) values (693659553, 'Lacey', 'F', 'Pedder', '2010-08-02', null);
insert into EMPLOYEE (ssn, Fname, Minit, Lname, startDate, supervisor) values (646121223, 'Maddy', 'P', 'Yatman', '2002-04-27', null);
insert into EMPLOYEE (ssn, Fname, Minit, Lname, startDate, supervisor) values (277105093, 'Herc', 'H', 'Follet', '2004-09-28', null);


insert into EMPLOYEE (ssn, Fname, Minit, Lname, startDate, supervisor) values (443521957, 'Demetris', 'L', 'Gusticke', '2019-09-11', 139797007);
insert into EMPLOYEE (ssn, Fname, Minit, Lname, startDate, supervisor) values (710382130, 'Atalanta', 'O', 'McTavy', '2009-07-01', 531456609);
insert into EMPLOYEE (ssn, Fname, Minit, Lname, startDate, supervisor) values (712270795, 'Iormina', 'Y', 'Berndsen', '2000-07-24', 561714579);
insert into EMPLOYEE (ssn, Fname, Minit, Lname, startDate, supervisor) values (737795983, 'Bing', 'H', 'Kless', '2009-02-05', 472476944);
insert into EMPLOYEE (ssn, Fname, Minit, Lname, startDate, supervisor) values (861641057, 'Dalli', 'U', 'Grady', '2010-07-05', 646121223);
insert into EMPLOYEE (ssn, Fname, Minit, Lname, startDate, supervisor) values (438121388, 'Riley', 'H', 'Seaborn', '2002-06-16', 644370991);
insert into EMPLOYEE (ssn, Fname, Minit, Lname, startDate, supervisor) values (772889194, 'Adelheid', 'M', 'Jerromes', '2009-06-11', 820503135);
insert into EMPLOYEE (ssn, Fname, Minit, Lname, startDate, supervisor) values (178402438, 'Gradey', 'P', 'Bernaldez', '2019-02-10', 774315411);
insert into EMPLOYEE (ssn, Fname, Minit, Lname, startDate, supervisor) values (386233636, 'Walther', 'X', 'Langrish', '2012-10-10', 667442309);
insert into EMPLOYEE (ssn, Fname, Minit, Lname, startDate, supervisor) values (251255376, 'Orion', 'Z', 'Bowman', '2010-05-21', 667442309);
insert into EMPLOYEE (ssn, Fname, Minit, Lname, startDate, supervisor) values (836288861, 'Tyrone', 'P', 'Shemelt', '2000-10-11', 767525305);
insert into EMPLOYEE (ssn, Fname, Minit, Lname, startDate, supervisor) values (336925601, 'Gwynne', 'P', 'Oughton', '2004-03-29', 669376754);
insert into EMPLOYEE (ssn, Fname, Minit, Lname, startDate, supervisor) values (923375304, 'Bordie', 'X', 'Karpol', '2000-11-05', 644370991);
insert into EMPLOYEE (ssn, Fname, Minit, Lname, startDate, supervisor) values (563969579, 'Dalenna', 'U', 'O''Keefe', '2004-10-09', 104607353);
insert into EMPLOYEE (ssn, Fname, Minit, Lname, startDate, supervisor) values (618566580, 'Wes', 'F', 'Scocroft', '2011-06-18', 801746835);
insert into EMPLOYEE (ssn, Fname, Minit, Lname, startDate, supervisor) values (420277416, 'Vere', 'T', 'Barensen', '2017-01-14', 123456789);
insert into EMPLOYEE (ssn, Fname, Minit, Lname, startDate, supervisor) values (207642239, 'Menard', 'X', 'Randleson', '2005-03-06', 492593766);
insert into EMPLOYEE (ssn, Fname, Minit, Lname, startDate, supervisor) values (987630551, 'Kelcy', 'C', 'Nevitt', '2015-01-29', 366372582);
insert into EMPLOYEE (ssn, Fname, Minit, Lname, startDate, supervisor) values (157493611, 'Bamby', 'K', 'Colcutt', '2001-12-28', 613314239);
insert into EMPLOYEE (ssn, Fname, Minit, Lname, startDate, supervisor) values (154921571, 'Hillard', 'R', 'Blabie', '2014-10-27', 531456609);
insert into EMPLOYEE (ssn, Fname, Minit, Lname, startDate, supervisor) values (848808968, 'Ewell', 'N', 'Snozzwell', '2014-01-10', 531456609);
insert into EMPLOYEE (ssn, Fname, Minit, Lname, startDate, supervisor) values (676103746, 'Evyn', 'C', 'Mabbs', '2008-12-23', 534323165);
insert into EMPLOYEE (ssn, Fname, Minit, Lname, startDate, supervisor) values (651447905, 'Benton', 'B', 'Whybray', '2005-11-06', 937235392);
insert into EMPLOYEE (ssn, Fname, Minit, Lname, startDate, supervisor) values (897500571, 'Ev', 'R', 'Spraberry', '2013-01-07', 693659553);
insert into EMPLOYEE (ssn, Fname, Minit, Lname, startDate, supervisor) values (414992251, 'Teressa', 'A', 'O''Dulchonta', '2017-06-16', 820503135);
insert into EMPLOYEE (ssn, Fname, Minit, Lname, startDate, supervisor) values (826793961, 'Dimitri', 'V', 'Nayer', '2008-02-06', 937235392);
insert into EMPLOYEE (ssn, Fname, Minit, Lname, startDate, supervisor) values (581826153, 'Caldwell', 'M', 'O''dell', '2014-04-10', 613314239);
insert into EMPLOYEE (ssn, Fname, Minit, Lname, startDate, supervisor) values (890076190, 'Vlad', 'S', 'Matic', '2013-06-18', 659701453);
insert into EMPLOYEE (ssn, Fname, Minit, Lname, startDate, supervisor) values (828198883, 'Darrelle', 'C', 'Shard', '2012-01-14', 441162035);
insert into EMPLOYEE (ssn, Fname, Minit, Lname, startDate, supervisor) values (563722841, 'Grete', 'W', 'Jurek', '2011-12-12', 531456609);
insert into EMPLOYEE (ssn, Fname, Minit, Lname, startDate, supervisor) values (864810215, 'Ted', 'G', 'Jikovsky', '2017-01-03', 646121223);
insert into EMPLOYEE (ssn, Fname, Minit, Lname, startDate, supervisor) values (602604016, 'Alysa', 'Y', 'Brave', '2006-05-12', 154639902);
insert into EMPLOYEE (ssn, Fname, Minit, Lname, startDate, supervisor) values (900221260, 'Torey', 'I', 'Kloster', '2004-01-04', 561714579);
insert into EMPLOYEE (ssn, Fname, Minit, Lname, startDate, supervisor) values (177002527, 'Sheri', 'J', 'Valek', '2005-11-02', 277105093);
insert into EMPLOYEE (ssn, Fname, Minit, Lname, startDate, supervisor) values (885837735, 'Karlen', 'K', 'Debold', '2009-12-01', 166032504);
insert into EMPLOYEE (ssn, Fname, Minit, Lname, startDate, supervisor) values (788344721, 'Joceline', 'B', 'Urling', '2016-09-22', 591278118);
insert into EMPLOYEE (ssn, Fname, Minit, Lname, startDate, supervisor) values (824501621, 'Zsa zsa', 'R', 'Cristofari', '2007-01-05', 111222333);
insert into EMPLOYEE (ssn, Fname, Minit, Lname, startDate, supervisor) values (798301345, 'Levy', 'W', 'Hayle', '2012-12-12', 592319671);
insert into EMPLOYEE (ssn, Fname, Minit, Lname, startDate, supervisor) values (549143058, 'Yancey', 'Y', 'Standingford', '2014-07-06', 937235392);
insert into EMPLOYEE (ssn, Fname, Minit, Lname, startDate, supervisor) values (358026844, 'Faith', 'G', 'Upstone', '2003-12-05', 646121223);
insert into EMPLOYEE (ssn, Fname, Minit, Lname, startDate, supervisor) values (154705279, 'Porty', 'O', 'Rye', '2000-10-17', 937235392);
insert into EMPLOYEE (ssn, Fname, Minit, Lname, startDate, supervisor) values (265806065, 'Kirsti', 'R', 'MacNamee', '2009-12-01', 488039334);
insert into EMPLOYEE (ssn, Fname, Minit, Lname, startDate, supervisor) values (252945358, 'Chandra', 'W', 'Knappen', '2015-04-18', 644370991);
insert into EMPLOYEE (ssn, Fname, Minit, Lname, startDate, supervisor) values (244968379, 'Eldredge', 'G', 'Shadbolt', '2019-07-19', 591278118);
insert into EMPLOYEE (ssn, Fname, Minit, Lname, startDate, supervisor) values (167941783, 'Lloyd', 'R', 'Goodred', '2005-02-22', 436961321);
insert into EMPLOYEE (ssn, Fname, Minit, Lname, startDate, supervisor) values (529452674, 'Stevena', 'T', 'Tungay', '2016-01-26', 270589620);
insert into EMPLOYEE (ssn, Fname, Minit, Lname, startDate, supervisor) values (880824374, 'Ody', 'L', 'Phateplace', '2018-08-11', 820503135);
insert into EMPLOYEE (ssn, Fname, Minit, Lname, startDate, supervisor) values (630217764, 'Jaimie', 'V', 'Le Clercq', '2016-12-18', 104607353);
insert into EMPLOYEE (ssn, Fname, Minit, Lname, startDate, supervisor) values (364151456, 'Rolph', 'B', 'Streets', '2006-11-20', 481262964);
insert into EMPLOYEE (ssn, Fname, Minit, Lname, startDate, supervisor) values (994985081, 'Hi', 'L', 'Paulin', '2001-03-17', 166032504);
insert into EMPLOYEE (ssn, Fname, Minit, Lname, startDate, supervisor) values (150542311, 'Julina', 'V', 'Rounds', '2006-07-12', 313974553);
insert into EMPLOYEE (ssn, Fname, Minit, Lname, startDate, supervisor) values (638941657, 'Constanta', 'V', 'Zuan', '2011-02-06', 438910512);
insert into EMPLOYEE (ssn, Fname, Minit, Lname, startDate, supervisor) values (462672945, 'Filmer', 'A', 'Measey', '2002-01-02', 313974553);
insert into EMPLOYEE (ssn, Fname, Minit, Lname, startDate, supervisor) values (467756103, 'Annmarie', 'Y', 'Huddles', '2004-08-03', 659701453);
insert into EMPLOYEE (ssn, Fname, Minit, Lname, startDate, supervisor) values (177450153, 'Gert', 'G', 'Harbord', '2007-07-28', 985548937);
insert into EMPLOYEE (ssn, Fname, Minit, Lname, startDate, supervisor) values (783109559, 'Annabella', 'Y', 'Carlett', '2009-08-19', 231293985);
insert into EMPLOYEE (ssn, Fname, Minit, Lname, startDate, supervisor) values (538513181, 'Harwilll', 'Z', 'Mignot', '2003-01-28', 600459105);
insert into EMPLOYEE (ssn, Fname, Minit, Lname, startDate, supervisor) values (452828975, 'Estevan', 'Q', 'Huckell', '2019-05-28', 774315411);
insert into EMPLOYEE (ssn, Fname, Minit, Lname, startDate, supervisor) values (827480321, 'Boote', 'S', 'Manlow', '2000-11-01', 561714579);
insert into EMPLOYEE (ssn, Fname, Minit, Lname, startDate, supervisor) values (783692526, 'Ilysa', 'W', 'Rudham', '2008-02-02', 592319671);
insert into EMPLOYEE (ssn, Fname, Minit, Lname, startDate, supervisor) values (475339310, 'Starlene', 'R', 'Demange', '2016-10-23', 561714579);
insert into EMPLOYEE (ssn, Fname, Minit, Lname, startDate, supervisor) values (823283430, 'Keslie', 'N', 'Clendening', '2014-03-23', 481262964);
insert into EMPLOYEE (ssn, Fname, Minit, Lname, startDate, supervisor) values (750631253, 'Delila', 'F', 'Millins', '2006-03-18', 600459105);
insert into EMPLOYEE (ssn, Fname, Minit, Lname, startDate, supervisor) values (395589057, 'Tann', 'Q', 'Povey', '2001-04-01', 104607353);
insert into EMPLOYEE (ssn, Fname, Minit, Lname, startDate, supervisor) values (237775899, 'Freddie', 'U', 'Spitaro', '2007-11-10', 646121223);
insert into EMPLOYEE (ssn, Fname, Minit, Lname, startDate, supervisor) values (964445166, 'Dion', 'Y', 'Plevin', '2007-11-07', 488039334);
insert into EMPLOYEE (ssn, Fname, Minit, Lname, startDate, supervisor) values (107795443, 'Dede', 'Y', 'Holburn', '2002-07-10', 488039334);
insert into EMPLOYEE (ssn, Fname, Minit, Lname, startDate, supervisor) values (845585406, 'Jolie', 'U', 'Doyle', '2004-01-07', 667442309);
insert into EMPLOYEE (ssn, Fname, Minit, Lname, startDate, supervisor) values (582330081, 'Morlee', 'V', 'Hembling', '2004-01-03', 144337268);
insert into EMPLOYEE (ssn, Fname, Minit, Lname, startDate, supervisor) values (542135317, 'Deedee', 'Q', 'Pennycook', '2000-03-28', 774315411);
insert into EMPLOYEE (ssn, Fname, Minit, Lname, startDate, supervisor) values (848570731, 'Codee', 'Y', 'McCusker', '2009-03-20', 676893850);
insert into EMPLOYEE (ssn, Fname, Minit, Lname, startDate, supervisor) values (506129135, 'Nikolaus', 'Y', 'Kesteven', '2011-12-10', 774315411);
insert into EMPLOYEE (ssn, Fname, Minit, Lname, startDate, supervisor) values (885147330, 'Phillipp', 'E', 'Braundt', '2010-10-18', 441162035);
insert into EMPLOYEE (ssn, Fname, Minit, Lname, startDate, supervisor) values (422060097, 'Basile', 'H', 'Farnish', '2019-04-10', 613314239);
insert into EMPLOYEE (ssn, Fname, Minit, Lname, startDate, supervisor) values (413264344, 'Natassia', 'U', 'Biddlestone', '2017-04-21', 112233445);
insert into EMPLOYEE (ssn, Fname, Minit, Lname, startDate, supervisor) values (972844832, 'Collie', 'N', 'Brownsell', '2017-05-23', 890807527);
insert into EMPLOYEE (ssn, Fname, Minit, Lname, startDate, supervisor) values (397383835, 'Lorna', 'L', 'Huetson', '2007-08-29', 104607353);
insert into EMPLOYEE (ssn, Fname, Minit, Lname, startDate, supervisor) values (350282106, 'Kimberlyn', 'G', 'Alkins', '2011-04-19', 616435033);
insert into EMPLOYEE (ssn, Fname, Minit, Lname, startDate, supervisor) values (612564679, 'Beale', 'E', 'Nodes', '2014-08-02', 438910512);
insert into EMPLOYEE (ssn, Fname, Minit, Lname, startDate, supervisor) values (829424509, 'Henderson', 'C', 'Delahunt', '2019-04-02', 767525305);
insert into EMPLOYEE (ssn, Fname, Minit, Lname, startDate, supervisor) values (796049486, 'Meggi', 'O', 'Kibbe', '2002-03-18', 231293985);
insert into EMPLOYEE (ssn, Fname, Minit, Lname, startDate, supervisor) values (783700984, 'Bing', 'M', 'Willmore', '2002-11-07', 591278118);
insert into EMPLOYEE (ssn, Fname, Minit, Lname, startDate, supervisor) values (447096429, 'Eldon', 'J', 'Ewebank', '2016-01-12', 790579277);
insert into EMPLOYEE (ssn, Fname, Minit, Lname, startDate, supervisor) values (701101962, 'Algernon', 'M', 'Cocklin', '2016-04-16', 985548937);
insert into EMPLOYEE (ssn, Fname, Minit, Lname, startDate, supervisor) values (784756537, 'Eddie', 'M', 'Garbar', '2018-07-11', 613314239);
insert into EMPLOYEE (ssn, Fname, Minit, Lname, startDate, supervisor) values (839699501, 'Irene', 'O', 'Klus', '2003-08-20', 790579277);
insert into EMPLOYEE (ssn, Fname, Minit, Lname, startDate, supervisor) values (944504794, 'Robbi', 'V', 'Halsall', '2019-03-01', 890807527);
insert into EMPLOYEE (ssn, Fname, Minit, Lname, startDate, supervisor) values (489141121, 'Ainslie', 'W', 'Greguol', '2017-09-16', 139797007);
insert into EMPLOYEE (ssn, Fname, Minit, Lname, startDate, supervisor) values (624912375, 'Odetta', 'X', 'Walster', '2008-10-22', 166032504);
insert into EMPLOYEE (ssn, Fname, Minit, Lname, startDate, supervisor) values (697580307, 'Regine', 'Q', 'Wearn', '2015-04-07', 659701453);
insert into EMPLOYEE (ssn, Fname, Minit, Lname, startDate, supervisor) values (374080731, 'Rex', 'V', 'Larose', '2002-03-27', 669376754);
insert into EMPLOYEE (ssn, Fname, Minit, Lname, startDate, supervisor) values (933404381, 'Nevins', 'C', 'Giacopini', '2006-12-27', 790579277);
insert into EMPLOYEE (ssn, Fname, Minit, Lname, startDate, supervisor) values (114857056, 'Marina', 'A', 'Tatters', '2016-03-06', 774315411);
insert into EMPLOYEE (ssn, Fname, Minit, Lname, startDate, supervisor) values (463529801, 'Hope', 'C', 'Seide', '2005-08-11', 139797007);
insert into EMPLOYEE (ssn, Fname, Minit, Lname, startDate, supervisor) values (410734696, 'Dana', 'M', 'Lait', '2011-06-21', 166032504);
insert into EMPLOYEE (ssn, Fname, Minit, Lname, startDate, supervisor) values (417733995, 'Junie', 'U', 'Verrill', '2012-08-12', 104607353);
insert into EMPLOYEE (ssn, Fname, Minit, Lname, startDate, supervisor) values (440068255, 'Paulie', 'G', 'Wrack', '2012-11-11', 801746835);
insert into EMPLOYEE (ssn, Fname, Minit, Lname, startDate, supervisor) values (863847544, 'Benedicta', 'V', 'Childers', '2000-10-17', 890807527);
insert into EMPLOYEE (ssn, Fname, Minit, Lname, startDate, supervisor) values (302981382, 'Brennan', 'G', 'Keher', '2018-09-29', 693659553);
insert into EMPLOYEE (ssn, Fname, Minit, Lname, startDate, supervisor) values (631245515, 'Angil', 'X', 'Giacubo', '2005-02-05', 270589620);
insert into EMPLOYEE (ssn, Fname, Minit, Lname, startDate, supervisor) values (146248251, 'Carilyn', 'I', 'Aleksidze', '2007-07-10', 820503135);
insert into EMPLOYEE (ssn, Fname, Minit, Lname, startDate, supervisor) values (679920243, 'Akim', 'Q', 'Gocher', '2010-03-25', 534323165);
insert into EMPLOYEE (ssn, Fname, Minit, Lname, startDate, supervisor) values (675822238, 'Gert', 'U', 'Treagust', '2017-07-11', 472476944);
insert into EMPLOYEE (ssn, Fname, Minit, Lname, startDate, supervisor) values (622759836, 'Bryant', 'M', 'Farmloe', '2008-03-07', 472476944);
insert into EMPLOYEE (ssn, Fname, Minit, Lname, startDate, supervisor) values (862346852, 'Laryssa', 'Y', 'Wardle', '2017-07-06', 591278118);
insert into EMPLOYEE (ssn, Fname, Minit, Lname, startDate, supervisor) values (519796575, 'Clerkclaude', 'E', 'Bromehead', '2010-11-09', 890807527);
insert into EMPLOYEE (ssn, Fname, Minit, Lname, startDate, supervisor) values (805468162, 'Lynda', 'Y', 'Haythorn', '2008-05-26', 166032504);
insert into EMPLOYEE (ssn, Fname, Minit, Lname, startDate, supervisor) values (762450062, 'Libbey', 'Z', 'Lyfe', '2018-05-21', 154639902);
insert into EMPLOYEE (ssn, Fname, Minit, Lname, startDate, supervisor) values (756100459, 'Isabelita', 'Z', 'Triplet', '2014-01-13', 182064985);
insert into EMPLOYEE (ssn, Fname, Minit, Lname, startDate, supervisor) values (563939849, 'Clyde', 'B', 'Thistleton', '2006-09-20', 430011893);
insert into EMPLOYEE (ssn, Fname, Minit, Lname, startDate, supervisor) values (844712554, 'Brandy', 'M', 'Braybrooke', '2009-03-24', 534323165);
insert into EMPLOYEE (ssn, Fname, Minit, Lname, startDate, supervisor) values (554056951, 'Stu', 'V', 'Boog', '2010-06-16', 790579277);
insert into EMPLOYEE (ssn, Fname, Minit, Lname, startDate, supervisor) values (985850919, 'Amandi', 'W', 'Overell', '2014-08-07', 561714579);
insert into EMPLOYEE (ssn, Fname, Minit, Lname, startDate, supervisor) values (254980280, 'Tori', 'M', 'Woodcock', '2016-03-29', 993463224);
insert into EMPLOYEE (ssn, Fname, Minit, Lname, startDate, supervisor) values (782715057, 'Zacharie', 'B', 'Parratt', '2010-11-12', 122350986);
insert into EMPLOYEE (ssn, Fname, Minit, Lname, startDate, supervisor) values (689591398, 'Garvy', 'G', 'Jenken', '2014-05-21', 667442309);
insert into EMPLOYEE (ssn, Fname, Minit, Lname, startDate, supervisor) values (670368117, 'Lorrayne', 'Y', 'Surpliss', '2015-10-17', 676893850);
insert into EMPLOYEE (ssn, Fname, Minit, Lname, startDate, supervisor) values (672237666, 'Cloris', 'O', 'Moxham', '2019-08-19', 231293985);
insert into EMPLOYEE (ssn, Fname, Minit, Lname, startDate, supervisor) values (352535807, 'Lilah', 'C', 'Gemnett', '2001-10-16', 937235392);
insert into EMPLOYEE (ssn, Fname, Minit, Lname, startDate, supervisor) values (621558510, 'Archaimbaud', 'J', 'Sidle', '2007-01-28', 488039334);
insert into EMPLOYEE (ssn, Fname, Minit, Lname, startDate, supervisor) values (437794016, 'Waneta', 'A', 'Studde', '2004-08-16', 436961321);
insert into EMPLOYEE (ssn, Fname, Minit, Lname, startDate, supervisor) values (169468659, 'Michal', 'D', 'Seely', '2019-10-04', 139797007);
insert into EMPLOYEE (ssn, Fname, Minit, Lname, startDate, supervisor) values (758946137, 'Maribel', 'U', 'Mosdell', '2000-11-14', 436961321);
insert into EMPLOYEE (ssn, Fname, Minit, Lname, startDate, supervisor) values (597988060, 'Krystal', 'Q', 'Wanka', '2007-04-12', 993463224);
insert into EMPLOYEE (ssn, Fname, Minit, Lname, startDate, supervisor) values (785143730, 'Dani', 'N', 'Grinikhinov', '2015-09-26', 561714579);
insert into EMPLOYEE (ssn, Fname, Minit, Lname, startDate, supervisor) values (642195513, 'David', 'N', 'Scyner', '2009-12-16', 111222333);
insert into EMPLOYEE (ssn, Fname, Minit, Lname, startDate, supervisor) values (964136840, 'Marcello', 'M', 'Blaycock', '2005-10-25', 820503135);
insert into EMPLOYEE (ssn, Fname, Minit, Lname, startDate, supervisor) values (667333723, 'Jilly', 'Y', 'Corde', '2013-10-26', 790579277);
insert into EMPLOYEE (ssn, Fname, Minit, Lname, startDate, supervisor) values (762536719, 'Kiri', 'N', 'Ronaghan', '2000-06-07', 937235392);
insert into EMPLOYEE (ssn, Fname, Minit, Lname, startDate, supervisor) values (872848054, 'Hagen', 'X', 'Fisbburne', '2009-02-08', 613314239);
insert into EMPLOYEE (ssn, Fname, Minit, Lname, startDate, supervisor) values (843184453, 'Rivalee', 'G', 'Orneblow', '2012-11-05', 824851403);
insert into EMPLOYEE (ssn, Fname, Minit, Lname, startDate, supervisor) values (282491941, 'Rosella', 'F', 'Knevet', '2004-01-29', 667442309);
insert into EMPLOYEE (ssn, Fname, Minit, Lname, startDate, supervisor) values (244303608, 'Barry', 'Z', 'Arnoldi', '2001-03-31', 836978782);
insert into EMPLOYEE (ssn, Fname, Minit, Lname, startDate, supervisor) values (797228592, 'Amelia', 'L', 'Sawter', '2006-03-23', 613314239);
insert into EMPLOYEE (ssn, Fname, Minit, Lname, startDate, supervisor) values (838320177, 'Matty', 'G', 'Rosenblatt', '2006-07-14', 824851403);
insert into EMPLOYEE (ssn, Fname, Minit, Lname, startDate, supervisor) values (341772131, 'Dennie', 'F', 'Fromant', '2010-03-05', 985548937);
insert into EMPLOYEE (ssn, Fname, Minit, Lname, startDate, supervisor) values (450504106, 'Ruth', 'I', 'MacTrustram', '2000-10-27', 774315411);
insert into EMPLOYEE (ssn, Fname, Minit, Lname, startDate, supervisor) values (210956184, 'Richmond', 'J', 'Grewer', '2014-08-13', 472476944);
insert into EMPLOYEE (ssn, Fname, Minit, Lname, startDate, supervisor) values (895510281, 'Laura', 'Y', 'Brothers', '2002-10-06', 139797007);
insert into EMPLOYEE (ssn, Fname, Minit, Lname, startDate, supervisor) values (318089282, 'Linda', 'Y', 'Mountfort', '2016-06-27', 561714579);
insert into EMPLOYEE (ssn, Fname, Minit, Lname, startDate, supervisor) values (987253223, 'Zachary', 'Y', 'Lardge', '2000-03-16', 937235392);
insert into EMPLOYEE (ssn, Fname, Minit, Lname, startDate, supervisor) values (761371431, 'Lesly', 'V', 'Eilhart', '2005-02-08', 646121223);
insert into EMPLOYEE (ssn, Fname, Minit, Lname, startDate, supervisor) values (537458338, 'Theo', 'O', 'Landes', '2014-09-01', 801746835);
insert into EMPLOYEE (ssn, Fname, Minit, Lname, startDate, supervisor) values (668836126, 'Erv', 'X', 'Lightewood', '2012-06-30', 139797007);
insert into EMPLOYEE (ssn, Fname, Minit, Lname, startDate, supervisor) values (995338629, 'Mabel', 'I', 'Hiner', '2012-01-11', 669055432);
insert into EMPLOYEE (ssn, Fname, Minit, Lname, startDate, supervisor) values (304818044, 'Allene', 'W', 'Dobey', '2006-10-18', 824851403);
insert into EMPLOYEE (ssn, Fname, Minit, Lname, startDate, supervisor) values (888252497, 'Hillier', 'Q', 'Fewless', '2009-04-17', 112233445);
insert into EMPLOYEE (ssn, Fname, Minit, Lname, startDate, supervisor) values (361114260, 'Phillipe', 'M', 'Vowles', '2015-01-07', 277105093);
insert into EMPLOYEE (ssn, Fname, Minit, Lname, startDate, supervisor) values (590702769, 'Jackson', 'P', 'McAster', '2013-06-01', 111222333);
insert into EMPLOYEE (ssn, Fname, Minit, Lname, startDate, supervisor) values (513673588, 'Dudley', 'U', 'Jozwiak', '2013-03-18', 430011893);

insert into ADDRESS (S_ssn, street, city, state, zip) values (104607353, 'Nelson', 'Duluth', 'MN', 39754);
insert into ADDRESS (S_ssn, street, city, state, zip) values (107795443, 'Tony', 'Lafayette', 'LA', 72170);
insert into ADDRESS (S_ssn, street, city, state, zip) values (111222333, 'Parkside', 'Orlando', 'FL', 68962);
insert into ADDRESS (S_ssn, street, city, state, zip) values (112233445, 'Golden Leaf', 'Fort Worth', 'TX', 56592);
insert into ADDRESS (S_ssn, street, city, state, zip) values (114857056, 'Lillian', 'Naples', 'FL', 59645);
insert into ADDRESS (S_ssn, street, city, state, zip) values (122350986, 'Rusk', 'Hollywood', 'FL', 39044);
insert into ADDRESS (S_ssn, street, city, state, zip) values (123456789, 'Ruskin', 'Memphis', 'TN', 47822);
insert into ADDRESS (S_ssn, street, city, state, zip) values (139797007, 'Delladonna', 'El Paso', 'TX', 63147);
insert into ADDRESS (S_ssn, street, city, state, zip) values (144337268, 'Ridge Oak', 'Hayward', 'CA', 63079);
insert into ADDRESS (S_ssn, street, city, state, zip) values (146248251, 'Stang', 'Staten Island', 'NY', 87104);
insert into ADDRESS (S_ssn, street, city, state, zip) values (150542311, 'Algoma', 'Washington', 'DC', 65624);
insert into ADDRESS (S_ssn, street, city, state, zip) values (154639902, 'Loomis', 'Phoenix', 'AZ', 79343);
insert into ADDRESS (S_ssn, street, city, state, zip) values (154705279, 'Sutteridge', 'San Francisco', 'CA', 63113);
insert into ADDRESS (S_ssn, street, city, state, zip) values (154921571, 'Hovde', 'Little Rock', 'AR', 97482);
insert into ADDRESS (S_ssn, street, city, state, zip) values (157493611, 'Shoshone', 'Philadelphia', 'PA', 40333);
insert into ADDRESS (S_ssn, street, city, state, zip) values (166032504, 'Bonner', 'Portland', 'OR', 48365);
insert into ADDRESS (S_ssn, street, city, state, zip) values (167941783, 'Fair Oaks', 'Lehigh Acres', 'FL', 69662);
insert into ADDRESS (S_ssn, street, city, state, zip) values (169468659, 'Waxwing', 'Charleston', 'SC', 83884);
insert into ADDRESS (S_ssn, street, city, state, zip) values (177002527, 'Bartillon', 'El Paso', 'TX', 42734);
insert into ADDRESS (S_ssn, street, city, state, zip) values (177450153, 'Oak', 'Dallas', 'TX', 49645);
insert into ADDRESS (S_ssn, street, city, state, zip) values (178402438, 'Golf Course', 'Tucson', 'AZ', 46391);
insert into ADDRESS (S_ssn, street, city, state, zip) values (182064985, 'Packers', 'Chicago', 'IL', 51051);
insert into ADDRESS (S_ssn, street, city, state, zip) values (207642239, 'Warrior', 'Miami', 'FL', 86333);
insert into ADDRESS (S_ssn, street, city, state, zip) values (210956184, 'Farwell', 'Charleston', 'SC', 59141);
insert into ADDRESS (S_ssn, street, city, state, zip) values (231293985, 'Mallory', 'Boston', 'MA', 76929);
insert into ADDRESS (S_ssn, street, city, state, zip) values (237775899, 'Mandrake', 'Boston', 'MA', 11604);
insert into ADDRESS (S_ssn, street, city, state, zip) values (244303608, 'Welch', 'Winston Salem', 'NC', 97811);
insert into ADDRESS (S_ssn, street, city, state, zip) values (244968379, 'Maywood', 'South Bend', 'IN', 34236);
insert into ADDRESS (S_ssn, street, city, state, zip) values (251255376, 'Ruskin', 'Saint Louis', 'MO', 68957);
insert into ADDRESS (S_ssn, street, city, state, zip) values (252945358, '3rd', 'Tampa', 'FL', 33939);
insert into ADDRESS (S_ssn, street, city, state, zip) values (254980280, 'Stephen', 'Los Angeles', 'CA', 95611);
insert into ADDRESS (S_ssn, street, city, state, zip) values (265806065, 'Forest Run', 'Portland', 'ME', 97372);
insert into ADDRESS (S_ssn, street, city, state, zip) values (270589620, 'Columbus', 'Boise', 'ID', 21434);
insert into ADDRESS (S_ssn, street, city, state, zip) values (277105093, 'Summit', 'Baton Rouge', 'LA', 67458);
insert into ADDRESS (S_ssn, street, city, state, zip) values (282491941, 'Rusk', 'Bismarck', 'ND', 62722);
insert into ADDRESS (S_ssn, street, city, state, zip) values (284714531, 'Darwin', 'Peoria', 'IL', 89782);
insert into ADDRESS (S_ssn, street, city, state, zip) values (302981382, 'Colorado', 'Amarillo', 'TX', 17669);
insert into ADDRESS (S_ssn, street, city, state, zip) values (304818044, 'Mariners Cove', 'Kent', 'WA', 86902);
insert into ADDRESS (S_ssn, street, city, state, zip) values (313974553, 'Meadow Ridge', 'Boulder', 'CO', 15225);
insert into ADDRESS (S_ssn, street, city, state, zip) values (318089282, 'Oneill', 'Wilmington', 'DE', 17782);
insert into ADDRESS (S_ssn, street, city, state, zip) values (336925601, 'Fulton', 'Raleigh', 'NC', 25417);
insert into ADDRESS (S_ssn, street, city, state, zip) values (341772131, 'Darwin', 'Philadelphia', 'PA', 87065);
insert into ADDRESS (S_ssn, street, city, state, zip) values (350282106, 'Blackbird', 'Irvine', 'CA', 10922);
insert into ADDRESS (S_ssn, street, city, state, zip) values (352535807, 'Oneill', 'Omaha', 'NE', 50324);
insert into ADDRESS (S_ssn, street, city, state, zip) values (358026844, 'Larry', 'Las Cruces', 'NM', 28027);
insert into ADDRESS (S_ssn, street, city, state, zip) values (361114260, 'Laurel', 'Spokane', 'WA', 48670);
insert into ADDRESS (S_ssn, street, city, state, zip) values (364151456, 'Meadow Ridge', 'Fresno', 'CA', 48562);
insert into ADDRESS (S_ssn, street, city, state, zip) values (366372582, 'Browning', 'Washington', 'DC', 46405);
insert into ADDRESS (S_ssn, street, city, state, zip) values (374080731, 'Darwin', 'Richmond', 'VA', 61422);
insert into ADDRESS (S_ssn, street, city, state, zip) values (386233636, 'Marcy', 'Washington', 'DC', 86192);
insert into ADDRESS (S_ssn, street, city, state, zip) values (395589057, 'Bellgrove', 'Milwaukee', 'WI', 89350);
insert into ADDRESS (S_ssn, street, city, state, zip) values (397383835, 'Maple', 'San Bernardino', 'CA', 88007);
insert into ADDRESS (S_ssn, street, city, state, zip) values (410734696, 'Ramsey', 'Pueblo', 'CO', 37666);
insert into ADDRESS (S_ssn, street, city, state, zip) values (413264344, 'Stoughton', 'Houston', 'TX', 23611);
insert into ADDRESS (S_ssn, street, city, state, zip) values (414992251, 'Pawling', 'Canton', 'OH', 80075);
insert into ADDRESS (S_ssn, street, city, state, zip) values (417733995, 'Washington', 'Fort Lauderdale', 'FL', 97255);
insert into ADDRESS (S_ssn, street, city, state, zip) values (420277416, 'Annamark', 'Stockton', 'CA', 11791);
insert into ADDRESS (S_ssn, street, city, state, zip) values (422060097, 'Gale', 'Schenectady', 'NY', 91690);
insert into ADDRESS (S_ssn, street, city, state, zip) values (430011893, 'Nobel', 'Brooklyn', 'NY', 38192);
insert into ADDRESS (S_ssn, street, city, state, zip) values (436961321, 'Waywood', 'Jamaica', 'NY', 37733);
insert into ADDRESS (S_ssn, street, city, state, zip) values (437794016, 'Oakridge', 'Santa Barbara', 'CA', 87848);
insert into ADDRESS (S_ssn, street, city, state, zip) values (438121388, 'Little Fleur', 'Jacksonville', 'FL', 19617);
insert into ADDRESS (S_ssn, street, city, state, zip) values (438910512, 'New Castle', 'Riverside', 'CA', 94560);
insert into ADDRESS (S_ssn, street, city, state, zip) values (440068255, 'Hoffman', 'Van Nuys', 'CA', 65585);
insert into ADDRESS (S_ssn, street, city, state, zip) values (441162035, 'Monument', 'New York City', 'NY', 85267);
insert into ADDRESS (S_ssn, street, city, state, zip) values (443521957, 'Jenifer', 'Oklahoma City', 'OK', 12999);
insert into ADDRESS (S_ssn, street, city, state, zip) values (447096429, 'Dakota', 'Miami', 'FL', 15478);
insert into ADDRESS (S_ssn, street, city, state, zip) values (450504106, 'Bunting', 'Dallas', 'TX', 29548);
insert into ADDRESS (S_ssn, street, city, state, zip) values (452828975, 'Roth', 'Dallas', 'TX', 94146);
insert into ADDRESS (S_ssn, street, city, state, zip) values (462672945, 'Roxbury', 'Montgomery', 'AL', 77281);
insert into ADDRESS (S_ssn, street, city, state, zip) values (463529801, 'Fair Oaks', 'Santa Ana', 'CA', 71748);
insert into ADDRESS (S_ssn, street, city, state, zip) values (467756103, 'Warrior', 'Stockton', 'CA', 80642);
insert into ADDRESS (S_ssn, street, city, state, zip) values (472476944, 'Eagan', 'Charlotte', 'NC', 33672);
insert into ADDRESS (S_ssn, street, city, state, zip) values (475339310, 'Lake View', 'Duluth', 'GA', 87476);
insert into ADDRESS (S_ssn, street, city, state, zip) values (481262964, 'Center', 'Fresno', 'CA', 79919);
insert into ADDRESS (S_ssn, street, city, state, zip) values (488039334, 'Gateway', 'Zephyrhills', 'FL', 99794);
insert into ADDRESS (S_ssn, street, city, state, zip) values (489141121, 'Merry', 'Iowa City', 'IA', 49119);
insert into ADDRESS (S_ssn, street, city, state, zip) values (492593766, 'Forster', 'Saint Louis', 'MO', 96840);
insert into ADDRESS (S_ssn, street, city, state, zip) values (506129135, 'Kedzie', 'Berkeley', 'CA', 42228);
insert into ADDRESS (S_ssn, street, city, state, zip) values (513673588, 'Red Cloud', 'Hicksville', 'NY', 45429);
insert into ADDRESS (S_ssn, street, city, state, zip) values (519796575, 'Kropf', 'Sacramento', 'CA', 38304);
insert into ADDRESS (S_ssn, street, city, state, zip) values (529452674, 'Manufacturers', 'Rochester', 'MN', 72862);
insert into ADDRESS (S_ssn, street, city, state, zip) values (531456609, 'Armistice', 'Northridge', 'CA', 88967);
insert into ADDRESS (S_ssn, street, city, state, zip) values (534323165, 'Golf View', 'Oklahoma City', 'OK', 53362);
insert into ADDRESS (S_ssn, street, city, state, zip) values (537458338, 'Monterey', 'Brooklyn', 'NY', 17408);
insert into ADDRESS (S_ssn, street, city, state, zip) values (538513181, 'Algoma', 'Columbus', 'OH', 27324);
insert into ADDRESS (S_ssn, street, city, state, zip) values (542135317, 'Amoth', 'Las Vegas', 'NV', 68789);
insert into ADDRESS (S_ssn, street, city, state, zip) values (549143058, 'Mitchell', 'Norfolk', 'VA', 31254);
insert into ADDRESS (S_ssn, street, city, state, zip) values (554056951, 'Bashford', 'Birmingham', 'AL', 14716);
insert into ADDRESS (S_ssn, street, city, state, zip) values (561714579, 'Macpherson', 'Kalamazoo', 'MI', 21637);
insert into ADDRESS (S_ssn, street, city, state, zip) values (563722841, 'Village Green', 'Honolulu', 'HI', 93062);
insert into ADDRESS (S_ssn, street, city, state, zip) values (563939849, 'Dawn', 'San Bernardino', 'CA', 94566);
insert into ADDRESS (S_ssn, street, city, state, zip) values (563969579, 'Basil', 'Trenton', 'NJ', 79971);
insert into ADDRESS (S_ssn, street, city, state, zip) values (581826153, 'Gateway', 'Norman', 'OK', 11372);
insert into ADDRESS (S_ssn, street, city, state, zip) values (582330081, '6th', 'Shreveport', 'LA', 16028);
insert into ADDRESS (S_ssn, street, city, state, zip) values (590702769, 'Doe Crossing', 'Fairbanks', 'AK', 91600);
insert into ADDRESS (S_ssn, street, city, state, zip) values (591278118, 'Melrose', 'Milwaukee', 'WI', 89971);
insert into ADDRESS (S_ssn, street, city, state, zip) values (592319671, 'Southridge', 'Boynton Beach', 'FL', 14642);
insert into ADDRESS (S_ssn, street, city, state, zip) values (597988060, 'Paget', 'Billings', 'MT', 90843);
insert into ADDRESS (S_ssn, street, city, state, zip) values (600459105, 'Corry', 'Springfield', 'IL', 85130);
insert into ADDRESS (S_ssn, street, city, state, zip) values (602604016, 'Hayes', 'Houston', 'TX', 44979);
insert into ADDRESS (S_ssn, street, city, state, zip) values (612564679, 'Division', 'Chicago', 'IL', 82907);
insert into ADDRESS (S_ssn, street, city, state, zip) values (613314239, 'Dawn', 'Kansas City', 'MO', 24417);
insert into ADDRESS (S_ssn, street, city, state, zip) values (616435033, 'Miller', 'Las Vegas', 'NV', 82663);
insert into ADDRESS (S_ssn, street, city, state, zip) values (618566580, 'Arrowood', 'Topeka', 'KS', 53520);
insert into ADDRESS (S_ssn, street, city, state, zip) values (621558510, 'Sunnyside', 'Montgomery', 'AL', 96216);
insert into ADDRESS (S_ssn, street, city, state, zip) values (622759836, 'Morningstar', 'Edmond', 'OK', 60806);
insert into ADDRESS (S_ssn, street, city, state, zip) values (624912375, 'Bayside', 'Birmingham', 'AL', 15536);
insert into ADDRESS (S_ssn, street, city, state, zip) values (630217764, 'Sundown', 'Jefferson City', 'MO', 42514);
insert into ADDRESS (S_ssn, street, city, state, zip) values (631245515, 'Autumn Leaf', 'Cincinnati', 'OH', 17865);
insert into ADDRESS (S_ssn, street, city, state, zip) values (638941657, 'Spohn', 'Reno', 'NV', 16189);
insert into ADDRESS (S_ssn, street, city, state, zip) values (642195513, 'Gerald', 'Saint Paul', 'MN', 78194);
insert into ADDRESS (S_ssn, street, city, state, zip) values (644370991, 'Schurz', 'Bethesda', 'MD', 86127);
insert into ADDRESS (S_ssn, street, city, state, zip) values (646121223, 'Ronald Regan', 'Fairfield', 'CT', 59115);
insert into ADDRESS (S_ssn, street, city, state, zip) values (651447905, 'Elmside', 'Baltimore', 'MD', 58672);
insert into ADDRESS (S_ssn, street, city, state, zip) values (659701453, 'Hazelcrest', 'New Orleans', 'LA', 16990);
insert into ADDRESS (S_ssn, street, city, state, zip) values (667333723, 'John Wall', 'Shreveport', 'LA', 12230);
insert into ADDRESS (S_ssn, street, city, state, zip) values (667442309, 'Loftsgordon', 'Austin', 'TX', 48117);
insert into ADDRESS (S_ssn, street, city, state, zip) values (668836126, 'Knutson', 'New York City', 'NY', 54695);
insert into ADDRESS (S_ssn, street, city, state, zip) values (669055432, 'Sutteridge', 'Washington', 'DC', 31994);
insert into ADDRESS (S_ssn, street, city, state, zip) values (669376754, 'Macpherson', 'Arlington', 'TX', 86891);
insert into ADDRESS (S_ssn, street, city, state, zip) values (670368117, 'Boyd', 'Arlington', 'TX', 49271);
insert into ADDRESS (S_ssn, street, city, state, zip) values (672237666, 'Fuller', 'Chicago', 'IL', 99884);
insert into ADDRESS (S_ssn, street, city, state, zip) values (675822238, 'American Ash', 'Washington', 'DC', 45213);
insert into ADDRESS (S_ssn, street, city, state, zip) values (676103746, 'Continental', 'Spartanburg', 'SC', 84871);
insert into ADDRESS (S_ssn, street, city, state, zip) values (676893850, 'Starling', 'Prescott', 'AZ', 75116);
insert into ADDRESS (S_ssn, street, city, state, zip) values (679920243, 'Stuart', 'Cincinnati', 'OH', 50844);
insert into ADDRESS (S_ssn, street, city, state, zip) values (689591398, 'Bay', 'El Paso', 'TX', 95008);
insert into ADDRESS (S_ssn, street, city, state, zip) values (693659553, 'Ronald Regan', 'Washington', 'DC', 40814);
insert into ADDRESS (S_ssn, street, city, state, zip) values (697580307, 'Mendota', 'Philadelphia', 'PA', 75103);
insert into ADDRESS (S_ssn, street, city, state, zip) values (701101962, 'Melby', 'Sterling', 'VA', 49142);
insert into ADDRESS (S_ssn, street, city, state, zip) values (710382130, 'Schiller', 'Lexington', 'KY', 17231);
insert into ADDRESS (S_ssn, street, city, state, zip) values (712270795, 'Heath', 'Montgomery', 'AL', 19684);
insert into ADDRESS (S_ssn, street, city, state, zip) values (737795983, 'Hansons', 'Sioux City', 'IA', 54347);
insert into ADDRESS (S_ssn, street, city, state, zip) values (750631253, 'Commercial', 'Jackson', 'MS', 32366);
insert into ADDRESS (S_ssn, street, city, state, zip) values (756100459, '7th', 'Baton Rouge', 'LA', 65519);
insert into ADDRESS (S_ssn, street, city, state, zip) values (758946137, 'Fuller', 'Cincinnati', 'OH', 41592);
insert into ADDRESS (S_ssn, street, city, state, zip) values (761371431, 'Loftsgordon', 'El Paso', 'TX', 90684);
insert into ADDRESS (S_ssn, street, city, state, zip) values (762450062, 'Waubesa', 'Charlotte', 'NC', 50539);
insert into ADDRESS (S_ssn, street, city, state, zip) values (762536719, 'Clove', 'Las Vegas', 'NV', 36582);
insert into ADDRESS (S_ssn, street, city, state, zip) values (767525305, 'Hoffman', 'Clearwater', 'FL', 71049);
insert into ADDRESS (S_ssn, street, city, state, zip) values (768264439, 'Crest Line', 'Roanoke', 'VA', 62869);
insert into ADDRESS (S_ssn, street, city, state, zip) values (772889194, '2nd', 'Sarasota', 'FL', 43077);
insert into ADDRESS (S_ssn, street, city, state, zip) values (774315411, 'Cascade', 'Gaithersburg', 'MD', 75082);
insert into ADDRESS (S_ssn, street, city, state, zip) values (782715057, 'Sunfield', 'Bloomington', 'IN', 85970);
insert into ADDRESS (S_ssn, street, city, state, zip) values (783109559, 'Oneill', 'White Plains', 'NY', 29781);
insert into ADDRESS (S_ssn, street, city, state, zip) values (783692526, 'La Follette', 'Pensacola', 'FL', 49497);
insert into ADDRESS (S_ssn, street, city, state, zip) values (783700984, 'East', 'Rockville', 'MD', 89125);
insert into ADDRESS (S_ssn, street, city, state, zip) values (784756537, 'Larry', 'Chattanooga', 'TN', 66339);
insert into ADDRESS (S_ssn, street, city, state, zip) values (785143730, 'Towne', 'Anchorage', 'AK', 98960);

insert into BUS (busID, busName, capacity, manufactured_date, E_driver) values (17217, '831 G‘azalkent', 142, '2008-04-02', 104607353);
insert into BUS (busID, busName, capacity, manufactured_date, E_driver) values (68226, '613 Shuishiying', 94, '2004-04-05', 107795443);
insert into BUS (busID, busName, capacity, manufactured_date, E_driver) values (24517, '273 Chabařovice', 283, '2001-10-28', 114857056);
insert into BUS (busID, busName, capacity, manufactured_date, E_driver) values (12835, '442 Jaguaribe', 271, '2015-04-20', 122350986);
insert into BUS (busID, busName, capacity, manufactured_date, E_driver) values (50521, '655 Brampton', 224, '2007-07-17', 123456789);
insert into BUS (busID, busName, capacity, manufactured_date, E_driver) values (39836, '862 Parabcan', 115, '2008-02-12', 139797007);
insert into BUS (busID, busName, capacity, manufactured_date, E_driver) values (51660, '224 Khvalynsk', 281, '2015-12-17', 144337268);
insert into BUS (busID, busName, capacity, manufactured_date, E_driver) values (54494, '697 Xiacaoqiao', 298, '2008-02-17', 146248251);
insert into BUS (busID, busName, capacity, manufactured_date, E_driver) values (25466, '10 Lidköping', 149, '2004-01-09', 150542311);
insert into BUS (busID, busName, capacity, manufactured_date, E_driver) values (72341, '940 Cimenga', 89, '2014-09-29', 154639902);
insert into BUS (busID, busName, capacity, manufactured_date, E_driver) values (18912, '215 Marčelji', 158, '2010-08-24', 154705279);
insert into BUS (busID, busName, capacity, manufactured_date, E_driver) values (29447, '272 Ljusdal', 225, '2010-05-16', 154921571);
insert into BUS (busID, busName, capacity, manufactured_date, E_driver) values (57153, '670 Madrid', 74, '2002-05-17', 157493611);
insert into BUS (busID, busName, capacity, manufactured_date, E_driver) values (12678, '838 Maogang', 169, '2019-01-12', 166032504);
insert into BUS (busID, busName, capacity, manufactured_date, E_driver) values (20868, '933 Dobdoban', 280, '2008-03-07', 167941783);
insert into BUS (busID, busName, capacity, manufactured_date, E_driver) values (56403, '120 Dagang', 244, '2017-04-09', 169468659);
insert into BUS (busID, busName, capacity, manufactured_date, E_driver) values (29961, '768 Ciechanów', 225, '2011-08-29', 177002527);
insert into BUS (busID, busName, capacity, manufactured_date, E_driver) values (17994, '94 Kurikka', 295, '2001-12-03', 177450153);
insert into BUS (busID, busName, capacity, manufactured_date, E_driver) values (45891, '440 Magsaysay', 131, '2011-08-23', 178402438);
insert into BUS (busID, busName, capacity, manufactured_date, E_driver) values (65453, '184 Sremska Mitrovica', 240, '2012-02-20', 182064985);
insert into BUS (busID, busName, capacity, manufactured_date, E_driver) values (97845, '883 Zielonki', 113, '2011-05-16', 207642239);
insert into BUS (busID, busName, capacity, manufactured_date, E_driver) values (76647, '285 Montpellier', 114, '2016-01-19', 210956184);
insert into BUS (busID, busName, capacity, manufactured_date, E_driver) values (62553, '158 Hantsport', 131, '2001-12-19', 231293985);
insert into BUS (busID, busName, capacity, manufactured_date, E_driver) values (99713, '979 Juatuba', 76, '2015-08-22', 237775899);
insert into BUS (busID, busName, capacity, manufactured_date, E_driver) values (49069, '548 Tsu-shi', 81, '2006-11-07', 244303608);
insert into BUS (busID, busName, capacity, manufactured_date, E_driver) values (69890, '177 Quezon', 110, '2017-02-09', 244968379);
insert into BUS (busID, busName, capacity, manufactured_date, E_driver) values (96806, '251 Zhlobin', 258, '2013-08-01', 251255376);
insert into BUS (busID, busName, capacity, manufactured_date, E_driver) values (92170, '939 Karabudakhkent', 93, '2018-02-07', 252945358);
insert into BUS (busID, busName, capacity, manufactured_date, E_driver) values (66829, '450 Luowan', 265, '2017-10-18', 254980280);
insert into BUS (busID, busName, capacity, manufactured_date, E_driver) values (79508, '757 Monjas', 50, '2014-06-14', 265806065);
insert into BUS (busID, busName, capacity, manufactured_date, E_driver) values (35197, '43 Bodø', 227, '2006-08-30', 270589620);
insert into BUS (busID, busName, capacity, manufactured_date, E_driver) values (45028, '330 Tenjolaya', 139, '2000-11-08', 277105093);
insert into BUS (busID, busName, capacity, manufactured_date, E_driver) values (51250, '899 Sartana', 289, '2006-11-23', 282491941);
insert into BUS (busID, busName, capacity, manufactured_date, E_driver) values (72329, '702 Domsjö', 177, '2017-05-21', 284714531);
insert into BUS (busID, busName, capacity, manufactured_date, E_driver) values (85690, '919 Malkā', 238, '2009-01-30', 302981382);
insert into BUS (busID, busName, capacity, manufactured_date, E_driver) values (21273, '775 Padova', 127, '2019-10-24', 304818044);
insert into BUS (busID, busName, capacity, manufactured_date, E_driver) values (47859, '18 Bancar', 188, '2001-09-19', 313974553);
insert into BUS (busID, busName, capacity, manufactured_date, E_driver) values (74917, '508 Guanbuqiao', 165, '2007-05-26', 318089282);
insert into BUS (busID, busName, capacity, manufactured_date, E_driver) values (78474, '382 Yarmolyntsi', 127, '2004-06-04', 336925601);
insert into BUS (busID, busName, capacity, manufactured_date, E_driver) values (78851, '166 Abéché', 250, '2004-06-16', 341772131);
insert into BUS (busID, busName, capacity, manufactured_date, E_driver) values (17682, '495 Qinghua', 101, '2008-03-19', 350282106);
insert into BUS (busID, busName, capacity, manufactured_date, E_driver) values (98009, '836 Dongobesh', 189, '2000-09-05', 352535807);
insert into BUS (busID, busName, capacity, manufactured_date, E_driver) values (98414, '454 Aksu', 50, '2017-10-03', 358026844);
insert into BUS (busID, busName, capacity, manufactured_date, E_driver) values (22167, '833 Ash Shaykh Zuwayd', 297, '2012-08-23', 361114260);
insert into BUS (busID, busName, capacity, manufactured_date, E_driver) values (18206, '807 Shuntian', 157, '2016-05-31', 364151456);
insert into BUS (busID, busName, capacity, manufactured_date, E_driver) values (78696, '835 Shakhun’ya', 213, '2017-03-01', 366372582);
insert into BUS (busID, busName, capacity, manufactured_date, E_driver) values (24159, '666 Sumpur Kudus', 88, '2013-03-20', 374080731);
insert into BUS (busID, busName, capacity, manufactured_date, E_driver) values (68761, '130 Jiguaní', 297, '2017-04-25', 386233636);
insert into BUS (busID, busName, capacity, manufactured_date, E_driver) values (32410, '659 Sucun', 217, '2012-04-24', 395589057);
insert into BUS (busID, busName, capacity, manufactured_date, E_driver) values (15399, '935 Saint-Ouen', 144, '2001-04-26', 397383835);
insert into BUS (busID, busName, capacity, manufactured_date, E_driver) values (30948, '645 Maninihon', 155, '2011-11-10', 410734696);
insert into BUS (busID, busName, capacity, manufactured_date, E_driver) values (66514, '586 Taphan Hin', 154, '2010-01-08', 413264344);
insert into BUS (busID, busName, capacity, manufactured_date, E_driver) values (29568, '35 Araxá', 245, '2007-06-27', 414992251);
insert into BUS (busID, busName, capacity, manufactured_date, E_driver) values (23943, '923 Intipucá', 249, '2015-10-18', 420277416);
insert into BUS (busID, busName, capacity, manufactured_date, E_driver) values (75277, '356 Zhongnan', 159, '2012-03-02', 422060097);
insert into BUS (busID, busName, capacity, manufactured_date, E_driver) values (29283, '500 Krasnyy Yar', 273, '2016-09-24', 430011893);
insert into BUS (busID, busName, capacity, manufactured_date, E_driver) values (28529, '324 São João dos Patos', 98, '2019-06-15', 436961321);
insert into BUS (busID, busName, capacity, manufactured_date, E_driver) values (23257, '812 Bago City', 243, '2002-04-28', 437794016);
insert into BUS (busID, busName, capacity, manufactured_date, E_driver) values (55593, '426 Chandmanĭ', 218, '2008-08-12', 438121388);
insert into BUS (busID, busName, capacity, manufactured_date, E_driver) values (58681, '939 Pante Raja', 224, '2013-08-30', 438910512);
insert into BUS (busID, busName, capacity, manufactured_date, E_driver) values (67901, '497 Repentigny', 81, '2006-01-17', 440068255);
insert into BUS (busID, busName, capacity, manufactured_date, E_driver) values (26840, '390 Andongwei', 66, '2014-10-08', 441162035);
insert into BUS (busID, busName, capacity, manufactured_date, E_driver) values (31133, '39 Carepa', 96, '2005-05-20', 443521957);
insert into BUS (busID, busName, capacity, manufactured_date, E_driver) values (72192, '211 Beaconsfield', 233, '2009-08-13', 447096429);
insert into BUS (busID, busName, capacity, manufactured_date, E_driver) values (82911, '628 Tetandara', 195, '2011-10-17', 450504106);
insert into BUS (busID, busName, capacity, manufactured_date, E_driver) values (69637, '709 Tuen Mun', 237, '2012-04-15', 452828975);
insert into BUS (busID, busName, capacity, manufactured_date, E_driver) values (59881, '664 Wilkes Barre', 251, '2014-07-27', 462672945);
insert into BUS (busID, busName, capacity, manufactured_date, E_driver) values (55287, '625 Albuquerque', 178, '2008-11-21', 463529801);
insert into BUS (busID, busName, capacity, manufactured_date, E_driver) values (14327, '993 Longcun', 206, '2000-09-19', 467756103);
insert into BUS (busID, busName, capacity, manufactured_date, E_driver) values (60576, '425 Feikeng', 120, '2011-05-29', 472476944);
insert into BUS (busID, busName, capacity, manufactured_date, E_driver) values (85843, '97 Trzebiatów', 123, '2014-12-09', 475339310);
insert into BUS (busID, busName, capacity, manufactured_date, E_driver) values (49650, '361 Ganfang', 214, '2006-03-05', 481262964);
insert into BUS (busID, busName, capacity, manufactured_date, E_driver) values (79883, '889 Panagyurishte', 224, '2009-12-11', 488039334);
insert into BUS (busID, busName, capacity, manufactured_date, E_driver) values (71257, '740 Nanhuatang', 191, '2015-02-22', 489141121);
insert into BUS (busID, busName, capacity, manufactured_date, E_driver) values (90635, '401 Carpentras', 187, '2017-08-07', 492593766);
insert into BUS (busID, busName, capacity, manufactured_date, E_driver) values (83086, '305 Yaxi', 266, '2019-11-02', 506129135);
insert into BUS (busID, busName, capacity, manufactured_date, E_driver) values (19658, '328 Obonoma', 67, '2003-06-11', 513673588);
insert into BUS (busID, busName, capacity, manufactured_date, E_driver) values (26937, '834 Petrov', 273, '2017-04-23', 519796575);
insert into BUS (busID, busName, capacity, manufactured_date, E_driver) values (86616, '954 Rokem Barat', 158, '2014-05-24', 529452674);
insert into BUS (busID, busName, capacity, manufactured_date, E_driver) values (74215, '96 Donglai', 206, '2003-02-03', 531456609);
insert into BUS (busID, busName, capacity, manufactured_date, E_driver) values (97141, '507 Šimanovci', 275, '2007-07-13', 534323165);
insert into BUS (busID, busName, capacity, manufactured_date, E_driver) values (13458, '448 Lugulu', 279, '2014-08-29', 537458338);
insert into BUS (busID, busName, capacity, manufactured_date, E_driver) values (38302, '772 Danyang', 163, '2004-08-20', 538513181);
insert into BUS (busID, busName, capacity, manufactured_date, E_driver) values (52838, '140 Chābahār', 285, '2011-05-15', 542135317);
insert into BUS (busID, busName, capacity, manufactured_date, E_driver) values (12128, '199 Tupambaé', 217, '2005-05-20', 549143058);
insert into BUS (busID, busName, capacity, manufactured_date, E_driver) values (67829, '71 Seren', 61, '2006-10-27', 554056951);
insert into BUS (busID, busName, capacity, manufactured_date, E_driver) values (24819, '566 Lubniewice', 142, '2017-12-09', 561714579);
insert into BUS (busID, busName, capacity, manufactured_date, E_driver) values (64501, '887 Cukangpanjang', 59, '2001-01-12', 563722841);
insert into BUS (busID, busName, capacity, manufactured_date, E_driver) values (64508, '920 Miura', 231, '2006-01-24', 563939849);
insert into BUS (busID, busName, capacity, manufactured_date, E_driver) values (74372, '208 La Paz de Oriente', 170, '2000-06-23', 563969579);
insert into BUS (busID, busName, capacity, manufactured_date, E_driver) values (81789, '946 Fort-de-France', 215, '2000-09-11', 581826153);
insert into BUS (busID, busName, capacity, manufactured_date, E_driver) values (46123, '584 Lac-Mégantic', 139, '2004-01-18', 582330081);
insert into BUS (busID, busName, capacity, manufactured_date, E_driver) values (30588, '338 Tsibulev', 277, '2016-01-18', 590702769);
insert into BUS (busID, busName, capacity, manufactured_date, E_driver) values (64183, '206 Inuvik', 222, '2014-11-09', 591278118);
insert into BUS (busID, busName, capacity, manufactured_date, E_driver) values (88790, '653 Bastan', 287, '2015-01-10', 592319671);
insert into BUS (busID, busName, capacity, manufactured_date, E_driver) values (61642, '63 Nancang', 186, '2013-06-01', 597988060);
insert into BUS (busID, busName, capacity, manufactured_date, E_driver) values (96929, '795 Natonin', 100, '2003-01-18', 600459105);
insert into BUS (busID, busName, capacity, manufactured_date, E_driver) values (11848, '572 Guayabal', 117, '2011-11-07', 602604016);
insert into BUS (busID, busName, capacity, manufactured_date, E_driver) values (72750, '569 Glushkovo', 135, '2015-12-10', 612564679);
insert into BUS (busID, busName, capacity, manufactured_date, E_driver) values (53108, '387 Jinotega', 192, '2005-05-24', 613314239);
insert into BUS (busID, busName, capacity, manufactured_date, E_driver) values (37772, '232 Yidao', 106, '2017-03-02', 616435033);
insert into BUS (busID, busName, capacity, manufactured_date, E_driver) values (18766, '790 Toledo', 211, '2001-08-20', 618566580);
insert into BUS (busID, busName, capacity, manufactured_date, E_driver) values (10488, '106 Lanos', 195, '2019-03-07', 621558510);
insert into BUS (busID, busName, capacity, manufactured_date, E_driver) values (73363, '365 Long’anqiao', 277, '2006-11-07', 622759836);
insert into BUS (busID, busName, capacity, manufactured_date, E_driver) values (92141, '771 Passos', 257, '2006-10-08', 624912375);
insert into BUS (busID, busName, capacity, manufactured_date, E_driver) values (77162, '993 Banī Suhaylā', 72, '2013-11-08', 630217764);
insert into BUS (busID, busName, capacity, manufactured_date, E_driver) values (44679, '938 Baranów', 176, '2011-12-10', 631245515);
insert into BUS (busID, busName, capacity, manufactured_date, E_driver) values (14130, '121 London', 167, '2013-10-05', 638941657);
insert into BUS (busID, busName, capacity, manufactured_date, E_driver) values (73462, '996 Färgelanda', 59, '2002-04-12', 642195513);
insert into BUS (busID, busName, capacity, manufactured_date, E_driver) values (25350, '938 Quimilí', 118, '2007-07-07', 644370991);
insert into BUS (busID, busName, capacity, manufactured_date, E_driver) values (60721, '899 Santos', 260, '2014-06-09', 646121223);
insert into BUS (busID, busName, capacity, manufactured_date, E_driver) values (86505, '265 Novotroitskaya', 232, '2018-08-12', 651447905);
insert into BUS (busID, busName, capacity, manufactured_date, E_driver) values (63145, '730 Palaiseau', 292, '2011-09-15', 659701453);
insert into BUS (busID, busName, capacity, manufactured_date, E_driver) values (32594, '435 Wŏnju', 259, '2017-02-16', 667333723);
insert into BUS (busID, busName, capacity, manufactured_date, E_driver) values (94831, '456 Kaduela', 89, '2005-03-20', 667442309);
insert into BUS (busID, busName, capacity, manufactured_date, E_driver) values (42652, '774 Dzaoudzi', 282, '2011-06-14', 668836126);
insert into BUS (busID, busName, capacity, manufactured_date, E_driver) values (86131, '767 Tatebal', 289, '2003-10-01', 669055432);
insert into BUS (busID, busName, capacity, manufactured_date, E_driver) values (79906, '926 Xinqiao', 55, '2000-11-13', 669376754);
insert into BUS (busID, busName, capacity, manufactured_date, E_driver) values (17208, '688 Tikiw', 97, '2017-12-25', 672237666);
insert into BUS (busID, busName, capacity, manufactured_date, E_driver) values (73518, '844 Tehetu', 242, '2002-11-24', 675822238);
insert into BUS (busID, busName, capacity, manufactured_date, E_driver) values (52028, '966 Bornu Yassu', 297, '2002-01-03', 676103746);
insert into BUS (busID, busName, capacity, manufactured_date, E_driver) values (82062, '86 Veranópolis', 197, '2016-08-29', 676893850);
insert into BUS (busID, busName, capacity, manufactured_date, E_driver) values (60057, '462 Garibaldi', 88, '2008-06-19', 679920243);
insert into BUS (busID, busName, capacity, manufactured_date, E_driver) values (99822, '167 Samothráki', 237, '2001-12-24', 689591398);
insert into BUS (busID, busName, capacity, manufactured_date, E_driver) values (27401, '187 Hengli', 287, '2011-09-23', 693659553);
insert into BUS (busID, busName, capacity, manufactured_date, E_driver) values (66444, '848 Milano', 196, '2017-05-04', 697580307);
insert into BUS (busID, busName, capacity, manufactured_date, E_driver) values (98678, '304 Honglu', 281, '2016-07-23', 701101962);
insert into BUS (busID, busName, capacity, manufactured_date, E_driver) values (53506, '91 Kapiri Mposhi', 186, '2009-03-14', 710382130);
insert into BUS (busID, busName, capacity, manufactured_date, E_driver) values (33824, '657 Zheleznogorsk-Ilimskiy', 200, '2014-09-07', 712270795);
insert into BUS (busID, busName, capacity, manufactured_date, E_driver) values (68684, '846 Belomorsk', 261, '2010-11-05', 737795983);
insert into BUS (busID, busName, capacity, manufactured_date, E_driver) values (84953, '637 Sukamulya', 215, '2002-01-19', 750631253);
insert into BUS (busID, busName, capacity, manufactured_date, E_driver) values (54730, '706 Al Miftāḩ', 94, '2003-01-23', 756100459);
insert into BUS (busID, busName, capacity, manufactured_date, E_driver) values (65433, '864 Puerto Rico', 94, '2005-10-17', 758946137);
insert into BUS (busID, busName, capacity, manufactured_date, E_driver) values (23511, '403 Sapucaia', 294, '2018-04-16', 761371431);
insert into BUS (busID, busName, capacity, manufactured_date, E_driver) values (43206, '314 Antas', 239, '2017-03-17', 762450062);
insert into BUS (busID, busName, capacity, manufactured_date, E_driver) values (64178, '449 Pendembu', 236, '2002-06-07', 762536719);
insert into BUS (busID, busName, capacity, manufactured_date, E_driver) values (22555, '618 Chengyue', 283, '2009-09-28', 767525305);
insert into BUS (busID, busName, capacity, manufactured_date, E_driver) values (42536, '896 Moog', 117, '2010-10-22', 768264439);
insert into BUS (busID, busName, capacity, manufactured_date, E_driver) values (86507, '62 Žlutice', 205, '2006-06-24', 772889194);
insert into BUS (busID, busName, capacity, manufactured_date, E_driver) values (98608, '770 Pardelhas', 107, '2015-01-27', 774315411);
insert into BUS (busID, busName, capacity, manufactured_date, E_driver) values (73671, '282 Křižanov', 56, '2018-07-27', 782715057);
insert into BUS (busID, busName, capacity, manufactured_date, E_driver) values (80205, '802 Babao', 259, '2010-12-22', 783109559);
insert into BUS (busID, busName, capacity, manufactured_date, E_driver) values (54469, '72 El Asintal', 171, '2017-08-07', 783692526);
insert into BUS (busID, busName, capacity, manufactured_date, E_driver) values (41086, '532 Wujingfu', 253, '2019-04-19', 783700984);
insert into BUS (busID, busName, capacity, manufactured_date, E_driver) values (43799, '520 Rozsypne', 208, '2000-06-06', 784756537);
insert into BUS (busID, busName, capacity, manufactured_date, E_driver) values (21808, '172 Unquillo', 163, '2000-07-23', 785143730);

insert into CARD (cardNum, balance, expiry_date, F_fare) values (452835040, 97.75, '2021-12-29', 6);
insert into CARD (cardNum, balance, expiry_date, F_fare) values (511622611, 43.44, '2027-11-25', 4);
insert into CARD (cardNum, balance, expiry_date, F_fare) values (634752350, 83.88, '2024-01-23', 3);
insert into CARD (cardNum, balance, expiry_date, F_fare) values (734657465, 43.94, '2022-07-15', 5);
insert into CARD (cardNum, balance, expiry_date, F_fare) values (334006334, 68.0, '2024-07-26', 6);
insert into CARD (cardNum, balance, expiry_date, F_fare) values (753669466, 25.27, '2025-01-26', 6);
insert into CARD (cardNum, balance, expiry_date, F_fare) values (413941358, 23.55, '2023-08-14', 2);
insert into CARD (cardNum, balance, expiry_date, F_fare) values (953233949, 54.36, '2022-04-16', 1);
insert into CARD (cardNum, balance, expiry_date, F_fare) values (776298740, 61.11, '2023-10-12', 3);
insert into CARD (cardNum, balance, expiry_date, F_fare) values (928514310, 6.4, '2023-07-22', 4);
insert into CARD (cardNum, balance, expiry_date, F_fare) values (845754820, 9.43, '2026-12-05', 2);
insert into CARD (cardNum, balance, expiry_date, F_fare) values (826322218, 53.68, '2026-10-12', 5);
insert into CARD (cardNum, balance, expiry_date, F_fare) values (314990251, 63.78, '2025-11-08', 6);
insert into CARD (cardNum, balance, expiry_date, F_fare) values (793926114, 38.07, '2028-02-20', 2);
insert into CARD (cardNum, balance, expiry_date, F_fare) values (647976671, 71.28, '2024-01-07', 5);
insert into CARD (cardNum, balance, expiry_date, F_fare) values (487712837, 88.85, '2023-01-07', 6);
insert into CARD (cardNum, balance, expiry_date, F_fare) values (175981532, 32.74, '2024-01-21', 3);
insert into CARD (cardNum, balance, expiry_date, F_fare) values (698588230, 62.92, '2026-03-14', 1);
insert into CARD (cardNum, balance, expiry_date, F_fare) values (950624965, 57.47, '2023-01-14', 4);
insert into CARD (cardNum, balance, expiry_date, F_fare) values (911587714, 25.42, '2020-01-06', 5);
insert into CARD (cardNum, balance, expiry_date, F_fare) values (224619265, 40.78, '2019-04-18', 4);
insert into CARD (cardNum, balance, expiry_date, F_fare) values (286228251, 89.75, '2019-12-23', 5);
insert into CARD (cardNum, balance, expiry_date, F_fare) values (545881764, 75.08, '2027-02-21', 6);
insert into CARD (cardNum, balance, expiry_date, F_fare) values (579325934, 33.53, '2021-12-25', 3);
insert into CARD (cardNum, balance, expiry_date, F_fare) values (168767792, 58.5, '2026-10-23', 3);
insert into CARD (cardNum, balance, expiry_date, F_fare) values (353073363, 17.53, '2024-10-21', 5);
insert into CARD (cardNum, balance, expiry_date, F_fare) values (280053071, 82.35, '2021-05-01', 2);
insert into CARD (cardNum, balance, expiry_date, F_fare) values (183263191, 2.38, '2022-08-03', 4);
insert into CARD (cardNum, balance, expiry_date, F_fare) values (256655538, 36.8, '2020-09-14', 3);
insert into CARD (cardNum, balance, expiry_date, F_fare) values (478147117, 36.35, '2020-03-12', 2);
insert into CARD (cardNum, balance, expiry_date, F_fare) values (650474357, 26.48, '2025-06-10', 1);
insert into CARD (cardNum, balance, expiry_date, F_fare) values (857516284, 25.43, '2027-09-25', 2);
insert into CARD (cardNum, balance, expiry_date, F_fare) values (142115850, 13.36, '2027-06-18', 3);
insert into CARD (cardNum, balance, expiry_date, F_fare) values (555960652, 67.44, '2022-04-15', 3);
insert into CARD (cardNum, balance, expiry_date, F_fare) values (608812621, 57.04, '2021-10-10', 3);
insert into CARD (cardNum, balance, expiry_date, F_fare) values (316727218, 93.55, '2021-08-25', 3);
insert into CARD (cardNum, balance, expiry_date, F_fare) values (740410500, 51.72, '2026-06-25', 3);
insert into CARD (cardNum, balance, expiry_date, F_fare) values (897079258, 94.71, '2027-02-04', 1);
insert into CARD (cardNum, balance, expiry_date, F_fare) values (284704144, 5.44, '2026-05-13', 5);
insert into CARD (cardNum, balance, expiry_date, F_fare) values (832371969, 89.12, '2027-12-16', 4);
insert into CARD (cardNum, balance, expiry_date, F_fare) values (785686628, 2.24, '2027-03-21', 1);
insert into CARD (cardNum, balance, expiry_date, F_fare) values (463676807, 30.49, '2026-02-02', 6);
insert into CARD (cardNum, balance, expiry_date, F_fare) values (755069157, 2.5, '2020-12-26', 1);
insert into CARD (cardNum, balance, expiry_date, F_fare) values (658862099, 68.65, '2027-12-27', 5);
insert into CARD (cardNum, balance, expiry_date, F_fare) values (564445861, 82.31, '2025-06-13', 5);
insert into CARD (cardNum, balance, expiry_date, F_fare) values (823629994, 38.1, '2021-01-10', 1);
insert into CARD (cardNum, balance, expiry_date, F_fare) values (898869323, 50.23, '2026-10-15', 2);
insert into CARD (cardNum, balance, expiry_date, F_fare) values (918170278, 67.78, '2021-02-09', 2);
insert into CARD (cardNum, balance, expiry_date, F_fare) values (972100150, 41.56, '2024-09-12', 4);
insert into CARD (cardNum, balance, expiry_date, F_fare) values (323304186, 58.46, '2025-12-15', 1);
insert into CARD (cardNum, balance, expiry_date, F_fare) values (401263057, 25.84, '2027-05-03', 1);
insert into CARD (cardNum, balance, expiry_date, F_fare) values (949739328, 93.29, '2027-07-10', 1);
insert into CARD (cardNum, balance, expiry_date, F_fare) values (799888871, 65.05, '2019-09-08', 1);
insert into CARD (cardNum, balance, expiry_date, F_fare) values (316376656, 72.39, '2027-03-09', 2);
insert into CARD (cardNum, balance, expiry_date, F_fare) values (648450285, 0.54, '2019-05-16', 2);
insert into CARD (cardNum, balance, expiry_date, F_fare) values (215129056, 73.85, '2024-07-27', 6);
insert into CARD (cardNum, balance, expiry_date, F_fare) values (354303526, 82.09, '2020-02-16', 4);
insert into CARD (cardNum, balance, expiry_date, F_fare) values (205943632, 19.78, '2022-09-13', 3);
insert into CARD (cardNum, balance, expiry_date, F_fare) values (799833830, 64.49, '2024-02-29', 2);
insert into CARD (cardNum, balance, expiry_date, F_fare) values (615962208, 30.42, '2020-03-01', 6);
insert into CARD (cardNum, balance, expiry_date, F_fare) values (654519039, 43.39, '2024-12-18', 4);
insert into CARD (cardNum, balance, expiry_date, F_fare) values (514289226, 83.58, '2023-11-26', 3);
insert into CARD (cardNum, balance, expiry_date, F_fare) values (171605014, 14.27, '2021-06-04', 2);
insert into CARD (cardNum, balance, expiry_date, F_fare) values (838321983, 85.14, '2026-01-25', 5);
insert into CARD (cardNum, balance, expiry_date, F_fare) values (708441895, 25.7, '2021-12-18', 5);
insert into CARD (cardNum, balance, expiry_date, F_fare) values (314800356, 6.87, '2027-01-12', 3);
insert into CARD (cardNum, balance, expiry_date, F_fare) values (797669883, 30.82, '2021-03-16', 1);
insert into CARD (cardNum, balance, expiry_date, F_fare) values (541502730, 14.66, '2023-08-01', 4);
insert into CARD (cardNum, balance, expiry_date, F_fare) values (613466663, 64.15, '2020-04-30', 5);
insert into CARD (cardNum, balance, expiry_date, F_fare) values (788935121, 51.0, '2027-09-03', 3);
insert into CARD (cardNum, balance, expiry_date, F_fare) values (629128759, 2.89, '2023-04-26', 5);
insert into CARD (cardNum, balance, expiry_date, F_fare) values (877440937, 36.49, '2025-08-20', 1);
insert into CARD (cardNum, balance, expiry_date, F_fare) values (927174334, 83.75, '2027-04-21', 5);
insert into CARD (cardNum, balance, expiry_date, F_fare) values (684683534, 96.21, '2026-07-05', 1);
insert into CARD (cardNum, balance, expiry_date, F_fare) values (543129932, 47.16, '2020-10-29', 1);
insert into CARD (cardNum, balance, expiry_date, F_fare) values (506507623, 0.65, '2019-05-24', 2);
insert into CARD (cardNum, balance, expiry_date, F_fare) values (979186087, 92.79, '2027-08-16', 6);
insert into CARD (cardNum, balance, expiry_date, F_fare) values (809253636, 25.27, '2020-11-30', 6);
insert into CARD (cardNum, balance, expiry_date, F_fare) values (676149218, 79.94, '2024-04-21', 2);
insert into CARD (cardNum, balance, expiry_date, F_fare) values (777019300, 50.76, '2023-02-27', 1);
insert into CARD (cardNum, balance, expiry_date, F_fare) values (614747125, 21.32, '2019-08-10', 2);
insert into CARD (cardNum, balance, expiry_date, F_fare) values (377595912, 40.98, '2027-07-16', 5);
insert into CARD (cardNum, balance, expiry_date, F_fare) values (279557875, 54.44, '2025-06-29', 2);
insert into CARD (cardNum, balance, expiry_date, F_fare) values (378435468, 77.64, '2027-04-28', 6);
insert into CARD (cardNum, balance, expiry_date, F_fare) values (839013323, 97.93, '2021-12-21', 3);
insert into CARD (cardNum, balance, expiry_date, F_fare) values (258766531, 88.22, '2023-05-18', 3);
insert into CARD (cardNum, balance, expiry_date, F_fare) values (942356167, 82.9, '2027-03-11', 1);
insert into CARD (cardNum, balance, expiry_date, F_fare) values (909255418, 88.42, '2026-01-27', 3);
insert into CARD (cardNum, balance, expiry_date, F_fare) values (458478924, 16.12, '2022-03-17', 2);
insert into CARD (cardNum, balance, expiry_date, F_fare) values (277179674, 29.24, '2021-05-27', 6);
insert into CARD (cardNum, balance, expiry_date, F_fare) values (401469561, 16.58, '2027-12-31', 4);
insert into CARD (cardNum, balance, expiry_date, F_fare) values (512829932, 29.4, '2025-07-04', 3);
insert into CARD (cardNum, balance, expiry_date, F_fare) values (298254566, 79.75, '2024-10-04', 4);
insert into CARD (cardNum, balance, expiry_date, F_fare) values (616849471, 47.95, '2025-03-10', 4);
insert into CARD (cardNum, balance, expiry_date, F_fare) values (960926163, 72.63, '2022-07-25', 4);
insert into CARD (cardNum, balance, expiry_date, F_fare) values (629903277, 34.91, '2026-03-01', 6);
insert into CARD (cardNum, balance, expiry_date, F_fare) values (990770754, 89.34, '2025-12-29', 6);
insert into CARD (cardNum, balance, expiry_date, F_fare) values (567629486, 78.62, '2021-07-05', 6);
insert into CARD (cardNum, balance, expiry_date, F_fare) values (805257764, 49.0, '2025-04-18', 5);
insert into CARD (cardNum, balance, expiry_date, F_fare) values (382699397, 55.15, '2025-12-08', 2);
insert into CARD (cardNum, balance, expiry_date, F_fare) values (651800103, 18.98, '2026-11-10', 4);
insert into CARD (cardNum, balance, expiry_date, F_fare) values (686836164, 44.22, '2027-08-21', 6);
insert into CARD (cardNum, balance, expiry_date, F_fare) values (724407336, 86.51, '2023-04-28', 4);
insert into CARD (cardNum, balance, expiry_date, F_fare) values (123230074, 36.93, '2020-12-02', 6);
insert into CARD (cardNum, balance, expiry_date, F_fare) values (946405947, 74.91, '2022-11-18', 5);
insert into CARD (cardNum, balance, expiry_date, F_fare) values (796009153, 19.45, '2022-08-11', 6);
insert into CARD (cardNum, balance, expiry_date, F_fare) values (652713724, 56.56, '2019-10-29', 3);
insert into CARD (cardNum, balance, expiry_date, F_fare) values (227768101, 66.01, '2026-11-27', 6);
insert into CARD (cardNum, balance, expiry_date, F_fare) values (307614068, 41.41, '2024-01-07', 4);
insert into CARD (cardNum, balance, expiry_date, F_fare) values (477806269, 38.08, '2022-09-10', 5);
insert into CARD (cardNum, balance, expiry_date, F_fare) values (451270198, 30.87, '2020-03-20', 1);
insert into CARD (cardNum, balance, expiry_date, F_fare) values (502922776, 4.18, '2023-12-08', 6);
insert into CARD (cardNum, balance, expiry_date, F_fare) values (370325784, 12.79, '2023-11-22', 4);
insert into CARD (cardNum, balance, expiry_date, F_fare) values (480317069, 33.26, '2024-03-03', 5);
insert into CARD (cardNum, balance, expiry_date, F_fare) values (161928971, 95.53, '2026-07-21', 4);
insert into CARD (cardNum, balance, expiry_date, F_fare) values (958983637, 26.9, '2027-12-12', 3);
insert into CARD (cardNum, balance, expiry_date, F_fare) values (308382923, 78.85, '2020-06-03', 6);
insert into CARD (cardNum, balance, expiry_date, F_fare) values (347338292, 89.45, '2025-05-07', 3);
insert into CARD (cardNum, balance, expiry_date, F_fare) values (248639292, 49.37, '2019-05-29', 2);
insert into CARD (cardNum, balance, expiry_date, F_fare) values (467469460, 3.7, '2025-05-18', 3);
insert into CARD (cardNum, balance, expiry_date, F_fare) values (633387861, 17.21, '2023-07-28', 1);
insert into CARD (cardNum, balance, expiry_date, F_fare) values (369233330, 55.57, '2027-07-05', 2);
insert into CARD (cardNum, balance, expiry_date, F_fare) values (882639184, 92.03, '2020-02-01', 1);
insert into CARD (cardNum, balance, expiry_date, F_fare) values (117277413, 79.5, '2027-09-19', 6);
insert into CARD (cardNum, balance, expiry_date, F_fare) values (280887475, 62.72, '2020-02-07', 5);
insert into CARD (cardNum, balance, expiry_date, F_fare) values (385873100, 34.9, '2025-12-13', 1);
insert into CARD (cardNum, balance, expiry_date, F_fare) values (690207397, 40.64, '2027-06-15', 5);
insert into CARD (cardNum, balance, expiry_date, F_fare) values (457044178, 20.47, '2019-06-13', 4);
insert into CARD (cardNum, balance, expiry_date, F_fare) values (709713055, 75.42, '2019-08-18', 2);
insert into CARD (cardNum, balance, expiry_date, F_fare) values (482395604, 21.84, '2025-12-10', 3);
insert into CARD (cardNum, balance, expiry_date, F_fare) values (175075340, 39.15, '2021-03-12', 2);
insert into CARD (cardNum, balance, expiry_date, F_fare) values (464798726, 9.07, '2021-10-24', 2);
insert into CARD (cardNum, balance, expiry_date, F_fare) values (903727402, 72.33, '2025-07-08', 3);
insert into CARD (cardNum, balance, expiry_date, F_fare) values (583889231, 57.58, '2026-03-27', 4);
insert into CARD (cardNum, balance, expiry_date, F_fare) values (747781384, 31.46, '2028-01-11', 6);
insert into CARD (cardNum, balance, expiry_date, F_fare) values (278283034, 45.42, '2027-12-23', 2);
insert into CARD (cardNum, balance, expiry_date, F_fare) values (453450527, 50.41, '2019-04-25', 1);
insert into CARD (cardNum, balance, expiry_date, F_fare) values (521287242, 72.04, '2022-01-26', 2);
insert into CARD (cardNum, balance, expiry_date, F_fare) values (571977984, 36.48, '2024-09-22', 5);
insert into CARD (cardNum, balance, expiry_date, F_fare) values (559257869, 39.21, '2021-10-06', 5);
insert into CARD (cardNum, balance, expiry_date, F_fare) values (459223251, 49.81, '2025-08-26', 5);
insert into CARD (cardNum, balance, expiry_date, F_fare) values (735627672, 26.31, '2022-01-21', 1);
insert into CARD (cardNum, balance, expiry_date, F_fare) values (670354832, 92.83, '2023-06-14', 1);
insert into CARD (cardNum, balance, expiry_date, F_fare) values (762727534, 45.65, '2024-07-01', 4);
insert into CARD (cardNum, balance, expiry_date, F_fare) values (912399721, 23.56, '2019-10-13', 5);
insert into CARD (cardNum, balance, expiry_date, F_fare) values (227073064, 68.19, '2021-09-24', 1);
insert into CARD (cardNum, balance, expiry_date, F_fare) values (786064696, 29.69, '2020-11-01', 2);
insert into CARD (cardNum, balance, expiry_date, F_fare) values (736868115, 4.16, '2022-01-11', 3);
insert into CARD (cardNum, balance, expiry_date, F_fare) values (810491809, 53.04, '2025-03-09', 6);
insert into CARD (cardNum, balance, expiry_date, F_fare) values (449675579, 62.85, '2023-05-04', 6);


insert into TAPS (B_busID, C_cardNum, time_stamp) values (66444, 897079258, '2019-12-08 01:50:26');
insert into TAPS (B_busID, C_cardNum, time_stamp) values (64183, 810491809, '2019-07-22 21:00:15');
insert into TAPS (B_busID, C_cardNum, time_stamp) values (58681, 378435468, '2020-02-26 02:10:04');
insert into TAPS (B_busID, C_cardNum, time_stamp) values (92141, 307614068, '2020-01-05 00:39:57');
insert into TAPS (B_busID, C_cardNum, time_stamp) values (41086, 583889231, '2019-06-18 07:23:48');
insert into TAPS (B_busID, C_cardNum, time_stamp) values (30948, 175981532, '2020-01-14 06:47:08');
insert into TAPS (B_busID, C_cardNum, time_stamp) values (39836, 647976671, '2019-03-28 06:11:51');
insert into TAPS (B_busID, C_cardNum, time_stamp) values (79906, 284704144, '2019-08-04 09:57:40');
insert into TAPS (B_busID, C_cardNum, time_stamp) values (35197, 314990251, '2019-06-25 01:44:29');
insert into TAPS (B_busID, C_cardNum, time_stamp) values (68761, 786064696, '2019-05-02 02:16:48');
insert into TAPS (B_busID, C_cardNum, time_stamp) values (65453, 762727534, '2019-04-19 05:10:55');
insert into TAPS (B_busID, C_cardNum, time_stamp) values (55287, 785686628, '2019-11-05 09:11:52');
insert into TAPS (B_busID, C_cardNum, time_stamp) values (74372, 788935121, '2020-02-11 12:30:49');
insert into TAPS (B_busID, C_cardNum, time_stamp) values (73518, 279557875, '2019-05-22 14:33:30');
insert into TAPS (B_busID, C_cardNum, time_stamp) values (35197, 629128759, '2019-06-11 03:06:46');
insert into TAPS (B_busID, C_cardNum, time_stamp) values (24819, 385873100, '2019-11-14 08:37:38');
insert into TAPS (B_busID, C_cardNum, time_stamp) values (61642, 314990251, '2019-05-17 00:08:40');
insert into TAPS (B_busID, C_cardNum, time_stamp) values (68684, 258766531, '2020-03-13 16:16:12');
insert into TAPS (B_busID, C_cardNum, time_stamp) values (65433, 227073064, '2019-11-21 05:28:37');
insert into TAPS (B_busID, C_cardNum, time_stamp) values (78696, 175981532, '2019-11-07 03:17:20');
insert into TAPS (B_busID, C_cardNum, time_stamp) values (42652, 323304186, '2019-10-05 15:31:01');
insert into TAPS (B_busID, C_cardNum, time_stamp) values (53506, 480317069, '2019-07-12 04:31:14');
insert into TAPS (B_busID, C_cardNum, time_stamp) values (55287, 987654321, '2019-11-22 23:54:02');
insert into TAPS (B_busID, C_cardNum, time_stamp) values (31133, 826322218, '2019-12-30 14:07:00');
insert into TAPS (B_busID, C_cardNum, time_stamp) values (88790, 314800356, '2019-08-26 18:14:25');
insert into TAPS (B_busID, C_cardNum, time_stamp) values (72329, 464798726, '2019-03-17 12:09:52');
insert into TAPS (B_busID, C_cardNum, time_stamp) values (44679, 452835040, '2019-09-03 12:15:04');
insert into TAPS (B_busID, C_cardNum, time_stamp) values (15399, 559257869, '2019-06-04 11:14:52');
insert into TAPS (B_busID, C_cardNum, time_stamp) values (18912, 316727218, '2019-03-19 21:03:51');
insert into TAPS (B_busID, C_cardNum, time_stamp) values (10488, 797669883, '2019-10-22 13:25:45');
insert into TAPS (B_busID, C_cardNum, time_stamp) values (86616, 334006334, '2019-06-26 07:24:48');
insert into TAPS (B_busID, C_cardNum, time_stamp) values (46123, 564445861, '2019-05-22 18:27:32');
insert into TAPS (B_busID, C_cardNum, time_stamp) values (67901, 413941358, '2020-02-07 02:26:00');
insert into TAPS (B_busID, C_cardNum, time_stamp) values (26937, 579325934, '2020-03-05 18:12:54');
insert into TAPS (B_busID, C_cardNum, time_stamp) values (21273, 786064696, '2019-08-20 05:00:11');
insert into TAPS (B_busID, C_cardNum, time_stamp) values (92141, 559257869, '2019-10-08 08:04:03');
insert into TAPS (B_busID, C_cardNum, time_stamp) values (13458, 354303526, '2019-08-10 04:43:35');
insert into TAPS (B_busID, C_cardNum, time_stamp) values (75277, 175981532, '2019-05-06 09:32:04');
insert into TAPS (B_busID, C_cardNum, time_stamp) values (98009, 377595912, '2019-08-14 09:20:09');
insert into TAPS (B_busID, C_cardNum, time_stamp) values (61642, 353073363, '2019-08-16 10:28:02');
insert into TAPS (B_busID, C_cardNum, time_stamp) values (96806, 698588230, '2019-09-11 08:09:15');
insert into TAPS (B_busID, C_cardNum, time_stamp) values (13458, 616849471, '2020-01-25 22:56:36');
insert into TAPS (B_busID, C_cardNum, time_stamp) values (41086, 918170278, '2020-02-19 09:36:14');
insert into TAPS (B_busID, C_cardNum, time_stamp) values (90635, 314800356, '2019-09-03 08:06:45');
insert into TAPS (B_busID, C_cardNum, time_stamp) values (85690, 927174334, '2020-02-09 22:48:32');
insert into TAPS (B_busID, C_cardNum, time_stamp) values (97845, 797669883, '2019-04-21 13:20:41');
insert into TAPS (B_busID, C_cardNum, time_stamp) values (72750, 227768101, '2019-10-12 07:06:30');
insert into TAPS (B_busID, C_cardNum, time_stamp) values (49069, 651800103, '2019-04-29 13:55:09');
insert into TAPS (B_busID, C_cardNum, time_stamp) values (57153, 799833830, '2019-03-15 17:51:55');
insert into TAPS (B_busID, C_cardNum, time_stamp) values (54469, 838321983, '2019-08-01 15:20:24');
insert into TAPS (B_busID, C_cardNum, time_stamp) values (51250, 555960652, '2019-05-05 02:32:24');
insert into TAPS (B_busID, C_cardNum, time_stamp) values (68684, 953233949, '2019-05-01 08:46:51');
insert into TAPS (B_busID, C_cardNum, time_stamp) values (69637, 168767792, '2020-02-02 00:43:20');
insert into TAPS (B_busID, C_cardNum, time_stamp) values (21273, 401263057, '2019-03-17 17:25:51');
insert into TAPS (B_busID, C_cardNum, time_stamp) values (94831, 735627672, '2019-05-12 12:24:30');
insert into TAPS (B_busID, C_cardNum, time_stamp) values (42652, 799833830, '2019-10-13 20:34:08');
insert into TAPS (B_busID, C_cardNum, time_stamp) values (73363, 793926114, '2019-12-29 05:04:13');
insert into TAPS (B_busID, C_cardNum, time_stamp) values (86616, 608812621, '2020-02-05 06:03:44');
insert into TAPS (B_busID, C_cardNum, time_stamp) values (49650, 480317069, '2020-02-04 01:00:17');
insert into TAPS (B_busID, C_cardNum, time_stamp) values (67829, 634752350, '2019-05-08 22:19:23');
insert into TAPS (B_busID, C_cardNum, time_stamp) values (98009, 458478924, '2019-12-24 08:55:43');
insert into TAPS (B_busID, C_cardNum, time_stamp) values (60721, 740410500, '2019-12-19 08:54:35');
insert into TAPS (B_busID, C_cardNum, time_stamp) values (33824, 277179674, '2020-01-18 17:51:40');
insert into TAPS (B_busID, C_cardNum, time_stamp) values (24517, 953233949, '2019-04-19 18:43:55');
insert into TAPS (B_busID, C_cardNum, time_stamp) values (45891, 477806269, '2019-10-03 21:08:04');
insert into TAPS (B_busID, C_cardNum, time_stamp) values (27401, 898869323, '2019-04-15 03:55:25');
insert into TAPS (B_busID, C_cardNum, time_stamp) values (55593, 401263057, '2019-10-31 16:24:33');
insert into TAPS (B_busID, C_cardNum, time_stamp) values (53506, 747781384, '2019-05-26 15:18:19');
insert into TAPS (B_busID, C_cardNum, time_stamp) values (29447, 648450285, '2019-08-08 23:15:35');
insert into TAPS (B_busID, C_cardNum, time_stamp) values (77162, 571977984, '2019-09-22 05:51:34');
insert into TAPS (B_busID, C_cardNum, time_stamp) values (19658, 918170278, '2019-04-02 07:07:18');
insert into TAPS (B_busID, C_cardNum, time_stamp) values (31133, 882639184, '2019-08-29 16:28:58');
insert into TAPS (B_busID, C_cardNum, time_stamp) values (29447, 478147117, '2020-02-23 01:51:00');
insert into TAPS (B_busID, C_cardNum, time_stamp) values (78851, 175981532, '2019-12-23 00:31:11');
insert into TAPS (B_busID, C_cardNum, time_stamp) values (65433, 463676807, '2019-05-21 13:29:58');
insert into TAPS (B_busID, C_cardNum, time_stamp) values (99822, 762727534, '2019-04-01 23:29:17');
insert into TAPS (B_busID, C_cardNum, time_stamp) values (73462, 839013323, '2019-08-29 06:35:58');
insert into TAPS (B_busID, C_cardNum, time_stamp) values (68226, 990770754, '2019-05-24 04:56:41');
insert into TAPS (B_busID, C_cardNum, time_stamp) values (92170, 686836164, '2019-10-20 19:37:01');
insert into TAPS (B_busID, C_cardNum, time_stamp) values (64178, 278283034, '2019-12-23 14:35:46');
insert into TAPS (B_busID, C_cardNum, time_stamp) values (68761, 316727218, '2019-10-27 14:48:34');
insert into TAPS (B_busID, C_cardNum, time_stamp) values (64501, 353073363, '2020-03-06 22:45:50');
insert into TAPS (B_busID, C_cardNum, time_stamp) values (68226, 832371969, '2019-03-17 05:54:55');
insert into TAPS (B_busID, C_cardNum, time_stamp) values (30588, 845754820, '2019-11-14 23:20:52');
insert into TAPS (B_busID, C_cardNum, time_stamp) values (82062, 839013323, '2019-11-30 13:48:59');
insert into TAPS (B_busID, C_cardNum, time_stamp) values (30588, 777019300, '2019-07-20 06:34:33');
insert into TAPS (B_busID, C_cardNum, time_stamp) values (60576, 708441895, '2019-04-05 16:06:26');
insert into TAPS (B_busID, C_cardNum, time_stamp) values (46123, 284704144, '2019-11-13 13:50:09');
insert into TAPS (B_busID, C_cardNum, time_stamp) values (78696, 684683534, '2019-10-15 12:30:49');
insert into TAPS (B_busID, C_cardNum, time_stamp) values (39836, 629128759, '2019-12-22 02:41:45');
insert into TAPS (B_busID, C_cardNum, time_stamp) values (43206, 284704144, '2019-05-21 21:08:06');
insert into TAPS (B_busID, C_cardNum, time_stamp) values (68684, 555960652, '2019-04-27 15:44:12');
insert into TAPS (B_busID, C_cardNum, time_stamp) values (30588, 545881764, '2019-08-25 22:57:14');
insert into TAPS (B_busID, C_cardNum, time_stamp) values (74372, 205943632, '2019-03-20 08:23:14');
insert into TAPS (B_busID, C_cardNum, time_stamp) values (68226, 541502730, '2019-10-24 01:34:21');
insert into TAPS (B_busID, C_cardNum, time_stamp) values (98608, 823629994, '2020-01-21 18:10:44');
insert into TAPS (B_busID, C_cardNum, time_stamp) values (14327, 449675579, '2019-08-26 10:27:53');
insert into TAPS (B_busID, C_cardNum, time_stamp) values (97141, 658862099, '2019-04-19 12:32:58');
insert into TAPS (B_busID, C_cardNum, time_stamp) values (57153, 224619265, '2019-08-23 23:04:46');
insert into TAPS (B_busID, C_cardNum, time_stamp) values (55287, 797669883, '2019-08-26 14:07:09');
insert into TAPS (B_busID, C_cardNum, time_stamp) values (98009, 278283034, '2019-10-20 16:36:59');
insert into TAPS (B_busID, C_cardNum, time_stamp) values (85843, 316376656, '2019-12-01 22:14:33');
insert into TAPS (B_busID, C_cardNum, time_stamp) values (92141, 949739328, '2019-12-07 11:06:30');
insert into TAPS (B_busID, C_cardNum, time_stamp) values (45891, 117277413, '2020-02-08 11:32:12');
insert into TAPS (B_busID, C_cardNum, time_stamp) values (68226, 258766531, '2019-06-20 08:01:51');
insert into TAPS (B_busID, C_cardNum, time_stamp) values (86505, 857516284, '2019-11-27 06:38:35');
insert into TAPS (B_busID, C_cardNum, time_stamp) values (74215, 205943632, '2019-12-17 14:51:25');
insert into TAPS (B_busID, C_cardNum, time_stamp) values (12128, 478147117, '2020-02-22 03:23:45');
insert into TAPS (B_busID, C_cardNum, time_stamp) values (78851, 506507623, '2020-01-20 09:04:02');
insert into TAPS (B_busID, C_cardNum, time_stamp) values (44679, 321654987, '2019-12-20 03:42:05');
insert into TAPS (B_busID, C_cardNum, time_stamp) values (29961, 117277413, '2019-04-10 09:44:28');
insert into TAPS (B_busID, C_cardNum, time_stamp) values (73363, 805257764, '2019-10-05 08:35:12');
insert into TAPS (B_busID, C_cardNum, time_stamp) values (42536, 205943632, '2019-05-06 02:51:13');
insert into TAPS (B_busID, C_cardNum, time_stamp) values (96806, 809253636, '2019-09-23 04:46:28');
insert into TAPS (B_busID, C_cardNum, time_stamp) values (30588, 224619265, '2019-03-24 17:16:46');
insert into TAPS (B_busID, C_cardNum, time_stamp) values (65433, 382699397, '2019-11-18 05:27:24');
insert into TAPS (B_busID, C_cardNum, time_stamp) values (74215, 452835040, '2019-11-28 13:38:25');
insert into TAPS (B_busID, C_cardNum, time_stamp) values (14327, 382699397, '2019-10-17 15:36:16');
insert into TAPS (B_busID, C_cardNum, time_stamp) values (62553, 258766531, '2020-03-03 19:59:50');
insert into TAPS (B_busID, C_cardNum, time_stamp) values (60057, 512829932, '2019-05-30 21:23:41');
insert into TAPS (B_busID, C_cardNum, time_stamp) values (53108, 805257764, '2020-01-19 08:40:34');
insert into TAPS (B_busID, C_cardNum, time_stamp) values (43799, 227073064, '2019-07-13 02:19:18');
insert into TAPS (B_busID, C_cardNum, time_stamp) values (24819, 401469561, '2019-03-20 18:26:39');
insert into TAPS (B_busID, C_cardNum, time_stamp) values (20868, 608812621, '2019-04-25 11:17:37');
insert into TAPS (B_busID, C_cardNum, time_stamp) values (98009, 946405947, '2019-06-15 19:38:34');
insert into TAPS (B_busID, C_cardNum, time_stamp) values (66829, 786064696, '2019-11-01 00:09:20');
insert into TAPS (B_busID, C_cardNum, time_stamp) values (64508, 401469561, '2019-12-31 02:55:15');
insert into TAPS (B_busID, C_cardNum, time_stamp) values (72341, 755069157, '2019-08-25 20:33:19');
insert into TAPS (B_busID, C_cardNum, time_stamp) values (66829, 478147117, '2020-02-13 15:42:58');
insert into TAPS (B_busID, C_cardNum, time_stamp) values (84953, 608812621, '2020-01-19 16:56:19');
insert into TAPS (B_busID, C_cardNum, time_stamp) values (58681, 762727534, '2019-04-25 07:03:28');
insert into TAPS (B_busID, C_cardNum, time_stamp) values (67829, 123230074, '2020-01-14 15:26:17');
insert into TAPS (B_busID, C_cardNum, time_stamp) values (38302, 629903277, '2020-01-23 23:09:09');
insert into TAPS (B_busID, C_cardNum, time_stamp) values (78474, 452835040, '2020-02-18 06:25:51');
insert into TAPS (B_busID, C_cardNum, time_stamp) values (12835, 277179674, '2019-04-28 18:16:45');
insert into TAPS (B_busID, C_cardNum, time_stamp) values (41086, 258766531, '2019-04-29 07:48:15');
insert into TAPS (B_busID, C_cardNum, time_stamp) values (68226, 168767792, '2019-08-22 09:56:10');
insert into TAPS (B_busID, C_cardNum, time_stamp) values (96806, 579325934, '2019-06-18 07:21:04');
insert into TAPS (B_busID, C_cardNum, time_stamp) values (25466, 629128759, '2019-04-10 20:50:41');
insert into TAPS (B_busID, C_cardNum, time_stamp) values (24819, 953233949, '2020-03-12 03:33:59');
insert into TAPS (B_busID, C_cardNum, time_stamp) values (55593, 227073064, '2019-07-18 07:09:58');
insert into TAPS (B_busID, C_cardNum, time_stamp) values (26937, 839013323, '2019-05-01 14:32:37');
insert into TAPS (B_busID, C_cardNum, time_stamp) values (26840, 467469460, '2020-03-06 08:48:11');
insert into TAPS (B_busID, C_cardNum, time_stamp) values (43799, 543129932, '2019-11-03 20:28:51');
insert into TAPS (B_busID, C_cardNum, time_stamp) values (65453, 651800103, '2020-01-02 20:24:11');
insert into TAPS (B_busID, C_cardNum, time_stamp) values (98678, 762727534, '2019-04-16 13:07:10');
insert into TAPS (B_busID, C_cardNum, time_stamp) values (49650, 171605014, '2019-06-13 21:39:59');
insert into TAPS (B_busID, C_cardNum, time_stamp) values (53108, 788935121, '2019-09-25 08:59:22');
insert into TAPS (B_busID, C_cardNum, time_stamp) values (24517, 832371969, '2019-09-03 07:59:40');
insert into TAPS (B_busID, C_cardNum, time_stamp) values (23943, 799833830, '2019-11-10 02:28:38');
insert into TAPS (B_busID, C_cardNum, time_stamp) values (79508, 708441895, '2019-11-25 02:18:35');
insert into TAPS (B_busID, C_cardNum, time_stamp) values (65433, 323304186, '2019-06-13 23:21:17');
insert into TAPS (B_busID, C_cardNum, time_stamp) values (68684, 990770754, '2019-07-29 07:17:56');
insert into TAPS (B_busID, C_cardNum, time_stamp) values (30588, 670354832, '2020-02-03 06:54:45');
insert into TAPS (B_busID, C_cardNum, time_stamp) values (67901, 809253636, '2020-02-11 17:40:36');
insert into TAPS (B_busID, C_cardNum, time_stamp) values (30588, 903727402, '2019-03-22 08:02:47');
insert into TAPS (B_busID, C_cardNum, time_stamp) values (13458, 724407336, '2019-10-15 14:32:24');
insert into TAPS (B_busID, C_cardNum, time_stamp) values (60576, 298254566, '2019-03-21 06:55:00');
insert into TAPS (B_busID, C_cardNum, time_stamp) values (14130, 478147117, '2019-09-29 11:07:11');
insert into TAPS (B_busID, C_cardNum, time_stamp) values (45891, 615962208, '2019-09-21 07:54:16');
insert into TAPS (B_busID, C_cardNum, time_stamp) values (67901, 960926163, '2019-07-06 10:45:23');
insert into TAPS (B_busID, C_cardNum, time_stamp) values (78696, 658862099, '2019-05-10 03:46:41');
insert into TAPS (B_busID, C_cardNum, time_stamp) values (66829, 456789123, '2019-11-05 03:19:40');
insert into TAPS (B_busID, C_cardNum, time_stamp) values (15399, 799888871, '2019-05-25 18:29:15');
insert into TAPS (B_busID, C_cardNum, time_stamp) values (17682, 785686628, '2019-03-31 01:19:51');
insert into TAPS (B_busID, C_cardNum, time_stamp) values (78851, 927174334, '2019-09-24 05:45:31');
insert into TAPS (B_busID, C_cardNum, time_stamp) values (26937, 256655538, '2020-01-15 11:19:51');
insert into TAPS (B_busID, C_cardNum, time_stamp) values (61642, 502922776, '2019-06-23 23:38:26');
insert into TAPS (B_busID, C_cardNum, time_stamp) values (24159, 786064696, '2019-10-28 22:01:06');
insert into TAPS (B_busID, C_cardNum, time_stamp) values (11111, 633387861, '2019-12-09 06:14:44');
insert into TAPS (B_busID, C_cardNum, time_stamp) values (52028, 648450285, '2020-03-03 00:18:56');
insert into TAPS (B_busID, C_cardNum, time_stamp) values (54494, 321654987, '2020-01-01 20:33:50');
insert into TAPS (B_busID, C_cardNum, time_stamp) values (86505, 142115850, '2019-10-23 15:56:30');
insert into TAPS (B_busID, C_cardNum, time_stamp) values (71257, 314800356, '2019-12-11 06:58:05');
insert into TAPS (B_busID, C_cardNum, time_stamp) values (86505, 946405947, '2019-09-10 18:26:25');
insert into TAPS (B_busID, C_cardNum, time_stamp) values (45891, 950624965, '2019-11-19 01:30:58');
insert into TAPS (B_busID, C_cardNum, time_stamp) values (63145, 579325934, '2019-12-18 19:33:27');
insert into TAPS (B_busID, C_cardNum, time_stamp) values (86507, 280053071, '2020-01-31 10:18:21');
insert into TAPS (B_busID, C_cardNum, time_stamp) values (43799, 614747125, '2019-12-03 17:28:11');
insert into TAPS (B_busID, C_cardNum, time_stamp) values (72192, 314990251, '2019-12-22 01:13:57');
insert into TAPS (B_busID, C_cardNum, time_stamp) values (98608, 175075340, '2019-07-14 21:28:56');
insert into TAPS (B_busID, C_cardNum, time_stamp) values (42536, 506507623, '2019-04-28 08:41:33');
insert into TAPS (B_busID, C_cardNum, time_stamp) values (68761, 832371969, '2019-04-04 00:10:44');
insert into TAPS (B_busID, C_cardNum, time_stamp) values (24517, 838321983, '2019-08-02 12:56:56');
insert into TAPS (B_busID, C_cardNum, time_stamp) values (45891, 123230074, '2019-08-16 17:44:38');
insert into TAPS (B_busID, C_cardNum, time_stamp) values (24517, 175981532, '2019-12-02 21:37:37');
insert into TAPS (B_busID, C_cardNum, time_stamp) values (86131, 882639184, '2019-05-26 03:39:41');
insert into TAPS (B_busID, C_cardNum, time_stamp) values (21808, 658862099, '2019-05-17 23:24:43');
insert into TAPS (B_busID, C_cardNum, time_stamp) values (30588, 810491809, '2019-04-19 21:08:28');
insert into TAPS (B_busID, C_cardNum, time_stamp) values (64183, 616849471, '2020-02-03 03:32:06');
insert into TAPS (B_busID, C_cardNum, time_stamp) values (80205, 215129056, '2020-01-27 02:47:58');
insert into TAPS (B_busID, C_cardNum, time_stamp) values (81789, 579325934, '2019-10-20 07:25:49');
insert into TAPS (B_busID, C_cardNum, time_stamp) values (55287, 308382923, '2019-11-09 07:57:01');
insert into TAPS (B_busID, C_cardNum, time_stamp) values (59881, 911587714, '2020-02-12 20:36:58');
insert into TAPS (B_busID, C_cardNum, time_stamp) values (98414, 788935121, '2019-09-02 23:58:18');
insert into TAPS (B_busID, C_cardNum, time_stamp) values (55287, 797669883, '2019-07-03 09:51:07');
insert into TAPS (B_busID, C_cardNum, time_stamp) values (54494, 735627672, '2019-08-24 06:31:54');
insert into TAPS (B_busID, C_cardNum, time_stamp) values (53108, 279557875, '2020-02-07 22:59:14');
insert into TAPS (B_busID, C_cardNum, time_stamp) values (67901, 690207397, '2019-10-06 11:42:12');
insert into TAPS (B_busID, C_cardNum, time_stamp) values (47859, 175981532, '2019-05-02 01:20:19');
insert into TAPS (B_busID, C_cardNum, time_stamp) values (69637, 545881764, '2019-11-05 21:55:04');
insert into TAPS (B_busID, C_cardNum, time_stamp) values (54494, 512829932, '2019-07-22 10:24:41');
insert into TAPS (B_busID, C_cardNum, time_stamp) values (88790, 224619265, '2019-05-14 01:15:14');
insert into TAPS (B_busID, C_cardNum, time_stamp) values (86505, 634752350, '2019-10-26 11:13:51');
insert into TAPS (B_busID, C_cardNum, time_stamp) values (42536, 796009153, '2020-02-15 13:02:33');
insert into TAPS (B_busID, C_cardNum, time_stamp) values (63145, 928514310, '2019-11-03 07:49:52');
insert into TAPS (B_busID, C_cardNum, time_stamp) values (82911, 215129056, '2019-03-17 01:44:33');
insert into TAPS (B_busID, C_cardNum, time_stamp) values (26840, 676149218, '2019-04-23 11:46:48');
insert into TAPS (B_busID, C_cardNum, time_stamp) values (75277, 918170278, '2019-05-06 14:46:15');
insert into TAPS (B_busID, C_cardNum, time_stamp) values (81789, 487712837, '2020-01-20 12:27:35');
insert into TAPS (B_busID, C_cardNum, time_stamp) values (68761, 927174334, '2019-09-24 16:34:36');
insert into TAPS (B_busID, C_cardNum, time_stamp) values (73518, 736868115, '2019-11-23 22:09:54');
insert into TAPS (B_busID, C_cardNum, time_stamp) values (73363, 205943632, '2020-03-11 07:09:16');
insert into TAPS (B_busID, C_cardNum, time_stamp) values (50521, 280053071, '2019-07-08 16:57:02');
insert into TAPS (B_busID, C_cardNum, time_stamp) values (28529, 583889231, '2019-08-23 02:38:19');
insert into TAPS (B_busID, C_cardNum, time_stamp) values (86505, 753669466, '2019-08-15 09:18:06');
insert into TAPS (B_busID, C_cardNum, time_stamp) values (71257, 608812621, '2019-03-18 10:37:12');
insert into TAPS (B_busID, C_cardNum, time_stamp) values (78851, 676149218, '2019-08-14 13:35:47');
insert into TAPS (B_busID, C_cardNum, time_stamp) values (78474, 838321983, '2020-02-08 12:05:08');
insert into TAPS (B_busID, C_cardNum, time_stamp) values (94831, 369233330, '2019-11-06 01:01:57');
insert into TAPS (B_busID, C_cardNum, time_stamp) values (86616, 502922776, '2019-05-10 22:37:22');
insert into TAPS (B_busID, C_cardNum, time_stamp) values (86507, 280053071, '2020-01-09 16:43:59');
insert into TAPS (B_busID, C_cardNum, time_stamp) values (45891, 797669883, '2019-09-24 02:21:25');
insert into TAPS (B_busID, C_cardNum, time_stamp) values (13458, 979186087, '2019-11-28 01:13:18');
insert into TAPS (B_busID, C_cardNum, time_stamp) values (52838, 615962208, '2019-06-21 02:06:06');
insert into TAPS (B_busID, C_cardNum, time_stamp) values (72329, 334006334, '2020-01-06 22:31:59');
insert into TAPS (B_busID, C_cardNum, time_stamp) values (78696, 958983637, '2019-06-17 15:53:32');
insert into TAPS (B_busID, C_cardNum, time_stamp) values (77162, 776298740, '2020-02-03 21:09:16');
insert into TAPS (B_busID, C_cardNum, time_stamp) values (75277, 747781384, '2020-02-08 02:05:16');
insert into TAPS (B_busID, C_cardNum, time_stamp) values (29961, 634752350, '2019-04-13 15:43:12');
insert into TAPS (B_busID, C_cardNum, time_stamp) values (49069, 545881764, '2019-07-31 01:41:06');
insert into TAPS (B_busID, C_cardNum, time_stamp) values (97845, 949739328, '2019-04-29 17:10:35');
insert into TAPS (B_busID, C_cardNum, time_stamp) values (72329, 224619265, '2020-01-05 22:43:53');
insert into TAPS (B_busID, C_cardNum, time_stamp) values (25466, 385873100, '2019-05-22 18:57:05');
insert into TAPS (B_busID, C_cardNum, time_stamp) values (24819, 579325934, '2020-02-23 11:20:40');
insert into TAPS (B_busID, C_cardNum, time_stamp) values (50521, 928514310, '2020-03-09 16:27:37');
insert into TAPS (B_busID, C_cardNum, time_stamp) values (17217, 258766531, '2019-06-14 23:48:59');
insert into TAPS (B_busID, C_cardNum, time_stamp) values (18912, 449675579, '2019-04-07 12:22:40');
insert into TAPS (B_busID, C_cardNum, time_stamp) values (53506, 280053071, '2019-04-02 17:31:03');
insert into TAPS (B_busID, C_cardNum, time_stamp) values (32410, 571977984, '2020-02-01 02:39:51');
insert into TAPS (B_busID, C_cardNum, time_stamp) values (46123, 911587714, '2019-09-24 09:59:52');
insert into TAPS (B_busID, C_cardNum, time_stamp) values (86616, 740410500, '2020-01-27 04:06:42');
insert into TAPS (B_busID, C_cardNum, time_stamp) values (73671, 805257764, '2020-02-24 20:47:52');
insert into TAPS (B_busID, C_cardNum, time_stamp) values (22555, 502922776, '2019-12-22 01:19:55');
insert into TAPS (B_busID, C_cardNum, time_stamp) values (64501, 175075340, '2019-12-06 10:01:53');
insert into TAPS (B_busID, C_cardNum, time_stamp) values (44679, 897079258, '2019-07-31 04:31:38');
insert into TAPS (B_busID, C_cardNum, time_stamp) values (29961, 839013323, '2019-06-12 01:48:03');
insert into TAPS (B_busID, C_cardNum, time_stamp) values (46123, 401263057, '2019-09-16 06:08:37');
insert into TAPS (B_busID, C_cardNum, time_stamp) values (78474, 799888871, '2019-09-24 14:49:43');
insert into TAPS (B_busID, C_cardNum, time_stamp) values (81789, 451270198, '2019-09-30 02:19:53');
insert into TAPS (B_busID, C_cardNum, time_stamp) values (69637, 279557875, '2019-06-29 03:45:58');
insert into TAPS (B_busID, C_cardNum, time_stamp) values (98678, 314990251, '2019-06-08 07:26:29');
insert into TAPS (B_busID, C_cardNum, time_stamp) values (86131, 256655538, '2019-08-03 13:43:44');
insert into TAPS (B_busID, C_cardNum, time_stamp) values (29568, 161928971, '2019-06-30 18:42:30');
insert into TAPS (B_busID, C_cardNum, time_stamp) values (69637, 449675579, '2019-06-29 07:40:36');
insert into TAPS (B_busID, C_cardNum, time_stamp) values (49650, 684683534, '2019-03-23 11:38:49');
insert into TAPS (B_busID, C_cardNum, time_stamp) values (22555, 463676807, '2019-12-06 11:14:34');
insert into TAPS (B_busID, C_cardNum, time_stamp) values (22167, 912399721, '2019-06-05 03:05:31');
insert into TAPS (B_busID, C_cardNum, time_stamp) values (98608, 648450285, '2020-02-21 12:23:35');
insert into TAPS (B_busID, C_cardNum, time_stamp) values (52838, 514289226, '2019-12-29 02:56:07');
insert into TAPS (B_busID, C_cardNum, time_stamp) values (72192, 734657465, '2020-01-20 18:16:04');
insert into TAPS (B_busID, C_cardNum, time_stamp) values (96929, 654519039, '2019-06-18 21:41:02');
insert into TAPS (B_busID, C_cardNum, time_stamp) values (39836, 308382923, '2019-12-30 09:12:49');
insert into TAPS (B_busID, C_cardNum, time_stamp) values (14130, 123230074, '2019-06-20 11:20:33');
insert into TAPS (B_busID, C_cardNum, time_stamp) values (29447, 647976671, '2020-02-14 13:22:58');
insert into TAPS (B_busID, C_cardNum, time_stamp) values (74917, 629128759, '2020-03-12 21:57:06');
insert into TAPS (B_busID, C_cardNum, time_stamp) values (58681, 168767792, '2020-02-18 02:38:45');
insert into TAPS (B_busID, C_cardNum, time_stamp) values (74215, 453450527, '2020-01-27 23:35:30');
insert into TAPS (B_busID, C_cardNum, time_stamp) values (98678, 543129932, '2019-05-15 23:02:03');
insert into TAPS (B_busID, C_cardNum, time_stamp) values (98678, 369233330, '2019-11-10 22:16:20');
insert into TAPS (B_busID, C_cardNum, time_stamp) values (44679, 278283034, '2019-07-06 22:17:10');
insert into TAPS (B_busID, C_cardNum, time_stamp) values (75277, 168767792, '2019-08-04 07:01:10');
insert into TAPS (B_busID, C_cardNum, time_stamp) values (33824, 684683534, '2019-08-18 08:58:40');
insert into TAPS (B_busID, C_cardNum, time_stamp) values (79508, 308382923, '2019-06-13 21:42:56');
insert into TAPS (B_busID, C_cardNum, time_stamp) values (65453, 845754820, '2019-09-19 11:34:12');
insert into TAPS (B_busID, C_cardNum, time_stamp) values (23511, 927174334, '2019-06-26 18:48:30');
insert into TAPS (B_busID, C_cardNum, time_stamp) values (15399, 369233330, '2020-02-22 01:31:35');
insert into TAPS (B_busID, C_cardNum, time_stamp) values (12128, 658862099, '2019-05-15 16:02:07');
insert into TAPS (B_busID, C_cardNum, time_stamp) values (80205, 709713055, '2020-01-24 05:17:44');
insert into TAPS (B_busID, C_cardNum, time_stamp) values (25466, 334006334, '2019-10-22 12:16:03');
insert into TAPS (B_busID, C_cardNum, time_stamp) values (17994, 512829932, '2019-12-14 07:25:35');
insert into TAPS (B_busID, C_cardNum, time_stamp) values (35197, 316376656, '2019-11-26 02:36:02');
insert into TAPS (B_busID, C_cardNum, time_stamp) values (60721, 385873100, '2019-08-09 23:34:40');
insert into TAPS (B_busID, C_cardNum, time_stamp) values (66829, 316376656, '2020-02-02 07:04:36');
insert into TAPS (B_busID, C_cardNum, time_stamp) values (68684, 633387861, '2019-08-30 01:07:13');
insert into TAPS (B_busID, C_cardNum, time_stamp) values (28529, 708441895, '2019-05-08 04:43:50');
insert into TAPS (B_busID, C_cardNum, time_stamp) values (60057, 458478924, '2019-06-02 13:42:08');
insert into TAPS (B_busID, C_cardNum, time_stamp) values (76647, 564445861, '2019-09-02 12:04:08');
insert into TAPS (B_busID, C_cardNum, time_stamp) values (26937, 799833830, '2019-04-08 04:43:58');
insert into TAPS (B_busID, C_cardNum, time_stamp) values (51660, 776298740, '2019-10-24 18:28:59');
insert into TAPS (B_busID, C_cardNum, time_stamp) values (54494, 334006334, '2019-05-16 18:02:45');
insert into TAPS (B_busID, C_cardNum, time_stamp) values (41086, 740410500, '2020-03-01 01:19:07');
insert into TAPS (B_busID, C_cardNum, time_stamp) values (72329, 353073363, '2020-01-30 00:56:55');
insert into TAPS (B_busID, C_cardNum, time_stamp) values (73518, 736868115, '2019-07-08 12:58:05');
insert into TAPS (B_busID, C_cardNum, time_stamp) values (73671, 882639184, '2020-03-07 20:09:35');
insert into TAPS (B_busID, C_cardNum, time_stamp) values (24819, 634752350, '2020-01-29 22:52:28');
insert into TAPS (B_busID, C_cardNum, time_stamp) values (99713, 809253636, '2019-06-10 09:20:50');
insert into TAPS (B_busID, C_cardNum, time_stamp) values (99822, 477806269, '2020-01-29 23:46:11');
insert into TAPS (B_busID, C_cardNum, time_stamp) values (20868, 614747125, '2019-10-29 06:05:51');
insert into TAPS (B_busID, C_cardNum, time_stamp) values (74917, 614747125, '2019-05-27 07:07:34');
insert into TAPS (B_busID, C_cardNum, time_stamp) values (78696, 903727402, '2019-12-25 09:23:54');
insert into TAPS (B_busID, C_cardNum, time_stamp) values (22167, 370325784, '2019-12-03 06:22:50');
insert into TAPS (B_busID, C_cardNum, time_stamp) values (52028, 698588230, '2019-09-29 06:27:08');
insert into TAPS (B_busID, C_cardNum, time_stamp) values (14327, 227073064, '2020-02-14 03:12:38');
insert into TAPS (B_busID, C_cardNum, time_stamp) values (52838, 648450285, '2019-04-28 09:50:22');
insert into TAPS (B_busID, C_cardNum, time_stamp) values (27401, 946405947, '2019-05-13 05:05:19');
insert into TAPS (B_busID, C_cardNum, time_stamp) values (66514, 401469561, '2019-04-23 02:35:31');
insert into TAPS (B_busID, C_cardNum, time_stamp) values (26937, 321654987, '2019-11-24 15:19:15');
insert into TAPS (B_busID, C_cardNum, time_stamp) values (85843, 651800103, '2019-04-16 05:32:31');
insert into TAPS (B_busID, C_cardNum, time_stamp) values (35197, 877440937, '2019-07-14 08:05:04');
insert into TAPS (B_busID, C_cardNum, time_stamp) values (44679, 459223251, '2019-03-15 05:56:21');
insert into TAPS (B_busID, C_cardNum, time_stamp) values (17217, 382699397, '2020-01-08 00:11:19');
insert into TAPS (B_busID, C_cardNum, time_stamp) values (11111, 785686628, '2019-11-21 03:34:48');
insert into TAPS (B_busID, C_cardNum, time_stamp) values (49069, 459223251, '2019-06-07 21:32:49');
insert into TAPS (B_busID, C_cardNum, time_stamp) values (43799, 583889231, '2019-06-26 04:23:10');
insert into TAPS (B_busID, C_cardNum, time_stamp) values (33824, 799833830, '2019-10-24 09:47:03');
insert into TAPS (B_busID, C_cardNum, time_stamp) values (86505, 280887475, '2020-03-13 13:15:45');
insert into TAPS (B_busID, C_cardNum, time_stamp) values (22222, 755069157, '2019-10-07 13:10:43');
insert into TAPS (B_busID, C_cardNum, time_stamp) values (68684, 280887475, '2019-03-31 02:56:57');
insert into TAPS (B_busID, C_cardNum, time_stamp) values (37772, 487712837, '2019-12-05 16:43:02');
insert into TAPS (B_busID, C_cardNum, time_stamp) values (33824, 378435468, '2020-03-04 03:45:30');
insert into TAPS (B_busID, C_cardNum, time_stamp) values (32410, 777019300, '2020-03-07 10:13:55');
insert into TAPS (B_busID, C_cardNum, time_stamp) values (42652, 634752350, '2019-12-10 19:26:20');
insert into TAPS (B_busID, C_cardNum, time_stamp) values (77162, 453450527, '2019-06-16 15:31:25');
insert into TAPS (B_busID, C_cardNum, time_stamp) values (12835, 826322218, '2019-09-12 16:34:58');
insert into TAPS (B_busID, C_cardNum, time_stamp) values (24517, 647976671, '2019-09-28 12:23:18');
insert into TAPS (B_busID, C_cardNum, time_stamp) values (98678, 740410500, '2019-05-07 12:17:08');
insert into TAPS (B_busID, C_cardNum, time_stamp) values (49650, 724407336, '2019-06-02 07:44:44');
insert into TAPS (B_busID, C_cardNum, time_stamp) values (51660, 382699397, '2019-04-10 03:50:00');
insert into TAPS (B_busID, C_cardNum, time_stamp) values (17208, 401469561, '2019-09-10 00:09:48');
insert into TAPS (B_busID, C_cardNum, time_stamp) values (19658, 793926114, '2019-04-29 00:02:16');
insert into TAPS (B_busID, C_cardNum, time_stamp) values (18206, 314800356, '2020-01-06 13:03:13');
insert into TAPS (B_busID, C_cardNum, time_stamp) values (73518, 279557875, '2019-06-21 02:27:39');
insert into TAPS (B_busID, C_cardNum, time_stamp) values (74372, 647976671, '2019-10-06 04:24:13');
insert into TAPS (B_busID, C_cardNum, time_stamp) values (81789, 487712837, '2020-01-02 13:59:03');
insert into TAPS (B_busID, C_cardNum, time_stamp) values (72750, 280887475, '2019-03-15 02:47:49');
insert into TAPS (B_busID, C_cardNum, time_stamp) values (17682, 946405947, '2019-07-03 01:31:42');
insert into TAPS (B_busID, C_cardNum, time_stamp) values (99822, 464798726, '2019-08-29 10:36:53');
insert into TAPS (B_busID, C_cardNum, time_stamp) values (98608, 308382923, '2019-06-14 08:37:40');
insert into TAPS (B_busID, C_cardNum, time_stamp) values (25350, 805257764, '2019-12-27 01:13:59');
insert into TAPS (B_busID, C_cardNum, time_stamp) values (47859, 543129932, '2020-02-19 09:01:47');
insert into TAPS (B_busID, C_cardNum, time_stamp) values (58681, 634752350, '2019-06-01 07:22:47');
insert into TAPS (B_busID, C_cardNum, time_stamp) values (35197, 123230074, '2020-02-13 15:17:08');
insert into TAPS (B_busID, C_cardNum, time_stamp) values (76647, 482395604, '2019-11-12 22:47:37');
insert into TAPS (B_busID, C_cardNum, time_stamp) values (67901, 709713055, '2019-08-29 10:28:21');
insert into TAPS (B_busID, C_cardNum, time_stamp) values (18766, 629128759, '2019-11-18 20:13:13');
insert into TAPS (B_busID, C_cardNum, time_stamp) values (72329, 583889231, '2019-06-09 16:33:10');
insert into TAPS (B_busID, C_cardNum, time_stamp) values (37772, 740410500, '2019-08-10 15:14:54');
insert into TAPS (B_busID, C_cardNum, time_stamp) values (72341, 960926163, '2020-02-16 02:01:52');
insert into TAPS (B_busID, C_cardNum, time_stamp) values (14327, 946405947, '2019-05-21 08:32:09');
insert into TAPS (B_busID, C_cardNum, time_stamp) values (55593, 776298740, '2019-09-02 10:26:09');
insert into TAPS (B_busID, C_cardNum, time_stamp) values (78474, 227073064, '2019-05-22 10:26:54');
insert into TAPS (B_busID, C_cardNum, time_stamp) values (32594, 776298740, '2019-07-10 08:32:24');
insert into TAPS (B_busID, C_cardNum, time_stamp) values (73462, 615962208, '2019-09-01 12:12:12');
insert into TAPS (B_busID, C_cardNum, time_stamp) values (85690, 987654321, '2019-10-29 19:15:48');
insert into TAPS (B_busID, C_cardNum, time_stamp) values (18206, 514289226, '2019-07-30 07:31:02');
insert into TAPS (B_busID, C_cardNum, time_stamp) values (72341, 633387861, '2019-05-30 14:29:41');
insert into TAPS (B_busID, C_cardNum, time_stamp) values (14130, 467469460, '2019-11-19 06:10:59');
insert into TAPS (B_busID, C_cardNum, time_stamp) values (19658, 559257869, '2019-07-13 08:08:47');
insert into TAPS (B_busID, C_cardNum, time_stamp) values (25466, 478147117, '2019-08-12 09:34:48');
insert into TAPS (B_busID, C_cardNum, time_stamp) values (64183, 670354832, '2019-03-15 17:34:15');
insert into TAPS (B_busID, C_cardNum, time_stamp) values (79508, 670354832, '2019-06-25 12:17:24');
insert into TAPS (B_busID, C_cardNum, time_stamp) values (64508, 567629486, '2020-02-04 21:38:04');
insert into TAPS (B_busID, C_cardNum, time_stamp) values (99713, 453450527, '2019-03-15 02:41:20');
insert into TAPS (B_busID, C_cardNum, time_stamp) values (86616, 753669466, '2019-03-19 21:08:26');
insert into TAPS (B_busID, C_cardNum, time_stamp) values (60721, 453450527, '2020-02-02 16:05:36');
insert into TAPS (B_busID, C_cardNum, time_stamp) values (60576, 171605014, '2019-06-29 20:11:22');
insert into TAPS (B_busID, C_cardNum, time_stamp) values (23943, 650474357, '2019-10-11 02:05:01');
insert into TAPS (B_busID, C_cardNum, time_stamp) values (54730, 898869323, '2019-05-17 16:48:52');
insert into TAPS (B_busID, C_cardNum, time_stamp) values (11848, 314800356, '2020-01-04 05:32:37');
insert into TAPS (B_busID, C_cardNum, time_stamp) values (17217, 785686628, '2019-12-18 10:32:08');
insert into TAPS (B_busID, C_cardNum, time_stamp) values (17994, 832371969, '2019-06-15 01:36:01');
insert into TAPS (B_busID, C_cardNum, time_stamp) values (64178, 990770754, '2020-02-12 02:56:36');
insert into TAPS (B_busID, C_cardNum, time_stamp) values (19658, 142115850, '2020-01-14 23:33:15');
insert into TAPS (B_busID, C_cardNum, time_stamp) values (21273, 457044178, '2019-09-19 02:44:34');
insert into TAPS (B_busID, C_cardNum, time_stamp) values (22222, 224619265, '2020-02-06 03:02:07');
insert into TAPS (B_busID, C_cardNum, time_stamp) values (68226, 799833830, '2019-12-15 18:07:56');
insert into TAPS (B_busID, C_cardNum, time_stamp) values (57153, 777019300, '2019-07-01 04:26:11');
insert into TAPS (B_busID, C_cardNum, time_stamp) values (66444, 735627672, '2019-10-19 04:48:32');
insert into TAPS (B_busID, C_cardNum, time_stamp) values (24819, 382699397, '2019-10-21 20:11:42');
insert into TAPS (B_busID, C_cardNum, time_stamp) values (66514, 634752350, '2019-06-05 00:08:11');
insert into TAPS (B_busID, C_cardNum, time_stamp) values (41086, 797669883, '2019-12-26 18:23:59');
insert into TAPS (B_busID, C_cardNum, time_stamp) values (25466, 776298740, '2019-05-30 01:34:56');
insert into TAPS (B_busID, C_cardNum, time_stamp) values (66829, 171605014, '2020-03-06 15:26:47');
insert into TAPS (B_busID, C_cardNum, time_stamp) values (22167, 676149218, '2019-07-30 11:43:33');
insert into TAPS (B_busID, C_cardNum, time_stamp) values (69637, 307614068, '2019-10-23 21:54:34');
insert into TAPS (B_busID, C_cardNum, time_stamp) values (67829, 467469460, '2019-07-06 08:37:56');
insert into TAPS (B_busID, C_cardNum, time_stamp) values (86507, 928514310, '2020-01-16 03:17:52');
insert into TAPS (B_busID, C_cardNum, time_stamp) values (66514, 793926114, '2019-07-05 13:36:14');
insert into TAPS (B_busID, C_cardNum, time_stamp) values (29568, 987654321, '2019-03-16 01:13:10');
insert into TAPS (B_busID, C_cardNum, time_stamp) values (49069, 451270198, '2019-07-06 13:35:45');
insert into TAPS (B_busID, C_cardNum, time_stamp) values (54730, 777019300, '2020-02-10 17:13:57');
insert into TAPS (B_busID, C_cardNum, time_stamp) values (49069, 286228251, '2020-01-05 07:05:51');
insert into TAPS (B_busID, C_cardNum, time_stamp) values (54730, 316727218, '2019-07-30 11:04:09');
insert into TAPS (B_busID, C_cardNum, time_stamp) values (41086, 918170278, '2019-12-15 03:26:55');
insert into TAPS (B_busID, C_cardNum, time_stamp) values (90635, 334006334, '2019-04-21 14:52:32');
insert into TAPS (B_busID, C_cardNum, time_stamp) values (17208, 753669466, '2019-05-05 06:38:32');
insert into TAPS (B_busID, C_cardNum, time_stamp) values (80205, 227768101, '2019-09-21 03:01:35');
insert into TAPS (B_busID, C_cardNum, time_stamp) values (80205, 514289226, '2019-03-20 10:32:34');
insert into TAPS (B_busID, C_cardNum, time_stamp) values (58681, 805257764, '2019-06-16 15:05:52');
insert into TAPS (B_busID, C_cardNum, time_stamp) values (23257, 541502730, '2019-10-04 19:04:40');
insert into TAPS (B_busID, C_cardNum, time_stamp) values (22555, 168767792, '2019-07-12 13:18:25');
insert into TAPS (B_busID, C_cardNum, time_stamp) values (44679, 183263191, '2020-01-15 00:48:23');
insert into TAPS (B_busID, C_cardNum, time_stamp) values (44679, 648450285, '2019-07-21 08:33:07');
insert into TAPS (B_busID, C_cardNum, time_stamp) values (82062, 793926114, '2019-04-05 10:04:00');
insert into TAPS (B_busID, C_cardNum, time_stamp) values (29961, 786064696, '2020-01-28 21:58:23');
insert into TAPS (B_busID, C_cardNum, time_stamp) values (60576, 458478924, '2019-05-31 11:04:39');
insert into TAPS (B_busID, C_cardNum, time_stamp) values (77162, 227768101, '2019-07-19 14:36:53');
insert into TAPS (B_busID, C_cardNum, time_stamp) values (26937, 482395604, '2019-10-05 15:38:19');
insert into TAPS (B_busID, C_cardNum, time_stamp) values (12128, 898869323, '2019-06-20 03:48:18');
insert into TAPS (B_busID, C_cardNum, time_stamp) values (65433, 990770754, '2019-09-03 19:02:46');
insert into TAPS (B_busID, C_cardNum, time_stamp) values (23257, 736868115, '2020-01-04 15:18:55');
insert into TAPS (B_busID, C_cardNum, time_stamp) values (54730, 227768101, '2019-04-08 19:36:51');
insert into TAPS (B_busID, C_cardNum, time_stamp) values (63145, 629128759, '2020-02-11 21:29:46');
insert into TAPS (B_busID, C_cardNum, time_stamp) values (64183, 477806269, '2020-01-15 14:39:48');
insert into TAPS (B_busID, C_cardNum, time_stamp) values (30948, 480317069, '2019-04-15 05:03:14');
insert into TAPS (B_busID, C_cardNum, time_stamp) values (73363, 898869323, '2019-10-27 17:09:47');
insert into TAPS (B_busID, C_cardNum, time_stamp) values (68684, 284704144, '2019-09-13 00:22:59');
insert into TAPS (B_busID, C_cardNum, time_stamp) values (72750, 354303526, '2020-01-21 01:51:41');
insert into TAPS (B_busID, C_cardNum, time_stamp) values (68684, 478147117, '2019-10-18 00:48:03');
insert into TAPS (B_busID, C_cardNum, time_stamp) values (59881, 458478924, '2019-07-01 08:11:18');
insert into TAPS (B_busID, C_cardNum, time_stamp) values (33824, 215129056, '2019-04-21 11:14:08');
insert into TAPS (B_busID, C_cardNum, time_stamp) values (84953, 583889231, '2020-03-03 08:29:50');
insert into TAPS (B_busID, C_cardNum, time_stamp) values (68684, 456789123, '2019-04-04 12:13:22');
insert into TAPS (B_busID, C_cardNum, time_stamp) values (43799, 205943632, '2019-06-03 07:08:40');
insert into TAPS (B_busID, C_cardNum, time_stamp) values (64178, 799888871, '2019-03-30 11:55:02');
insert into TAPS (B_busID, C_cardNum, time_stamp) values (23257, 161928971, '2019-07-21 03:46:18');
insert into TAPS (B_busID, C_cardNum, time_stamp) values (92170, 651800103, '2019-12-12 02:36:47');
insert into TAPS (B_busID, C_cardNum, time_stamp) values (85843, 927174334, '2019-04-02 15:16:02');
insert into TAPS (B_busID, C_cardNum, time_stamp) values (45028, 385873100, '2019-06-10 19:12:35');
insert into TAPS (B_busID, C_cardNum, time_stamp) values (28529, 459223251, '2019-11-16 18:01:10');
insert into TAPS (B_busID, C_cardNum, time_stamp) values (24159, 658862099, '2019-12-03 12:59:54');
insert into TAPS (B_busID, C_cardNum, time_stamp) values (80205, 650474357, '2019-08-12 16:02:02');
insert into TAPS (B_busID, C_cardNum, time_stamp) values (10488, 629903277, '2019-11-22 19:26:25');
insert into TAPS (B_busID, C_cardNum, time_stamp) values (50521, 823629994, '2019-04-08 10:05:27');
insert into TAPS (B_busID, C_cardNum, time_stamp) values (98678, 882639184, '2019-11-13 04:26:29');
insert into TAPS (B_busID, C_cardNum, time_stamp) values (57153, 953233949, '2019-03-19 01:30:18');
insert into TAPS (B_busID, C_cardNum, time_stamp) values (54469, 382699397, '2020-03-07 17:17:35');
insert into TAPS (B_busID, C_cardNum, time_stamp) values (53506, 175075340, '2019-12-10 04:21:01');
insert into TAPS (B_busID, C_cardNum, time_stamp) values (80205, 215129056, '2019-10-11 01:05:04');
insert into TAPS (B_busID, C_cardNum, time_stamp) values (86616, 278283034, '2019-07-01 07:09:34');
insert into TAPS (B_busID, C_cardNum, time_stamp) values (98678, 579325934, '2019-06-25 00:52:28');
insert into TAPS (B_busID, C_cardNum, time_stamp) values (23943, 788935121, '2019-04-04 21:41:02');
insert into TAPS (B_busID, C_cardNum, time_stamp) values (12835, 709713055, '2019-09-16 08:16:35');
insert into TAPS (B_busID, C_cardNum, time_stamp) values (66829, 614747125, '2019-11-23 03:10:39');
insert into TAPS (B_busID, C_cardNum, time_stamp) values (42652, 927174334, '2020-02-14 13:20:24');
insert into TAPS (B_busID, C_cardNum, time_stamp) values (44679, 142115850, '2019-04-23 21:42:50');
insert into TAPS (B_busID, C_cardNum, time_stamp) values (72329, 347338292, '2019-06-22 08:41:37');
insert into TAPS (B_busID, C_cardNum, time_stamp) values (86131, 541502730, '2019-08-02 00:50:01');
insert into TAPS (B_busID, C_cardNum, time_stamp) values (11848, 464798726, '2020-02-23 21:53:00');
insert into TAPS (B_busID, C_cardNum, time_stamp) values (22555, 608812621, '2019-07-27 12:14:53');
insert into TAPS (B_busID, C_cardNum, time_stamp) values (74917, 545881764, '2019-03-30 00:19:56');
insert into TAPS (B_busID, C_cardNum, time_stamp) values (88790, 511622611, '2019-09-18 02:24:17');
insert into TAPS (B_busID, C_cardNum, time_stamp) values (25466, 449675579, '2020-02-17 06:34:31');
insert into TAPS (B_busID, C_cardNum, time_stamp) values (12128, 789456123, '2019-06-22 15:27:50');
insert into TAPS (B_busID, C_cardNum, time_stamp) values (18912, 686836164, '2019-12-18 16:42:49');
insert into TAPS (B_busID, C_cardNum, time_stamp) values (78851, 353073363, '2019-03-25 03:11:12');
insert into TAPS (B_busID, C_cardNum, time_stamp) values (73671, 514289226, '2019-07-28 01:44:18');
insert into TAPS (B_busID, C_cardNum, time_stamp) values (35197, 511622611, '2019-04-11 21:00:04');
insert into TAPS (B_busID, C_cardNum, time_stamp) values (68684, 753669466, '2019-10-10 09:42:34');
insert into TAPS (B_busID, C_cardNum, time_stamp) values (12128, 845754820, '2020-01-01 19:07:07');
insert into TAPS (B_busID, C_cardNum, time_stamp) values (61642, 555960652, '2019-12-18 19:18:01');
insert into TAPS (B_busID, C_cardNum, time_stamp) values (86616, 785686628, '2019-04-30 00:33:38');
insert into TAPS (B_busID, C_cardNum, time_stamp) values (69637, 457044178, '2019-05-19 11:33:08');
insert into TAPS (B_busID, C_cardNum, time_stamp) values (97141, 629903277, '2019-12-31 15:50:37');
insert into TAPS (B_busID, C_cardNum, time_stamp) values (59881, 567629486, '2019-09-29 05:11:36');
insert into TAPS (B_busID, C_cardNum, time_stamp) values (92170, 832371969, '2019-12-14 22:48:52');
insert into TAPS (B_busID, C_cardNum, time_stamp) values (49069, 567629486, '2020-02-26 15:07:41');
insert into TAPS (B_busID, C_cardNum, time_stamp) values (64183, 463676807, '2020-03-02 11:32:09');
insert into TAPS (B_busID, C_cardNum, time_stamp) values (43799, 323304186, '2019-04-16 13:02:18');
insert into TAPS (B_busID, C_cardNum, time_stamp) values (52028, 583889231, '2019-05-14 23:46:29');
insert into TAPS (B_busID, C_cardNum, time_stamp) values (12128, 298254566, '2019-07-12 06:28:43');
insert into TAPS (B_busID, C_cardNum, time_stamp) values (72329, 314990251, '2019-07-29 08:44:35');
insert into TAPS (B_busID, C_cardNum, time_stamp) values (85843, 278283034, '2019-12-04 14:21:04');
insert into TAPS (B_busID, C_cardNum, time_stamp) values (42536, 909255418, '2019-10-21 02:31:23');
insert into TAPS (B_busID, C_cardNum, time_stamp) values (41086, 776298740, '2019-03-21 21:21:42');
insert into TAPS (B_busID, C_cardNum, time_stamp) values (86131, 183263191, '2020-02-01 11:07:30');
insert into TAPS (B_busID, C_cardNum, time_stamp) values (20868, 960926163, '2020-02-22 06:33:53');
insert into TAPS (B_busID, C_cardNum, time_stamp) values (35197, 960926163, '2019-08-22 01:41:38');
insert into TAPS (B_busID, C_cardNum, time_stamp) values (61642, 401263057, '2020-02-10 19:41:09');
insert into TAPS (B_busID, C_cardNum, time_stamp) values (99713, 227073064, '2019-10-09 07:27:05');
insert into TAPS (B_busID, C_cardNum, time_stamp) values (38302, 482395604, '2019-11-10 04:52:57');
insert into TAPS (B_busID, C_cardNum, time_stamp) values (44679, 175981532, '2019-08-11 18:15:11');
insert into TAPS (B_busID, C_cardNum, time_stamp) values (66444, 511622611, '2019-09-04 23:10:43');
insert into TAPS (B_busID, C_cardNum, time_stamp) values (72341, 690207397, '2020-01-06 05:01:43');
insert into TAPS (B_busID, C_cardNum, time_stamp) values (39836, 909255418, '2020-01-26 12:07:47');
insert into TAPS (B_busID, C_cardNum, time_stamp) values (68684, 545881764, '2019-09-13 09:19:55');
insert into TAPS (B_busID, C_cardNum, time_stamp) values (43206, 755069157, '2019-08-02 20:29:00');
insert into TAPS (B_busID, C_cardNum, time_stamp) values (63145, 123230074, '2019-09-13 14:44:10');
insert into TAPS (B_busID, C_cardNum, time_stamp) values (76647, 413941358, '2019-07-03 21:10:18');
insert into TAPS (B_busID, C_cardNum, time_stamp) values (12128, 258766531, '2019-09-14 23:50:16');
insert into TAPS (B_busID, C_cardNum, time_stamp) values (41086, 321654987, '2019-08-31 23:12:32');
insert into TAPS (B_busID, C_cardNum, time_stamp) values (85843, 927174334, '2019-12-19 08:14:49');
insert into TAPS (B_busID, C_cardNum, time_stamp) values (46123, 354303526, '2020-01-27 23:17:06');
insert into TAPS (B_busID, C_cardNum, time_stamp) values (99822, 142115850, '2020-02-01 08:17:44');
insert into TAPS (B_busID, C_cardNum, time_stamp) values (98608, 634752350, '2019-03-22 03:16:58');
insert into TAPS (B_busID, C_cardNum, time_stamp) values (56403, 564445861, '2019-11-11 13:32:46');
insert into TAPS (B_busID, C_cardNum, time_stamp) values (54494, 458478924, '2019-07-10 14:20:32');

insert into BUS_STOP (stopID, street1, street2) values (946827, ' Browning Trail', ' Erie Street');
insert into BUS_STOP (stopID, street1, street2) values (639374, ' Prentice Point', ' Service Road');
insert into BUS_STOP (stopID, street1, street2) values (157031, ' Longview Place', ' Mcguire Place');
insert into BUS_STOP (stopID, street1, street2) values (678052, ' Westport Road', ' Rowland Plaza');
insert into BUS_STOP (stopID, street1, street2) values (698894, ' Duke Street', ' Oak Valley Trail');
insert into BUS_STOP (stopID, street1, street2) values (660768, ' Heath Hill', ' Acker Crossing');
insert into BUS_STOP (stopID, street1, street2) values (540299, ' Buell Terrace', ' Walton Crossing');
insert into BUS_STOP (stopID, street1, street2) values (807660, ' Acker Plaza', ' International Parkway');
insert into BUS_STOP (stopID, street1, street2) values (767202, ' Amoth Place', ' Havey Lane');
insert into BUS_STOP (stopID, street1, street2) values (551177, ' Kinsman Court', ' Maryland Trail');
insert into BUS_STOP (stopID, street1, street2) values (932899, ' Veith Road', ' Mayer Court');
insert into BUS_STOP (stopID, street1, street2) values (110322, ' Parkside Circle', ' Darwin Crossing');
insert into BUS_STOP (stopID, street1, street2) values (552459, ' Sloan Pass', ' Thompson Crossing');
insert into BUS_STOP (stopID, street1, street2) values (319540, ' Clyde Gallagher Street', ' Haas Center');
insert into BUS_STOP (stopID, street1, street2) values (819327, ' Schiller Alley', ' Superior Parkway');
insert into BUS_STOP (stopID, street1, street2) values (537158, ' Steensland Terrace', ' Havey Lane');
insert into BUS_STOP (stopID, street1, street2) values (362086, ' Hauk Lane', ' Knutson Parkway');
insert into BUS_STOP (stopID, street1, street2) values (682658, ' Ridge Oak Park', ' Commercial Hill');
insert into BUS_STOP (stopID, street1, street2) values (866382, ' Summer Ridge Place', ' Larry Point');
insert into BUS_STOP (stopID, street1, street2) values (450140, ' Corben Alley', ' Northridge Crossing');
insert into BUS_STOP (stopID, street1, street2) values (560658, ' Shasta Center', ' Veith Place');
insert into BUS_STOP (stopID, street1, street2) values (385745, ' Katie Park', ' Schmedeman Drive');
insert into BUS_STOP (stopID, street1, street2) values (147597, ' Merry Alley', ' Carberry Park');
insert into BUS_STOP (stopID, street1, street2) values (547463, ' Bluestem Junction', ' Jenna Place');
insert into BUS_STOP (stopID, street1, street2) values (648329, ' Saint Paul Terrace', ' Jackson Crossing');
insert into BUS_STOP (stopID, street1, street2) values (500336, ' Cordelia Lane', ' Bunting Place');
insert into BUS_STOP (stopID, street1, street2) values (392523, ' Stuart Plaza', ' Springview Center');
insert into BUS_STOP (stopID, street1, street2) values (259802, ' Tomscot Center', ' Transport Way');
insert into BUS_STOP (stopID, street1, street2) values (296570, ' Dexter Circle', ' Mariners Cove Center');
insert into BUS_STOP (stopID, street1, street2) values (603960, ' Old Shore Center', ' Morrow Hill');
insert into BUS_STOP (stopID, street1, street2) values (835447, ' Cottonwood Terrace', ' Mallory Alley');
insert into BUS_STOP (stopID, street1, street2) values (363997, ' Hoffman Terrace', ' Arrowood Lane');
insert into BUS_STOP (stopID, street1, street2) values (452481, ' Pawling Park', ' Scofield Crossing');
insert into BUS_STOP (stopID, street1, street2) values (299968, ' Sherman Crossing', ' Elmside Circle');
insert into BUS_STOP (stopID, street1, street2) values (455857, ' Vidon Park', ' Superior Place');
insert into BUS_STOP (stopID, street1, street2) values (362119, ' Sunnyside Court', ' Atwood Drive');
insert into BUS_STOP (stopID, street1, street2) values (608723, ' Autumn Leaf Junction', ' Farmco Alley');
insert into BUS_STOP (stopID, street1, street2) values (177292, ' Garrison Avenue', ' Rutledge Circle');
insert into BUS_STOP (stopID, street1, street2) values (267548, ' Maryland Crossing', ' Meadow Ridge Avenue');
insert into BUS_STOP (stopID, street1, street2) values (390671, ' West Trail', ' Fieldstone Plaza');
insert into BUS_STOP (stopID, street1, street2) values (858671, ' Loeprich Trail', ' Hayes Center');
insert into BUS_STOP (stopID, street1, street2) values (416369, ' Briar Crest Avenue', ' Johnson Pass');
insert into BUS_STOP (stopID, street1, street2) values (522788, ' Annamark Crossing', ' Kingsford Junction');
insert into BUS_STOP (stopID, street1, street2) values (518896, ' American Trail', ' Kensington Circle');
insert into BUS_STOP (stopID, street1, street2) values (250111, ' Stone Corner Court', ' Bashford Trail');
insert into BUS_STOP (stopID, street1, street2) values (538584, ' Emmet Center', ' Gina Alley');
insert into BUS_STOP (stopID, street1, street2) values (985310, ' Bultman Way', ' Orin Crossing');
insert into BUS_STOP (stopID, street1, street2) values (371764, ' Granby Point', ' Moose Parkway');
insert into BUS_STOP (stopID, street1, street2) values (295448, ' Garrison Pass', ' Sutherland Way');
insert into BUS_STOP (stopID, street1, street2) values (944541, ' Homewood Circle', ' Hermina Circle');
insert into BUS_STOP (stopID, street1, street2) values (405407, ' Elmside Pass', ' School Parkway');
insert into BUS_STOP (stopID, street1, street2) values (899260, ' Golf View Street', ' Dorton Circle');
insert into BUS_STOP (stopID, street1, street2) values (954060, ' Muir Circle', ' Surrey Alley');
insert into BUS_STOP (stopID, street1, street2) values (842743, ' Declaration Terrace', ' Myrtle Terrace');
insert into BUS_STOP (stopID, street1, street2) values (544946, ' Lyons Alley', ' Holmberg Terrace');
insert into BUS_STOP (stopID, street1, street2) values (376789, ' Myrtle Point', ' Eagle Crest Junction');
insert into BUS_STOP (stopID, street1, street2) values (107006, ' Coolidge Parkway', ' Thackeray Drive');
insert into BUS_STOP (stopID, street1, street2) values (179922, ' Mccormick Center', ' Meadow Ridge Drive');
insert into BUS_STOP (stopID, street1, street2) values (146848, ' Ruskin Place', ' Drewry Court');
insert into BUS_STOP (stopID, street1, street2) values (213271, ' Transport Terrace', ' Fisk Avenue');
insert into BUS_STOP (stopID, street1, street2) values (516437, ' Elka Parkway', ' Goodland Junction');
insert into BUS_STOP (stopID, street1, street2) values (456171, ' Delaware Park', ' Norway Maple Park');
insert into BUS_STOP (stopID, street1, street2) values (368010, ' Loomis Hill', ' South Trail');
insert into BUS_STOP (stopID, street1, street2) values (778969, ' Pankratz Place', ' Hoffman Parkway');
insert into BUS_STOP (stopID, street1, street2) values (985106, ' Toban Plaza', ' Larry Trail');
insert into BUS_STOP (stopID, street1, street2) values (468966, ' Sauthoff Alley', ' Badeau Lane');
insert into BUS_STOP (stopID, street1, street2) values (288657, ' Holy Cross Way', ' Summer Ridge Point');
insert into BUS_STOP (stopID, street1, street2) values (683069, ' Birchwood Trail', ' Jana Crossing');
insert into BUS_STOP (stopID, street1, street2) values (674942, ' Lunder Street', ' Forest Run Parkway');
insert into BUS_STOP (stopID, street1, street2) values (978944, ' Upham Court', ' Judy Alley');
insert into BUS_STOP (stopID, street1, street2) values (652344, ' Forster Point', ' International Avenue');
insert into BUS_STOP (stopID, street1, street2) values (383165, ' Del Mar Avenue', ' 8th Terrace');
insert into BUS_STOP (stopID, street1, street2) values (749260, ' Petterle Point', ' Bultman Lane');
insert into BUS_STOP (stopID, street1, street2) values (980270, ' Merchant Center', ' Troy Trail');
insert into BUS_STOP (stopID, street1, street2) values (981505, ' Prentice Way', ' Armistice Crossing');
insert into BUS_STOP (stopID, street1, street2) values (338207, ' Paget Plaza', ' Elka Place');
insert into BUS_STOP (stopID, street1, street2) values (296689, ' Crescent Oaks Street', ' Menomonie Circle');
insert into BUS_STOP (stopID, street1, street2) values (250436, ' Warner Crossing', ' Little Fleur Alley');
insert into BUS_STOP (stopID, street1, street2) values (465027, ' Fuller Hill', ' Dawn Crossing');
insert into BUS_STOP (stopID, street1, street2) values (396978, ' Toban Parkway', ' Delladonna Lane');
insert into BUS_STOP (stopID, street1, street2) values (378657, ' Shopko Pass', ' Gale Center');
insert into BUS_STOP (stopID, street1, street2) values (310125, ' High Crossing Parkway', ' Jenifer Court');
insert into BUS_STOP (stopID, street1, street2) values (157994, ' Northridge Lane', ' Hooker Pass');
insert into BUS_STOP (stopID, street1, street2) values (639984, ' Raven Crossing', ' Pierstorff Way');
insert into BUS_STOP (stopID, street1, street2) values (955462, ' Paget Drive', ' Bayside Crossing');
insert into BUS_STOP (stopID, street1, street2) values (830236, ' Sycamore Way', ' Corry Alley');
insert into BUS_STOP (stopID, street1, street2) values (480440, ' Mallory Avenue', ' Moland Center');
insert into BUS_STOP (stopID, street1, street2) values (326710, ' Weeping Birch Plaza', ' Namekagon Park');
insert into BUS_STOP (stopID, street1, street2) values (920652, ' Hallows Alley', ' Fallview Pass');
insert into BUS_STOP (stopID, street1, street2) values (667941, ' Kennedy Crossing', ' Judy Road');
insert into BUS_STOP (stopID, street1, street2) values (784914, ' Blue Bill Park Road', ' Burning Wood Avenue');
insert into BUS_STOP (stopID, street1, street2) values (478174, ' La Follette Crossing', ' Canary Point');
insert into BUS_STOP (stopID, street1, street2) values (882851, ' Summerview Way', ' Killdeer Pass');
insert into BUS_STOP (stopID, street1, street2) values (821756, ' Homewood Terrace', ' Granby Hill');
insert into BUS_STOP (stopID, street1, street2) values (558279, ' Fairview Point', ' Leroy Hill');
insert into BUS_STOP (stopID, street1, street2) values (707675, ' Morrow Junction', ' Northport Court');
insert into BUS_STOP (stopID, street1, street2) values (836056, ' Holmberg Park', ' Swallow Pass');
insert into BUS_STOP (stopID, street1, street2) values (100002, ' Lillian Drive', ' Mcguire Parkway');
insert into BUS_STOP (stopID, street1, street2) values (825441, ' Lawn Court', ' Nevada Pass');
insert into BUS_STOP (stopID, street1, street2) values (655261, ' Oak Valley Hill', ' Southridge Street');
insert into BUS_STOP (stopID, street1, street2) values (656960, ' Bowman Parkway', ' Stephen Trail');
insert into BUS_STOP (stopID, street1, street2) values (518179, ' Susan Pass', ' Everett Road');
insert into BUS_STOP (stopID, street1, street2) values (660831, ' Rowland Avenue', ' Hallows Alley');
insert into BUS_STOP (stopID, street1, street2) values (792078, ' Ludington Park', ' Esch Way');
insert into BUS_STOP (stopID, street1, street2) values (488528, ' Hauk Road', ' Toban Avenue');
insert into BUS_STOP (stopID, street1, street2) values (476907, ' Kings Hill', ' Delaware Way');
insert into BUS_STOP (stopID, street1, street2) values (611518, ' Sundown Place', ' Lakeland Terrace');
insert into BUS_STOP (stopID, street1, street2) values (793583, ' Westport Hill', ' Westend Trail');
insert into BUS_STOP (stopID, street1, street2) values (871432, ' Kensington Way', ' Dorton Plaza');
insert into BUS_STOP (stopID, street1, street2) values (819177, ' Moose Way', ' Killdeer Crossing');
insert into BUS_STOP (stopID, street1, street2) values (759624, ' Drewry Center', ' Vermont Park');
insert into BUS_STOP (stopID, street1, street2) values (660940, ' Comanche Crossing', ' Starling Circle');
insert into BUS_STOP (stopID, street1, street2) values (622884, ' Dottie Junction', ' Meadow Vale Road');
insert into BUS_STOP (stopID, street1, street2) values (699767, ' Shoshone Place', ' Huxley Junction');
insert into BUS_STOP (stopID, street1, street2) values (362011, ' Amoth Road', ' Ronald Regan Plaza');
insert into BUS_STOP (stopID, street1, street2) values (649290, ' Reinke Alley', ' Schlimgen Trail');
insert into BUS_STOP (stopID, street1, street2) values (347843, ' East Circle', ' Summerview Terrace');
insert into BUS_STOP (stopID, street1, street2) values (745750, ' Brentwood Avenue', ' Moulton Way');
insert into BUS_STOP (stopID, street1, street2) values (250741, ' Nancy Trail', ' Swallow Plaza');
insert into BUS_STOP (stopID, street1, street2) values (511495, ' Pine View Alley', ' Namekagon Center');
insert into BUS_STOP (stopID, street1, street2) values (823165, ' Sunbrook Terrace', ' Schiller Point');
insert into BUS_STOP (stopID, street1, street2) values (845341, ' Scott Center', ' Holmberg Pass');
insert into BUS_STOP (stopID, street1, street2) values (258557, ' Sugar Point', ' Northfield Park');
insert into BUS_STOP (stopID, street1, street2) values (436697, ' Nobel Street', ' Fairview Lane');
insert into BUS_STOP (stopID, street1, street2) values (150783, ' Northridge Plaza', ' Fuller Place');
insert into BUS_STOP (stopID, street1, street2) values (471078, ' Doe Crossing Point', ' Johnson Parkway');
insert into BUS_STOP (stopID, street1, street2) values (319429, ' Larry Plaza', ' Bunker Hill Parkway');
insert into BUS_STOP (stopID, street1, street2) values (743560, ' Buell Parkway', ' Gulseth Place');
insert into BUS_STOP (stopID, street1, street2) values (705846, ' Ronald Regan Pass', ' Hermina Junction');
insert into BUS_STOP (stopID, street1, street2) values (146717, ' Green Pass', ' Sunnyside Pass');
insert into BUS_STOP (stopID, street1, street2) values (489367, ' Anderson Junction', ' Thackeray Plaza');
insert into BUS_STOP (stopID, street1, street2) values (313866, ' Blackbird Court', ' Elmside Park');
insert into BUS_STOP (stopID, street1, street2) values (333463, ' Canary Park', ' Trailsway Avenue');
insert into BUS_STOP (stopID, street1, street2) values (620668, ' Dakota Drive', ' Bartelt Crossing');
insert into BUS_STOP (stopID, street1, street2) values (187306, ' Pine View Alley', ' Lakewood Gardens Junction');
insert into BUS_STOP (stopID, street1, street2) values (911380, ' Cascade Terrace', ' Dayton Terrace');
insert into BUS_STOP (stopID, street1, street2) values (400945, ' Muir Way', ' Westerfield Terrace');
insert into BUS_STOP (stopID, street1, street2) values (623907, ' Maryland Pass', ' Pond Crossing');
insert into BUS_STOP (stopID, street1, street2) values (562238, ' Shopko Terrace', ' Dayton Hill');
insert into BUS_STOP (stopID, street1, street2) values (149336, ' Stuart Pass', ' Messerschmidt Pass');
insert into BUS_STOP (stopID, street1, street2) values (927995, ' Tennyson Point', ' Dayton Junction');
insert into BUS_STOP (stopID, street1, street2) values (964054, ' Homewood Court', ' Westend Parkway');
insert into BUS_STOP (stopID, street1, street2) values (660843, ' Sachtjen Terrace', ' Dryden Junction');
insert into BUS_STOP (stopID, street1, street2) values (609800, ' Darwin Court', ' Lawn Trail');
insert into BUS_STOP (stopID, street1, street2) values (948049, ' Vera Plaza', ' Hoepker Drive');
insert into BUS_STOP (stopID, street1, street2) values (287378, ' Thierer Terrace', ' Truax Road');
insert into BUS_STOP (stopID, street1, street2) values (703584, ' Clarendon Court', ' Randy Terrace');
insert into BUS_STOP (stopID, street1, street2) values (561262, ' Park Meadow Drive', ' Fieldstone Junction');
insert into BUS_STOP (stopID, street1, street2) values (847914, ' Anthes Circle', ' Helena Lane');
insert into BUS_STOP (stopID, street1, street2) values (750970, ' Blue Bill Park Junction', ' Vidon Circle');

insert into ROUTE (routeID, S_firstStop, S_lastStop) values (457296, 660940, 807660);
insert into ROUTE (routeID, S_firstStop, S_lastStop) values (886608, 767202, 110322);
insert into ROUTE (routeID, S_firstStop, S_lastStop) values (410633, 157031, 698894);
insert into ROUTE (routeID, S_firstStop, S_lastStop) values (695543, 792078, 882851);
insert into ROUTE (routeID, S_firstStop, S_lastStop) values (235053, 611518, 560658);
insert into ROUTE (routeID, S_firstStop, S_lastStop) values (241369, 623907, 250111);
insert into ROUTE (routeID, S_firstStop, S_lastStop) values (447354, 552459, 707675);
insert into ROUTE (routeID, S_firstStop, S_lastStop) values (309363, 376789, 552459);
insert into ROUTE (routeID, S_firstStop, S_lastStop) values (455063, 489367, 835447);
insert into ROUTE (routeID, S_firstStop, S_lastStop) values (224599, 250741, 385745);
insert into ROUTE (routeID, S_firstStop, S_lastStop) values (342719, 767202, 622884);
insert into ROUTE (routeID, S_firstStop, S_lastStop) values (343836, 948049, 603960);
insert into ROUTE (routeID, S_firstStop, S_lastStop) values (521003, 608723, 683069);
insert into ROUTE (routeID, S_firstStop, S_lastStop) values (122611, 259802, 698894);
insert into ROUTE (routeID, S_firstStop, S_lastStop) values (504565, 319540, 347843);
insert into ROUTE (routeID, S_firstStop, S_lastStop) values (635742, 362011, 652344);
insert into ROUTE (routeID, S_firstStop, S_lastStop) values (549780, 743560, 295448);
insert into ROUTE (routeID, S_firstStop, S_lastStop) values (583825, 825441, 416369);
insert into ROUTE (routeID, S_firstStop, S_lastStop) values (726692, 836056, 608723);
insert into ROUTE (routeID, S_firstStop, S_lastStop) values (451168, 562238, 471078);
insert into ROUTE (routeID, S_firstStop, S_lastStop) values (544558, 450140, 678052);
insert into ROUTE (routeID, S_firstStop, S_lastStop) values (707042, 436697, 338207);
insert into ROUTE (routeID, S_firstStop, S_lastStop) values (210825, 326710, 259802);
insert into ROUTE (routeID, S_firstStop, S_lastStop) values (108962, 295448, 655261);
insert into ROUTE (routeID, S_firstStop, S_lastStop) values (370697, 250436, 471078);
insert into ROUTE (routeID, S_firstStop, S_lastStop) values (254555, 871432, 825441);
insert into ROUTE (routeID, S_firstStop, S_lastStop) values (542287, 899260, 654789);
insert into ROUTE (routeID, S_firstStop, S_lastStop) values (645367, 538584, 655261);
insert into ROUTE (routeID, S_firstStop, S_lastStop) values (860895, 489367, 376789);
insert into ROUTE (routeID, S_firstStop, S_lastStop) values (383667, 622884, 683069);
insert into ROUTE (routeID, S_firstStop, S_lastStop) values (555928, 611518, 250111);
insert into ROUTE (routeID, S_firstStop, S_lastStop) values (696047, 792078, 842743);
insert into ROUTE (routeID, S_firstStop, S_lastStop) values (717100, 836056, 927995);
insert into ROUTE (routeID, S_firstStop, S_lastStop) values (208839, 552459, 480440);
insert into ROUTE (routeID, S_firstStop, S_lastStop) values (940790, 478174, 927995);
insert into ROUTE (routeID, S_firstStop, S_lastStop) values (544019, 652344, 150783);
insert into ROUTE (routeID, S_firstStop, S_lastStop) values (249489, 179922, 703584);
insert into ROUTE (routeID, S_firstStop, S_lastStop) values (603255, 660940, 620668);
insert into ROUTE (routeID, S_firstStop, S_lastStop) values (156393, 385745, 978944);
insert into ROUTE (routeID, S_firstStop, S_lastStop) values (101035, 560658, 759624);
insert into ROUTE (routeID, S_firstStop, S_lastStop) values (369737, 518179, 683069);
insert into ROUTE (routeID, S_firstStop, S_lastStop) values (869782, 932899, 299968);
insert into ROUTE (routeID, S_firstStop, S_lastStop) values (294163, 518896, 157994);
insert into ROUTE (routeID, S_firstStop, S_lastStop) values (616372, 639374, 465027);
insert into ROUTE (routeID, S_firstStop, S_lastStop) values (562315, 954060, 146848);
insert into ROUTE (routeID, S_firstStop, S_lastStop) values (600771, 981505, 623907);
insert into ROUTE (routeID, S_firstStop, S_lastStop) values (251570, 405407, 899260);
insert into ROUTE (routeID, S_firstStop, S_lastStop) values (209428, 622884, 157031);
insert into ROUTE (routeID, S_firstStop, S_lastStop) values (379028, 944541, 866382);
insert into ROUTE (routeID, S_firstStop, S_lastStop) values (704075, 749260, 743560);
insert into ROUTE (routeID, S_firstStop, S_lastStop) values (993829, 319429, 784914);
insert into ROUTE (routeID, S_firstStop, S_lastStop) values (204419, 560658, 882851);
insert into ROUTE (routeID, S_firstStop, S_lastStop) values (292792, 562238, 648329);
insert into ROUTE (routeID, S_firstStop, S_lastStop) values (396209, 378657, 362011);
insert into ROUTE (routeID, S_firstStop, S_lastStop) values (652793, 157031, 981505);
insert into ROUTE (routeID, S_firstStop, S_lastStop) values (146086, 745750, 450140);
insert into ROUTE (routeID, S_firstStop, S_lastStop) values (769645, 157031, 552459);
insert into ROUTE (routeID, S_firstStop, S_lastStop) values (266236, 932899, 698894);
insert into ROUTE (routeID, S_firstStop, S_lastStop) values (263508, 759624, 784914);
insert into ROUTE (routeID, S_firstStop, S_lastStop) values (149741, 871432, 985106);
insert into ROUTE (routeID, S_firstStop, S_lastStop) values (230681, 390671, 778969);
insert into ROUTE (routeID, S_firstStop, S_lastStop) values (110156, 299968, 648329);
insert into ROUTE (routeID, S_firstStop, S_lastStop) values (727690, 759624, 699767);
insert into ROUTE (routeID, S_firstStop, S_lastStop) values (767468, 667941, 622884);
insert into ROUTE (routeID, S_firstStop, S_lastStop) values (298054, 313866, 871432);
insert into ROUTE (routeID, S_firstStop, S_lastStop) values (872056, 858671, 179922);
insert into ROUTE (routeID, S_firstStop, S_lastStop) values (611400, 981505, 296689);
insert into ROUTE (routeID, S_firstStop, S_lastStop) values (487657, 603960, 110322);
insert into ROUTE (routeID, S_firstStop, S_lastStop) values (615893, 985310, 660940);
insert into ROUTE (routeID, S_firstStop, S_lastStop) values (256405, 488528, 660831);
insert into ROUTE (routeID, S_firstStop, S_lastStop) values (104928, 362086, 319540);
insert into ROUTE (routeID, S_firstStop, S_lastStop) values (691825, 436697, 123132);
insert into ROUTE (routeID, S_firstStop, S_lastStop) values (659991, 107006, 911380);
insert into ROUTE (routeID, S_firstStop, S_lastStop) values (751675, 363997, 250436);
insert into ROUTE (routeID, S_firstStop, S_lastStop) values (738524, 985106, 660940);
insert into ROUTE (routeID, S_firstStop, S_lastStop) values (234774, 608723, 516437);
insert into ROUTE (routeID, S_firstStop, S_lastStop) values (441180, 807660, 250741);
insert into ROUTE (routeID, S_firstStop, S_lastStop) values (600349, 623907, 699767);
insert into ROUTE (routeID, S_firstStop, S_lastStop) values (235888, 347843, 488528);
insert into ROUTE (routeID, S_firstStop, S_lastStop) values (918178, 450140, 267548);
insert into ROUTE (routeID, S_firstStop, S_lastStop) values (849217, 326710, 954060);
insert into ROUTE (routeID, S_firstStop, S_lastStop) values (675753, 250111, 954060);
insert into ROUTE (routeID, S_firstStop, S_lastStop) values (862482, 489367, 287378);
insert into ROUTE (routeID, S_firstStop, S_lastStop) values (219658, 792078, 436697);
insert into ROUTE (routeID, S_firstStop, S_lastStop) values (730777, 660768, 287378);
insert into ROUTE (routeID, S_firstStop, S_lastStop) values (852690, 383165, 547463);
insert into ROUTE (routeID, S_firstStop, S_lastStop) values (830331, 562238, 609800);
insert into ROUTE (routeID, S_firstStop, S_lastStop) values (235259, 835447, 623907);
insert into ROUTE (routeID, S_firstStop, S_lastStop) values (665830, 648329, 608723);
insert into ROUTE (routeID, S_firstStop, S_lastStop) values (449891, 310125, 110322);
insert into ROUTE (routeID, S_firstStop, S_lastStop) values (252719, 179922, 295448);
insert into ROUTE (routeID, S_firstStop, S_lastStop) values (855328, 376789, 649290);
insert into ROUTE (routeID, S_firstStop, S_lastStop) values (373416, 830236, 157031);
insert into ROUTE (routeID, S_firstStop, S_lastStop) values (192685, 476907, 985310);
insert into ROUTE (routeID, S_firstStop, S_lastStop) values (919610, 362011, 944541);
insert into ROUTE (routeID, S_firstStop, S_lastStop) values (927079, 985310, 639984);
insert into ROUTE (routeID, S_firstStop, S_lastStop) values (133436, 660768, 978944);
insert into ROUTE (routeID, S_firstStop, S_lastStop) values (188076, 150783, 944541);
insert into ROUTE (routeID, S_firstStop, S_lastStop) values (685055, 639984, 819327);
insert into ROUTE (routeID, S_firstStop, S_lastStop) values (797620, 623907, 213271);
insert into ROUTE (routeID, S_firstStop, S_lastStop) values (595584, 866382, 295448);
insert into ROUTE (routeID, S_firstStop, S_lastStop) values (132275, 146717, 452481);
insert into ROUTE (routeID, S_firstStop, S_lastStop) values (486348, 830236, 654789);
insert into ROUTE (routeID, S_firstStop, S_lastStop) values (179658, 858671, 319540);
insert into ROUTE (routeID, S_firstStop, S_lastStop) values (352046, 980270, 622884);
insert into ROUTE (routeID, S_firstStop, S_lastStop) values (922432, 416369, 362086);
insert into ROUTE (routeID, S_firstStop, S_lastStop) values (195903, 150783, 511495);
insert into ROUTE (routeID, S_firstStop, S_lastStop) values (630287, 611518, 362119);
insert into ROUTE (routeID, S_firstStop, S_lastStop) values (294977, 705846, 107006);
insert into ROUTE (routeID, S_firstStop, S_lastStop) values (979273, 552459, 518896);
insert into ROUTE (routeID, S_firstStop, S_lastStop) values (132774, 405407, 932899);
insert into ROUTE (routeID, S_firstStop, S_lastStop) values (607670, 882851, 623907);
insert into ROUTE (routeID, S_firstStop, S_lastStop) values (536984, 547463, 743560);
insert into ROUTE (routeID, S_firstStop, S_lastStop) values (866799, 368010, 296689);
insert into ROUTE (routeID, S_firstStop, S_lastStop) values (938866, 652344, 250111);
insert into ROUTE (routeID, S_firstStop, S_lastStop) values (867324, 296570, 250111);
insert into ROUTE (routeID, S_firstStop, S_lastStop) values (912460, 452481, 362119);
insert into ROUTE (routeID, S_firstStop, S_lastStop) values (621177, 866382, 146717);
insert into ROUTE (routeID, S_firstStop, S_lastStop) values (265680, 655261, 743560);
insert into ROUTE (routeID, S_firstStop, S_lastStop) values (275163, 295448, 656960);
insert into ROUTE (routeID, S_firstStop, S_lastStop) values (561351, 319429, 362119);
insert into ROUTE (routeID, S_firstStop, S_lastStop) values (518090, 743560, 660843);
insert into ROUTE (routeID, S_firstStop, S_lastStop) values (231937, 980270, 319540);
insert into ROUTE (routeID, S_firstStop, S_lastStop) values (267907, 551177, 465027);
insert into ROUTE (routeID, S_firstStop, S_lastStop) values (623074, 177292, 480440);
insert into ROUTE (routeID, S_firstStop, S_lastStop) values (564556, 363997, 899260);
insert into ROUTE (routeID, S_firstStop, S_lastStop) values (323919, 759624, 110322);
insert into ROUTE (routeID, S_firstStop, S_lastStop) values (487907, 518179, 622884);
insert into ROUTE (routeID, S_firstStop, S_lastStop) values (884370, 378657, 383165);
insert into ROUTE (routeID, S_firstStop, S_lastStop) values (241273, 705846, 488528);
insert into ROUTE (routeID, S_firstStop, S_lastStop) values (323214, 899260, 259802);
insert into ROUTE (routeID, S_firstStop, S_lastStop) values (684997, 157994, 656960);
insert into ROUTE (routeID, S_firstStop, S_lastStop) values (688908, 378657, 698894);
insert into ROUTE (routeID, S_firstStop, S_lastStop) values (911634, 456171, 767202);
insert into ROUTE (routeID, S_firstStop, S_lastStop) values (923882, 187306, 660843);
insert into ROUTE (routeID, S_firstStop, S_lastStop) values (302323, 792078, 622884);
insert into ROUTE (routeID, S_firstStop, S_lastStop) values (506300, 825441, 465027);
insert into ROUTE (routeID, S_firstStop, S_lastStop) values (879486, 338207, 911380);
insert into ROUTE (routeID, S_firstStop, S_lastStop) values (251092, 745750, 259802);
insert into ROUTE (routeID, S_firstStop, S_lastStop) values (987367, 639984, 347843);
insert into ROUTE (routeID, S_firstStop, S_lastStop) values (598969, 390671, 745750);
insert into ROUTE (routeID, S_firstStop, S_lastStop) values (987513, 639984, 299968);
insert into ROUTE (routeID, S_firstStop, S_lastStop) values (410086, 478174, 157994);
insert into ROUTE (routeID, S_firstStop, S_lastStop) values (110619, 562238, 258557);
insert into ROUTE (routeID, S_firstStop, S_lastStop) values (521690, 488528, 516437);
insert into ROUTE (routeID, S_firstStop, S_lastStop) values (338646, 547463, 835447);
insert into ROUTE (routeID, S_firstStop, S_lastStop) values (418918, 258557, 296570);
insert into ROUTE (routeID, S_firstStop, S_lastStop) values (180058, 213271, 551177);
insert into ROUTE (routeID, S_firstStop, S_lastStop) values (626372, 552459, 405407);
insert into ROUTE (routeID, S_firstStop, S_lastStop) values (662913, 296689, 333463);
insert into ROUTE (routeID, S_firstStop, S_lastStop) values (130213, 823165, 561262);
insert into ROUTE (routeID, S_firstStop, S_lastStop) values (408770, 682658, 296689);
insert into ROUTE (routeID, S_firstStop, S_lastStop) values (656827, 767202, 326710);
insert into ROUTE (routeID, S_firstStop, S_lastStop) values (477696, 100002, 177292);
insert into ROUTE (routeID, S_firstStop, S_lastStop) values (335491, 362119, 623907);
insert into ROUTE (routeID, S_firstStop, S_lastStop) values (467691, 146717, 866382);
insert into ROUTE (routeID, S_firstStop, S_lastStop) values (298476, 368010, 450140);
insert into ROUTE (routeID, S_firstStop, S_lastStop) values (355884, 551177, 476907);
insert into ROUTE (routeID, S_firstStop, S_lastStop) values (298748, 932899, 296689);
insert into ROUTE (routeID, S_firstStop, S_lastStop) values (879479, 319429, 436697);
insert into ROUTE (routeID, S_firstStop, S_lastStop) values (453830, 392523, 842743);
insert into ROUTE (routeID, S_firstStop, S_lastStop) values (889724, 376789, 110322);
insert into ROUTE (routeID, S_firstStop, S_lastStop) values (245230, 608723, 288657);
insert into ROUTE (routeID, S_firstStop, S_lastStop) values (984025, 964054, 932899);
insert into ROUTE (routeID, S_firstStop, S_lastStop) values (262146, 978944, 179922);
insert into ROUTE (routeID, S_firstStop, S_lastStop) values (486554, 835447, 378657);
insert into ROUTE (routeID, S_firstStop, S_lastStop) values (189630, 985106, 674942);
insert into ROUTE (routeID, S_firstStop, S_lastStop) values (809963, 558279, 767202);
insert into ROUTE (routeID, S_firstStop, S_lastStop) values (751480, 296689, 792078);
insert into ROUTE (routeID, S_firstStop, S_lastStop) values (979777, 400945, 500336);
insert into ROUTE (routeID, S_firstStop, S_lastStop) values (680520, 511495, 980270);
insert into ROUTE (routeID, S_firstStop, S_lastStop) values (952090, 338207, 146717);
insert into ROUTE (routeID, S_firstStop, S_lastStop) values (827006, 157994, 656960);
insert into ROUTE (routeID, S_firstStop, S_lastStop) values (290904, 157994, 932899);
insert into ROUTE (routeID, S_firstStop, S_lastStop) values (227774, 250111, 792078);
insert into ROUTE (routeID, S_firstStop, S_lastStop) values (473410, 319540, 390671);
insert into ROUTE (routeID, S_firstStop, S_lastStop) values (611325, 123132, 981505);
insert into ROUTE (routeID, S_firstStop, S_lastStop) values (580300, 652344, 807660);
insert into ROUTE (routeID, S_firstStop, S_lastStop) values (421540, 540299, 392523);
insert into ROUTE (routeID, S_firstStop, S_lastStop) values (213158, 468966, 920652);
insert into ROUTE (routeID, S_firstStop, S_lastStop) values (394165, 392523, 544946);
insert into ROUTE (routeID, S_firstStop, S_lastStop) values (686760, 333463, 836056);
insert into ROUTE (routeID, S_firstStop, S_lastStop) values (275330, 476907, 819177);
insert into ROUTE (routeID, S_firstStop, S_lastStop) values (585345, 147597, 825441);
insert into ROUTE (routeID, S_firstStop, S_lastStop) values (469915, 660843, 478174);
insert into ROUTE (routeID, S_firstStop, S_lastStop) values (330812, 620668, 980270);
insert into ROUTE (routeID, S_firstStop, S_lastStop) values (177236, 561262, 465027);
insert into ROUTE (routeID, S_firstStop, S_lastStop) values (942709, 683069, 980270);
insert into ROUTE (routeID, S_firstStop, S_lastStop) values (458322, 362086, 793583);
insert into ROUTE (routeID, S_firstStop, S_lastStop) values (690920, 836056, 288657);
insert into ROUTE (routeID, S_firstStop, S_lastStop) values (728829, 842743, 363997);
insert into ROUTE (routeID, S_firstStop, S_lastStop) values (734697, 560658, 518179);
insert into ROUTE (routeID, S_firstStop, S_lastStop) values (211007, 954060, 981505);
insert into ROUTE (routeID, S_firstStop, S_lastStop) values (704896, 385745, 326710);
insert into ROUTE (routeID, S_firstStop, S_lastStop) values (167581, 985310, 383165);
insert into ROUTE (routeID, S_firstStop, S_lastStop) values (192680, 743560, 948049);
insert into ROUTE (routeID, S_firstStop, S_lastStop) values (381852, 792078, 500336);
insert into ROUTE (routeID, S_firstStop, S_lastStop) values (836720, 866382, 371764);
insert into ROUTE (routeID, S_firstStop, S_lastStop) values (622644, 347843, 652344);
insert into ROUTE (routeID, S_firstStop, S_lastStop) values (553537, 845341, 654789);

DELETE FROM VISITS;
insert into VISITS (R_routeID, S_stopID, arrivalTime, departTime) values (101035, 500336, '15:41:23', '15:42:38');
insert into VISITS (R_routeID, S_stopID, arrivalTime, departTime) values (104928, 611518, '05:04:02', '05:06:54');
insert into VISITS (R_routeID, S_stopID, arrivalTime, departTime) values (108962, 518179, '09:25:45', '09:25:58');
insert into VISITS (R_routeID, S_stopID, arrivalTime, departTime) values (110156, 682658, '13:20:06', '13:22:54');
insert into VISITS (R_routeID, S_stopID, arrivalTime, departTime) values (110619, 882851, '09:53:26', '09:53:26');
insert into VISITS (R_routeID, S_stopID, arrivalTime, departTime) values (122611, 836056, '13:52:30', '13:53:19');
insert into VISITS (R_routeID, S_stopID, arrivalTime, departTime) values (130213, 707675, '12:21:20', '12:23:39');
insert into VISITS (R_routeID, S_stopID, arrivalTime, departTime) values (132275, 749260, '21:48:42', '21:49:21');
insert into VISITS (R_routeID, S_stopID, arrivalTime, departTime) values (132774, 639984, '13:57:48', '13:58:27');
insert into VISITS (R_routeID, S_stopID, arrivalTime, departTime) values (133436, 187306, '16:08:59', '16:09:54');
insert into VISITS (R_routeID, S_stopID, arrivalTime, departTime) values (146086, 310125, '21:55:13', '21:57:39');
insert into VISITS (R_routeID, S_stopID, arrivalTime, departTime) values (149741, 871432, '05:25:50', '05:28:49');
insert into VISITS (R_routeID, S_stopID, arrivalTime, departTime) values (156393, 177292, '07:01:22', '07:01:22');
insert into VISITS (R_routeID, S_stopID, arrivalTime, departTime) values (159357, 858671, '14:01:19', '14:02:22');
insert into VISITS (R_routeID, S_stopID, arrivalTime, departTime) values (167581, 948049, '20:22:08', '20:25:01');
insert into VISITS (R_routeID, S_stopID, arrivalTime, departTime) values (177236, 177292, '20:56:21', '20:58:59');
insert into VISITS (R_routeID, S_stopID, arrivalTime, departTime) values (179658, 639984, '18:36:37', '18:37:05');
insert into VISITS (R_routeID, S_stopID, arrivalTime, departTime) values (180058, 551177, '15:00:35', '15:01:13');
insert into VISITS (R_routeID, S_stopID, arrivalTime, departTime) values (188076, 911380, '08:40:10', '08:42:41');
insert into VISITS (R_routeID, S_stopID, arrivalTime, departTime) values (189630, 639374, '14:27:49', '14:30:26');
insert into VISITS (R_routeID, S_stopID, arrivalTime, departTime) values (192680, 623907, '21:36:07', '21:38:11');
insert into VISITS (R_routeID, S_stopID, arrivalTime, departTime) values (192685, 622884, '10:27:32', '10:28:42');
insert into VISITS (R_routeID, S_stopID, arrivalTime, departTime) values (195903, 537158, '09:31:45', '09:32:29');
insert into VISITS (R_routeID, S_stopID, arrivalTime, departTime) values (204419, 871432, '19:59:16', '19:59:23');
insert into VISITS (R_routeID, S_stopID, arrivalTime, departTime) values (208839, 911380, '18:50:03', '18:52:13');
insert into VISITS (R_routeID, S_stopID, arrivalTime, departTime) values (209428, 157031, '18:43:58', '18:44:31');
insert into VISITS (R_routeID, S_stopID, arrivalTime, departTime) values (210825, 871432, '08:22:48', '08:23:16');
insert into VISITS (R_routeID, S_stopID, arrivalTime, departTime) values (211007, 944541, '16:08:29', '16:10:54');
insert into VISITS (R_routeID, S_stopID, arrivalTime, departTime) values (219658, 110322, '13:17:01', '13:19:06');
insert into VISITS (R_routeID, S_stopID, arrivalTime, departTime) values (224599, 667941, '21:36:47', '21:37:44');
insert into VISITS (R_routeID, S_stopID, arrivalTime, departTime) values (227774, 985106, '15:56:37', '15:57:21');
insert into VISITS (R_routeID, S_stopID, arrivalTime, departTime) values (230681, 250741, '08:13:00', '08:14:14');
insert into VISITS (R_routeID, S_stopID, arrivalTime, departTime) values (231937, 660940, '13:58:35', '13:59:58');
insert into VISITS (R_routeID, S_stopID, arrivalTime, departTime) values (234774, 609800, '05:56:10', '05:56:42');
insert into VISITS (R_routeID, S_stopID, arrivalTime, departTime) values (235053, 954060, '14:04:58', '14:07:27');
insert into VISITS (R_routeID, S_stopID, arrivalTime, departTime) values (235259, 603960, '06:49:35', '06:49:54');
insert into VISITS (R_routeID, S_stopID, arrivalTime, departTime) values (235888, 978944, '17:39:29', '17:40:30');
insert into VISITS (R_routeID, S_stopID, arrivalTime, departTime) values (241273, 932899, '17:52:07', '17:55:05');
insert into VISITS (R_routeID, S_stopID, arrivalTime, departTime) values (241369, 107006, '21:03:45', '21:05:25');
insert into VISITS (R_routeID, S_stopID, arrivalTime, departTime) values (245230, 639374, '12:03:25', '12:04:25');
insert into VISITS (R_routeID, S_stopID, arrivalTime, departTime) values (249489, 944541, '08:41:54', '08:44:31');
insert into VISITS (R_routeID, S_stopID, arrivalTime, departTime) values (251092, 980270, '05:49:39', '05:51:20');
insert into VISITS (R_routeID, S_stopID, arrivalTime, departTime) values (251570, 157994, '13:43:52', '13:44:54');
insert into VISITS (R_routeID, S_stopID, arrivalTime, departTime) values (252719, 333463, '12:11:51', '12:14:39');
insert into VISITS (R_routeID, S_stopID, arrivalTime, departTime) values (254555, 639374, '20:51:56', '20:53:58');
insert into VISITS (R_routeID, S_stopID, arrivalTime, departTime) values (256405, 920652, '07:38:22', '07:39:16');
insert into VISITS (R_routeID, S_stopID, arrivalTime, departTime) values (262146, 537158, '14:04:06', '14:06:52');
insert into VISITS (R_routeID, S_stopID, arrivalTime, departTime) values (263508, 946827, '12:14:58', '12:17:03');
insert into VISITS (R_routeID, S_stopID, arrivalTime, departTime) values (265680, 819177, '18:38:34', '18:39:39');
insert into VISITS (R_routeID, S_stopID, arrivalTime, departTime) values (266236, 750970, '07:52:06', '07:55:01');
insert into VISITS (R_routeID, S_stopID, arrivalTime, departTime) values (267907, 450140, '17:10:07', '17:10:59');
insert into VISITS (R_routeID, S_stopID, arrivalTime, departTime) values (275163, 807660, '18:10:49', '18:11:47');
insert into VISITS (R_routeID, S_stopID, arrivalTime, departTime) values (275330, 660831, '05:03:21', '05:04:28');
insert into VISITS (R_routeID, S_stopID, arrivalTime, departTime) values (290904, 819327, '22:46:59', '22:47:23');
insert into VISITS (R_routeID, S_stopID, arrivalTime, departTime) values (292792, 609800, '21:32:31', '21:35:10');
insert into VISITS (R_routeID, S_stopID, arrivalTime, departTime) values (294163, 660940, '14:09:44', '14:11:42');
insert into VISITS (R_routeID, S_stopID, arrivalTime, departTime) values (294977, 623907, '16:24:49', '16:27:28');
insert into VISITS (R_routeID, S_stopID, arrivalTime, departTime) values (298054, 660940, '06:09:37', '06:11:00');
insert into VISITS (R_routeID, S_stopID, arrivalTime, departTime) values (298476, 368010, '18:28:21', '18:30:13');
insert into VISITS (R_routeID, S_stopID, arrivalTime, departTime) values (298748, 295448, '21:34:54', '21:36:33');
insert into VISITS (R_routeID, S_stopID, arrivalTime, departTime) values (302323, 385745, '12:56:41', '12:58:47');
insert into VISITS (R_routeID, S_stopID, arrivalTime, departTime) values (309363, 476907, '10:22:26', '10:25:25');
insert into VISITS (R_routeID, S_stopID, arrivalTime, departTime) values (323214, 793583, '14:27:18', '14:29:54');
insert into VISITS (R_routeID, S_stopID, arrivalTime, departTime) values (323919, 955462, '19:11:43', '19:12:38');
insert into VISITS (R_routeID, S_stopID, arrivalTime, departTime) values (330812, 452481, '17:23:11', '17:23:30');
insert into VISITS (R_routeID, S_stopID, arrivalTime, departTime) values (335491, 326710, '09:07:59', '09:09:22');
insert into VISITS (R_routeID, S_stopID, arrivalTime, departTime) values (338646, 392523, '09:02:29', '09:03:10');
insert into VISITS (R_routeID, S_stopID, arrivalTime, departTime) values (342719, 660843, '12:02:16', '12:03:09');
insert into VISITS (R_routeID, S_stopID, arrivalTime, departTime) values (343836, 882851, '11:40:24', '11:41:40');
insert into VISITS (R_routeID, S_stopID, arrivalTime, departTime) values (352046, 436697, '17:45:08', '17:47:14');
insert into VISITS (R_routeID, S_stopID, arrivalTime, departTime) values (355884, 558279, '21:16:12', '21:16:32');
insert into VISITS (R_routeID, S_stopID, arrivalTime, departTime) values (357159, 146848, '15:13:16', '15:15:38');
insert into VISITS (R_routeID, S_stopID, arrivalTime, departTime) values (369737, 558279, '18:49:40', '18:52:31');
insert into VISITS (R_routeID, S_stopID, arrivalTime, departTime) values (370697, 468966, '19:45:38', '19:45:44');
insert into VISITS (R_routeID, S_stopID, arrivalTime, departTime) values (373416, 250741, '22:19:12', '22:19:20');
insert into VISITS (R_routeID, S_stopID, arrivalTime, departTime) values (379028, 927995, '10:55:52', '10:56:44');
insert into VISITS (R_routeID, S_stopID, arrivalTime, departTime) values (381852, 250436, '09:31:13', '09:31:55');
insert into VISITS (R_routeID, S_stopID, arrivalTime, departTime) values (383667, 655261, '12:24:14', '12:25:17');
insert into VISITS (R_routeID, S_stopID, arrivalTime, departTime) values (394165, 655261, '21:24:09', '21:26:35');
insert into VISITS (R_routeID, S_stopID, arrivalTime, departTime) values (396209, 326710, '12:25:05', '12:25:29');
insert into VISITS (R_routeID, S_stopID, arrivalTime, departTime) values (408770, 819327, '21:15:27', '21:17:25');
insert into VISITS (R_routeID, S_stopID, arrivalTime, departTime) values (410086, 288657, '16:05:16', '16:06:15');
insert into VISITS (R_routeID, S_stopID, arrivalTime, departTime) values (410633, 385745, '08:44:35', '08:47:10');
insert into VISITS (R_routeID, S_stopID, arrivalTime, departTime) values (418918, 213271, '12:19:50', '12:22:26');
insert into VISITS (R_routeID, S_stopID, arrivalTime, departTime) values (421540, 465027, '16:06:07', '16:08:34');
insert into VISITS (R_routeID, S_stopID, arrivalTime, departTime) values (441180, 478174, '21:25:55', '21:27:27');
insert into VISITS (R_routeID, S_stopID, arrivalTime, departTime) values (447354, 488528, '04:30:57', '04:33:01');
insert into VISITS (R_routeID, S_stopID, arrivalTime, departTime) values (449891, 376789, '12:05:32', '12:06:10');
insert into VISITS (R_routeID, S_stopID, arrivalTime, departTime) values (451168, 488528, '13:37:31', '13:37:36');
insert into VISITS (R_routeID, S_stopID, arrivalTime, departTime) values (453830, 552459, '04:34:00', '04:36:20');
insert into VISITS (R_routeID, S_stopID, arrivalTime, departTime) values (455063, 821756, '21:14:26', '21:16:43');
insert into VISITS (R_routeID, S_stopID, arrivalTime, departTime) values (457296, 405407, '20:12:22', '20:14:24');
insert into VISITS (R_routeID, S_stopID, arrivalTime, departTime) values (458322, 655261, '22:00:58', '22:02:03');
insert into VISITS (R_routeID, S_stopID, arrivalTime, departTime) values (467691, 376789, '18:54:11', '18:55:33');
insert into VISITS (R_routeID, S_stopID, arrivalTime, departTime) values (469915, 179922, '21:15:23', '21:16:31');
insert into VISITS (R_routeID, S_stopID, arrivalTime, departTime) values (473410, 978944, '19:55:08', '19:57:52');
insert into VISITS (R_routeID, S_stopID, arrivalTime, departTime) values (477696, 500336, '19:26:05', '19:27:25');
insert into VISITS (R_routeID, S_stopID, arrivalTime, departTime) values (486348, 480440, '05:18:00', '05:20:08');
insert into VISITS (R_routeID, S_stopID, arrivalTime, departTime) values (486554, 468966, '15:01:30', '15:01:43');
insert into VISITS (R_routeID, S_stopID, arrivalTime, departTime) values (487657, 436697, '10:43:09', '10:45:54');

insert into VISITS (R_routeID, S_stopID, arrivalTime, departTime) values (487907, 146848, '11:15:10', '11:18:09');
insert into VISITS (R_routeID, S_stopID, arrivalTime, departTime) values (504565, 392523, '22:43:25', '22:46:16');
insert into VISITS (R_routeID, S_stopID, arrivalTime, departTime) values (506300, 866382, '06:45:42', '06:47:47');
insert into VISITS (R_routeID, S_stopID, arrivalTime, departTime) values (518090, 858671, '21:58:51', '22:01:36');
insert into VISITS (R_routeID, S_stopID, arrivalTime, departTime) values (521003, 652344, '05:36:28', '05:37:45');
insert into VISITS (R_routeID, S_stopID, arrivalTime, departTime) values (521690, 149336, '10:38:57', '10:40:24');
insert into VISITS (R_routeID, S_stopID, arrivalTime, departTime) values (536984, 622884, '07:33:10', '07:33:11');
insert into VISITS (R_routeID, S_stopID, arrivalTime, departTime) values (542287, 842743, '04:54:06', '04:56:54');
insert into VISITS (R_routeID, S_stopID, arrivalTime, departTime) values (544019, 821756, '17:01:03', '17:01:38');
insert into VISITS (R_routeID, S_stopID, arrivalTime, departTime) values (544558, 964054, '20:13:24', '20:14:14');
insert into VISITS (R_routeID, S_stopID, arrivalTime, departTime) values (549780, 500336, '12:21:17', '12:23:35');
insert into VISITS (R_routeID, S_stopID, arrivalTime, departTime) values (553537, 476907, '19:48:29', '19:50:47');
insert into VISITS (R_routeID, S_stopID, arrivalTime, departTime) values (555928, 258557, '07:59:34', '07:59:39');
insert into VISITS (R_routeID, S_stopID, arrivalTime, departTime) values (561351, 455857, '05:31:36', '05:32:47');
insert into VISITS (R_routeID, S_stopID, arrivalTime, departTime) values (562315, 699767, '21:43:57', '21:46:25');
insert into VISITS (R_routeID, S_stopID, arrivalTime, departTime) values (564556, 948049, '08:20:18', '08:22:32');
insert into VISITS (R_routeID, S_stopID, arrivalTime, departTime) values (580300, 703584, '16:15:37', '16:18:32');
insert into VISITS (R_routeID, S_stopID, arrivalTime, departTime) values (583825, 488528, '16:37:59', '16:40:15');
insert into VISITS (R_routeID, S_stopID, arrivalTime, departTime) values (585345, 319540, '17:36:25', '17:38:14');
insert into VISITS (R_routeID, S_stopID, arrivalTime, departTime) values (595584, 792078, '10:23:47', '10:24:15');
insert into VISITS (R_routeID, S_stopID, arrivalTime, departTime) values (598969, 319540, '07:20:12', '07:22:24');
insert into VISITS (R_routeID, S_stopID, arrivalTime, departTime) values (600349, 656960, '12:56:00', '12:58:09');
insert into VISITS (R_routeID, S_stopID, arrivalTime, departTime) values (600771, 654789, '22:54:47', '22:55:52');
insert into VISITS (R_routeID, S_stopID, arrivalTime, departTime) values (603255, 296689, '15:06:41', '15:07:04');
insert into VISITS (R_routeID, S_stopID, arrivalTime, departTime) values (607670, 620668, '15:57:28', '16:00:08');
insert into VISITS (R_routeID, S_stopID, arrivalTime, departTime) values (611325, 750970, '04:32:32', '04:33:40');
insert into VISITS (R_routeID, S_stopID, arrivalTime, departTime) values (611400, 654789, '17:44:41', '17:47:17');
insert into VISITS (R_routeID, S_stopID, arrivalTime, departTime) values (615893, 847914, '13:10:01', '13:11:49');
insert into VISITS (R_routeID, S_stopID, arrivalTime, departTime) values (616372, 622884, '14:26:20', '14:28:58');
insert into VISITS (R_routeID, S_stopID, arrivalTime, departTime) values (621177, 978944, '11:22:24', '11:22:33');
insert into VISITS (R_routeID, S_stopID, arrivalTime, departTime) values (622644, 250111, '16:14:24', '16:16:53');
insert into VISITS (R_routeID, S_stopID, arrivalTime, departTime) values (623074, 347843, '14:08:45', '14:10:35');
insert into VISITS (R_routeID, S_stopID, arrivalTime, departTime) values (626372, 674942, '19:10:24', '19:12:37');
insert into VISITS (R_routeID, S_stopID, arrivalTime, departTime) values (630287, 648329, '12:56:00', '12:58:46');
insert into VISITS (R_routeID, S_stopID, arrivalTime, departTime) values (635742, 259802, '15:41:59', '15:44:40');
insert into VISITS (R_routeID, S_stopID, arrivalTime, departTime) values (645367, 362119, '11:07:16', '11:08:22');
insert into VISITS (R_routeID, S_stopID, arrivalTime, departTime) values (652793, 845341, '22:03:54', '22:06:11');
insert into VISITS (R_routeID, S_stopID, arrivalTime, departTime) values (656827, 518896, '04:40:20', '04:40:20');
insert into VISITS (R_routeID, S_stopID, arrivalTime, departTime) values (659991, 793583, '20:31:18', '20:32:09');
insert into VISITS (R_routeID, S_stopID, arrivalTime, departTime) values (662913, 981505, '09:11:23', '09:11:30');
insert into VISITS (R_routeID, S_stopID, arrivalTime, departTime) values (665830, 667941, '17:03:03', '17:03:05');
insert into VISITS (R_routeID, S_stopID, arrivalTime, departTime) values (675753, 150783, '09:38:28', '09:39:51');
insert into VISITS (R_routeID, S_stopID, arrivalTime, departTime) values (680520, 465027, '13:02:50', '13:03:18');
insert into VISITS (R_routeID, S_stopID, arrivalTime, departTime) values (684997, 287378, '07:18:01', '07:20:24');
insert into VISITS (R_routeID, S_stopID, arrivalTime, departTime) values (685055, 558279, '20:26:39', '20:28:36');
insert into VISITS (R_routeID, S_stopID, arrivalTime, departTime) values (686760, 376789, '15:47:14', '15:48:01');
insert into VISITS (R_routeID, S_stopID, arrivalTime, departTime) values (688908, 338207, '05:05:04', '05:07:34');
insert into VISITS (R_routeID, S_stopID, arrivalTime, departTime) values (690920, 452481, '13:10:54', '13:11:16');
insert into VISITS (R_routeID, S_stopID, arrivalTime, departTime) values (691825, 146848, '16:41:49', '16:42:13');
insert into VISITS (R_routeID, S_stopID, arrivalTime, departTime) values (695543, 611518, '07:08:38', '07:11:29');
insert into VISITS (R_routeID, S_stopID, arrivalTime, departTime) values (696047, 750970, '15:27:04', '15:27:32');
insert into VISITS (R_routeID, S_stopID, arrivalTime, departTime) values (704075, 452481, '05:57:16', '05:57:36');
insert into VISITS (R_routeID, S_stopID, arrivalTime, departTime) values (704896, 392523, '22:59:47', '23:00:28');
insert into VISITS (R_routeID, S_stopID, arrivalTime, departTime) values (707042, 871432, '05:34:19', '05:36:40');
insert into VISITS (R_routeID, S_stopID, arrivalTime, departTime) values (717100, 299968, '13:34:41', '13:37:29');
insert into VISITS (R_routeID, S_stopID, arrivalTime, departTime) values (726692, 478174, '04:52:56', '04:55:39');
insert into VISITS (R_routeID, S_stopID, arrivalTime, departTime) values (727690, 623907, '12:24:35', '12:26:34');
insert into VISITS (R_routeID, S_stopID, arrivalTime, departTime) values (728829, 250741, '05:10:17', '05:11:45');
insert into VISITS (R_routeID, S_stopID, arrivalTime, departTime) values (730777, 371764, '14:53:50', '14:55:54');
insert into VISITS (R_routeID, S_stopID, arrivalTime, departTime) values (734697, 319540, '15:04:56', '15:05:36');
insert into VISITS (R_routeID, S_stopID, arrivalTime, departTime) values (738524, 825441, '11:40:41', '11:43:27');
insert into VISITS (R_routeID, S_stopID, arrivalTime, departTime) values (751480, 456171, '06:12:30', '06:12:52');
insert into VISITS (R_routeID, S_stopID, arrivalTime, departTime) values (751675, 392523, '05:02:44', '05:05:42');
insert into VISITS (R_routeID, S_stopID, arrivalTime, departTime) values (767468, 177292, '20:58:19', '21:00:54');
insert into VISITS (R_routeID, S_stopID, arrivalTime, departTime) values (769645, 150783, '19:54:23', '19:55:58');
insert into VISITS (R_routeID, S_stopID, arrivalTime, departTime) values (797620, 187306, '19:16:17', '19:18:56');
insert into VISITS (R_routeID, S_stopID, arrivalTime, departTime) values (809963, 674942, '18:13:46', '18:14:40');
insert into VISITS (R_routeID, S_stopID, arrivalTime, departTime) values (827006, 703584, '04:49:18', '04:52:09');
insert into VISITS (R_routeID, S_stopID, arrivalTime, departTime) values (830331, 368010, '18:08:14', '18:10:48');
insert into VISITS (R_routeID, S_stopID, arrivalTime, departTime) values (836720, 608723, '10:10:08', '10:11:59');
insert into VISITS (R_routeID, S_stopID, arrivalTime, departTime) values (849217, 845341, '15:16:51', '15:19:22');
insert into VISITS (R_routeID, S_stopID, arrivalTime, departTime) values (852690, 749260, '14:47:36', '14:47:43');
insert into VISITS (R_routeID, S_stopID, arrivalTime, departTime) values (855328, 319429, '04:12:12', '04:12:51');
insert into VISITS (R_routeID, S_stopID, arrivalTime, departTime) values (860895, 845341, '10:27:30', '10:27:37');
insert into VISITS (R_routeID, S_stopID, arrivalTime, departTime) values (862482, 836056, '20:54:26', '20:55:18');
insert into VISITS (R_routeID, S_stopID, arrivalTime, departTime) values (866799, 674942, '15:36:05', '15:38:37');
insert into VISITS (R_routeID, S_stopID, arrivalTime, departTime) values (867324, 500336, '07:47:21', '07:49:57');
insert into VISITS (R_routeID, S_stopID, arrivalTime, departTime) values (869782, 552459, '07:38:05', '07:40:46');
insert into VISITS (R_routeID, S_stopID, arrivalTime, departTime) values (872056, 608723, '22:17:24', '22:19:13');
insert into VISITS (R_routeID, S_stopID, arrivalTime, departTime) values (879479, 622884, '14:11:08', '14:11:47');
insert into VISITS (R_routeID, S_stopID, arrivalTime, departTime) values (879486, 362086, '10:36:49', '10:37:34');
insert into VISITS (R_routeID, S_stopID, arrivalTime, departTime) values (884370, 107006, '13:47:45', '13:49:31');
insert into VISITS (R_routeID, S_stopID, arrivalTime, departTime) values (886608, 558279, '08:02:04', '08:03:40');
insert into VISITS (R_routeID, S_stopID, arrivalTime, departTime) values (889724, 667941, '20:23:11', '20:25:35');
insert into VISITS (R_routeID, S_stopID, arrivalTime, departTime) values (911634, 660768, '21:10:54', '21:11:22');
insert into VISITS (R_routeID, S_stopID, arrivalTime, departTime) values (912460, 500336, '11:29:41', '11:30:24');
insert into VISITS (R_routeID, S_stopID, arrivalTime, departTime) values (918178, 562238, '11:21:38', '11:23:26');
insert into VISITS (R_routeID, S_stopID, arrivalTime, departTime) values (919610, 296570, '06:47:29', '06:47:59');
insert into VISITS (R_routeID, S_stopID, arrivalTime, departTime) values (922432, 698894, '19:40:59', '19:43:14');
insert into VISITS (R_routeID, S_stopID, arrivalTime, departTime) values (923882, 819327, '10:36:27', '10:37:40');
insert into VISITS (R_routeID, S_stopID, arrivalTime, departTime) values (927079, 767202, '13:24:50', '13:26:19');
insert into VISITS (R_routeID, S_stopID, arrivalTime, departTime) values (938866, 823165, '21:05:03', '21:07:50');
insert into VISITS (R_routeID, S_stopID, arrivalTime, departTime) values (940790, 866382, '13:05:58', '13:06:48');
insert into VISITS (R_routeID, S_stopID, arrivalTime, departTime) values (942709, 287378, '15:52:44', '15:54:15');
insert into VISITS (R_routeID, S_stopID, arrivalTime, departTime) values (952090, 385745, '20:13:21', '20:16:13');
insert into VISITS (R_routeID, S_stopID, arrivalTime, departTime) values (965874, 288657, '13:54:27', '13:55:53');
insert into VISITS (R_routeID, S_stopID, arrivalTime, departTime) values (979273, 882851, '15:19:22', '15:21:59');
insert into VISITS (R_routeID, S_stopID, arrivalTime, departTime) values (979777, 920652, '19:20:28', '19:21:10');
insert into VISITS (R_routeID, S_stopID, arrivalTime, departTime) values (984025, 385745, '15:11:14', '15:14:03');
insert into VISITS (R_routeID, S_stopID, arrivalTime, departTime) values (987367, 455857, '15:41:23', '15:43:39');
insert into VISITS (R_routeID, S_stopID, arrivalTime, departTime) values (987513, 920652, '05:04:02', '05:06:28');
insert into VISITS (R_routeID, S_stopID, arrivalTime, departTime) values (993829, 560658, '09:25:45', '09:28:04');
insert into VISITS (R_routeID, S_stopID, arrivalTime, departTime) values (101035, 660831, '13:20:06', '13:22:21');
insert into VISITS (R_routeID, S_stopID, arrivalTime, departTime) values (104928, 656960, '09:53:26', '09:55:18');
insert into VISITS (R_routeID, S_stopID, arrivalTime, departTime) values (108962, 683069, '13:52:30', '13:52:53');
insert into VISITS (R_routeID, S_stopID, arrivalTime, departTime) values (110156, 609800, '12:21:20', '12:23:22');
insert into VISITS (R_routeID, S_stopID, arrivalTime, departTime) values (110619, 793583, '21:48:42', '21:51:10');
insert into VISITS (R_routeID, S_stopID, arrivalTime, departTime) values (122611, 682658, '13:57:48', '14:00:41');
insert into VISITS (R_routeID, S_stopID, arrivalTime, departTime) values (130213, 611518, '16:08:59', '16:11:36');
insert into VISITS (R_routeID, S_stopID, arrivalTime, departTime) values (132275, 778969, '21:55:13', '21:56:16');
insert into VISITS (R_routeID, S_stopID, arrivalTime, departTime) values (132774, 146848, '05:25:50', '05:26:50');
insert into VISITS (R_routeID, S_stopID, arrivalTime, departTime) values (133436, 150783, '07:01:22', '07:02:10');
insert into VISITS (R_routeID, S_stopID, arrivalTime, departTime) values (149741, 267548, '20:22:08', '20:22:41');
insert into VISITS (R_routeID, S_stopID, arrivalTime, departTime) values (156393, 157031, '20:56:21', '20:56:45');
insert into VISITS (R_routeID, S_stopID, arrivalTime, departTime) values (159357, 784914, '18:36:37', '18:36:43');
insert into VISITS (R_routeID, S_stopID, arrivalTime, departTime) values (167581, 476907, '15:00:35', '15:03:14');
insert into VISITS (R_routeID, S_stopID, arrivalTime, departTime) values (177236, 655261, '08:40:10', '08:41:26');
insert into VISITS (R_routeID, S_stopID, arrivalTime, departTime) values (179658, 187306, '14:27:49', '14:28:09');
insert into VISITS (R_routeID, S_stopID, arrivalTime, departTime) values (180058, 518179, '21:36:07', '21:36:46');
insert into VISITS (R_routeID, S_stopID, arrivalTime, departTime) values (188076, 522788, '10:27:32', '10:29:04');
insert into VISITS (R_routeID, S_stopID, arrivalTime, departTime) values (189630, 250436, '09:31:45', '09:33:29');
insert into VISITS (R_routeID, S_stopID, arrivalTime, departTime) values (192680, 518179, '19:59:16', '20:01:41');
insert into VISITS (R_routeID, S_stopID, arrivalTime, departTime) values (192685, 705846, '18:50:03', '18:50:03');
insert into VISITS (R_routeID, S_stopID, arrivalTime, departTime) values (195903, 296570, '18:43:58', '18:46:56');
insert into VISITS (R_routeID, S_stopID, arrivalTime, departTime) values (204419, 396978, '08:22:48', '08:25:31');
insert into VISITS (R_routeID, S_stopID, arrivalTime, departTime) values (208839, 362011, '16:08:29', '16:09:12');
insert into VISITS (R_routeID, S_stopID, arrivalTime, departTime) values (209428, 882851, '14:11:18', '14:11:27');
insert into VISITS (R_routeID, S_stopID, arrivalTime, departTime) values (210825, 964054, '13:17:01', '13:17:59');
insert into VISITS (R_routeID, S_stopID, arrivalTime, departTime) values (211007, 603960, '21:36:47', '21:37:05');
insert into VISITS (R_routeID, S_stopID, arrivalTime, departTime) values (213158, 516437, '15:56:37', '15:58:09');
insert into VISITS (R_routeID, S_stopID, arrivalTime, departTime) values (219658, 899260, '08:13:00', '08:15:05');
insert into VISITS (R_routeID, S_stopID, arrivalTime, departTime) values (224599, 871432, '13:58:35', '14:00:22');
insert into VISITS (R_routeID, S_stopID, arrivalTime, departTime) values (227774, 157994, '05:56:10', '05:56:23');
insert into VISITS (R_routeID, S_stopID, arrivalTime, departTime) values (230681, 899260, '14:04:58', '14:05:55');
insert into VISITS (R_routeID, S_stopID, arrivalTime, departTime) values (231937, 250436, '06:49:35', '06:50:22');
insert into VISITS (R_routeID, S_stopID, arrivalTime, departTime) values (234774, 954060, '17:39:29', '17:39:33');
insert into VISITS (R_routeID, S_stopID, arrivalTime, departTime) values (235053, 561262, '17:52:07', '17:53:16');
insert into VISITS (R_routeID, S_stopID, arrivalTime, departTime) values (235259, 390671, '21:03:45', '21:04:54');
insert into VISITS (R_routeID, S_stopID, arrivalTime, departTime) values (235888, 400945, '12:03:25', '12:05:58');
insert into VISITS (R_routeID, S_stopID, arrivalTime, departTime) values (241273, 363997, '08:41:54', '08:42:47');
insert into VISITS (R_routeID, S_stopID, arrivalTime, departTime) values (241369, 362011, '05:49:39', '05:51:20');
insert into VISITS (R_routeID, S_stopID, arrivalTime, departTime) values (245230, 296570, '13:43:52', '13:45:35');
insert into VISITS (R_routeID, S_stopID, arrivalTime, departTime) values (249489, 561262, '12:11:51', '12:14:30');
insert into VISITS (R_routeID, S_stopID, arrivalTime, departTime) values (251092, 825441, '20:51:56', '20:54:05');
insert into VISITS (R_routeID, S_stopID, arrivalTime, departTime) values (251570, 819327, '07:38:22', '07:39:39');
insert into VISITS (R_routeID, S_stopID, arrivalTime, departTime) values (252719, 110322, '14:04:06', '14:05:56');
insert into VISITS (R_routeID, S_stopID, arrivalTime, departTime) values (254555, 258557, '12:14:58', '12:17:56');
insert into VISITS (R_routeID, S_stopID, arrivalTime, departTime) values (256405, 819327, '18:38:34', '18:39:50');
insert into VISITS (R_routeID, S_stopID, arrivalTime, departTime) values (262146, 326710, '07:52:06', '07:54:25');
insert into VISITS (R_routeID, S_stopID, arrivalTime, departTime) values (263508, 376789, '17:10:07', '17:12:25');
insert into VISITS (R_routeID, S_stopID, arrivalTime, departTime) values (265680, 516437, '18:10:49', '18:12:52');
insert into VISITS (R_routeID, S_stopID, arrivalTime, departTime) values (266236, 516437, '05:03:21', '05:05:03');
insert into VISITS (R_routeID, S_stopID, arrivalTime, departTime) values (267907, 608723, '22:46:59', '22:49:01');
insert into VISITS (R_routeID, S_stopID, arrivalTime, departTime) values (275163, 622884, '21:32:31', '21:35:28');
insert into VISITS (R_routeID, S_stopID, arrivalTime, departTime) values (275330, 648329, '14:09:44', '14:10:40');
insert into VISITS (R_routeID, S_stopID, arrivalTime, departTime) values (290904, 250111, '16:24:49', '16:25:42');
insert into VISITS (R_routeID, S_stopID, arrivalTime, departTime) values (292792, 660768, '06:09:37', '06:10:41');
insert into VISITS (R_routeID, S_stopID, arrivalTime, departTime) values (294163, 383165, '18:28:21', '18:30:20');
insert into VISITS (R_routeID, S_stopID, arrivalTime, departTime) values (294977, 899260, '21:34:54', '21:36:58');
insert into VISITS (R_routeID, S_stopID, arrivalTime, departTime) values (298054, 655261, '12:56:41', '12:57:53');
insert into VISITS (R_routeID, S_stopID, arrivalTime, departTime) values (298476, 396978, '10:22:26', '10:23:29');
insert into VISITS (R_routeID, S_stopID, arrivalTime, departTime) values (298748, 948049, '14:27:18', '14:29:11');
insert into VISITS (R_routeID, S_stopID, arrivalTime, departTime) values (302323, 639374, '19:11:43', '19:12:45');
insert into VISITS (R_routeID, S_stopID, arrivalTime, departTime) values (309363, 678052, '17:23:11', '17:25:08');
insert into VISITS (R_routeID, S_stopID, arrivalTime, departTime) values (323214, 110322, '09:07:59', '09:10:42');
insert into VISITS (R_routeID, S_stopID, arrivalTime, departTime) values (323919, 547463, '09:02:29', '09:04:16');
insert into VISITS (R_routeID, S_stopID, arrivalTime, departTime) values (330812, 347843, '12:02:16', '12:04:52');
insert into VISITS (R_routeID, S_stopID, arrivalTime, departTime) values (335491, 743560, '11:40:24', '11:43:02');
insert into VISITS (R_routeID, S_stopID, arrivalTime, departTime) values (338646, 363997, '17:45:08', '17:45:26');
insert into VISITS (R_routeID, S_stopID, arrivalTime, departTime) values (342719, 313866, '21:16:12', '21:18:05');
insert into VISITS (R_routeID, S_stopID, arrivalTime, departTime) values (343836, 743560, '15:13:16', '15:14:09');
insert into VISITS (R_routeID, S_stopID, arrivalTime, departTime) values (352046, 609800, '18:49:40', '18:51:14');
insert into VISITS (R_routeID, S_stopID, arrivalTime, departTime) values (355884, 821756, '19:45:38', '19:46:32');
insert into VISITS (R_routeID, S_stopID, arrivalTime, departTime) values (357159, 778969, '22:19:12', '22:19:53');
insert into VISITS (R_routeID, S_stopID, arrivalTime, departTime) values (369737, 552459, '10:55:52', '10:56:21');
insert into VISITS (R_routeID, S_stopID, arrivalTime, departTime) values (370697, 830236, '09:31:13', '09:32:09');
insert into VISITS (R_routeID, S_stopID, arrivalTime, departTime) values (373416, 436697, '12:24:14', '12:26:57');
insert into VISITS (R_routeID, S_stopID, arrivalTime, departTime) values (379028, 371764, '21:24:09', '21:25:09');
insert into VISITS (R_routeID, S_stopID, arrivalTime, departTime) values (381852, 660940, '12:25:05', '12:25:30');
insert into VISITS (R_routeID, S_stopID, arrivalTime, departTime) values (383667, 639984, '21:15:27', '21:18:08');
insert into VISITS (R_routeID, S_stopID, arrivalTime, departTime) values (394165, 649290, '16:05:16', '16:06:42');
insert into VISITS (R_routeID, S_stopID, arrivalTime, departTime) values (396209, 978944, '08:44:35', '08:46:21');
insert into VISITS (R_routeID, S_stopID, arrivalTime, departTime) values (408770, 378657, '12:19:50', '12:21:25');
insert into VISITS (R_routeID, S_stopID, arrivalTime, departTime) values (410086, 150783, '16:06:07', '16:06:07');
insert into VISITS (R_routeID, S_stopID, arrivalTime, departTime) values (410633, 179922, '21:25:55', '21:27:57');
insert into VISITS (R_routeID, S_stopID, arrivalTime, departTime) values (418918, 845341, '04:30:57', '04:33:47');
insert into VISITS (R_routeID, S_stopID, arrivalTime, departTime) values (421540, 478174, '12:05:32', '12:06:51');
insert into VISITS (R_routeID, S_stopID, arrivalTime, departTime) values (441180, 845341, '13:37:31', '13:38:03');
insert into VISITS (R_routeID, S_stopID, arrivalTime, departTime) values (447354, 416369, '04:34:00', '04:34:32');
insert into VISITS (R_routeID, S_stopID, arrivalTime, departTime) values (449891, 749260, '21:14:26', '21:17:08');
insert into VISITS (R_routeID, S_stopID, arrivalTime, departTime) values (453830, 296689, '22:00:58', '22:02:57');
insert into VISITS (R_routeID, S_stopID, arrivalTime, departTime) values (455063, 560658, '18:54:11', '18:56:21');
insert into VISITS (R_routeID, S_stopID, arrivalTime, departTime) values (457296, 871432, '21:15:23', '21:15:40');
insert into VISITS (R_routeID, S_stopID, arrivalTime, departTime) values (458322, 478174, '19:55:08', '19:57:58');
insert into VISITS (R_routeID, S_stopID, arrivalTime, departTime) values (467691, 537158, '19:26:05', '19:28:42');
insert into VISITS (R_routeID, S_stopID, arrivalTime, departTime) values (469915, 516437, '05:18:00', '05:19:37');
insert into VISITS (R_routeID, S_stopID, arrivalTime, departTime) values (473410, 683069, '15:01:30', '15:01:30');
insert into VISITS (R_routeID, S_stopID, arrivalTime, departTime) values (477696, 946827, '10:43:09', '10:45:12');
insert into VISITS (R_routeID, S_stopID, arrivalTime, departTime) values (486348, 871432, '11:15:10', '11:17:00');
insert into VISITS (R_routeID, S_stopID, arrivalTime, departTime) values (486554, 150783, '22:43:25', '22:45:05');
insert into VISITS (R_routeID, S_stopID, arrivalTime, departTime) values (487657, 705846, '06:45:42', '06:47:29');
insert into VISITS (R_routeID, S_stopID, arrivalTime, departTime) values (487907, 954060, '21:58:51', '22:01:45');
insert into VISITS (R_routeID, S_stopID, arrivalTime, departTime) values (504565, 623907, '05:36:28', '05:39:00');
insert into VISITS (R_routeID, S_stopID, arrivalTime, departTime) values (506300, 347843, '10:38:57', '10:40:15');
insert into VISITS (R_routeID, S_stopID, arrivalTime, departTime) values (518090, 146848, '07:33:10', '07:36:02');
insert into VISITS (R_routeID, S_stopID, arrivalTime, departTime) values (521003, 858671, '04:54:06', '04:56:03');
insert into VISITS (R_routeID, S_stopID, arrivalTime, departTime) values (521690, 480440, '17:01:03', '17:02:53');
insert into VISITS (R_routeID, S_stopID, arrivalTime, departTime) values (536984, 250741, '20:13:24', '20:16:08');
insert into VISITS (R_routeID, S_stopID, arrivalTime, departTime) values (542287, 179922, '12:21:17', '12:24:10');
insert into VISITS (R_routeID, S_stopID, arrivalTime, departTime) values (544019, 562238, '19:48:29', '19:50:29');
insert into VISITS (R_routeID, S_stopID, arrivalTime, departTime) values (544558, 703584, '07:59:34', '08:02:20');
insert into VISITS (R_routeID, S_stopID, arrivalTime, departTime) values (549780, 396978, '05:31:36', '05:34:30');
insert into VISITS (R_routeID, S_stopID, arrivalTime, departTime) values (553537, 767202, '21:43:57', '21:44:37');
insert into VISITS (R_routeID, S_stopID, arrivalTime, departTime) values (555928, 871432, '08:20:18', '08:21:15');
insert into VISITS (R_routeID, S_stopID, arrivalTime, departTime) values (561351, 147597, '16:15:37', '16:16:40');
insert into VISITS (R_routeID, S_stopID, arrivalTime, departTime) values (562315, 623907, '16:37:59', '16:39:14');
insert into VISITS (R_routeID, S_stopID, arrivalTime, departTime) values (564556, 871432, '17:36:25', '17:39:21');
insert into VISITS (R_routeID, S_stopID, arrivalTime, departTime) values (580300, 622884, '10:23:47', '10:25:29');
insert into VISITS (R_routeID, S_stopID, arrivalTime, departTime) values (583825, 368010, '07:20:12', '07:21:56');
insert into VISITS (R_routeID, S_stopID, arrivalTime, departTime) values (585345, 920652, '12:56:00', '12:57:30');
insert into VISITS (R_routeID, S_stopID, arrivalTime, departTime) values (595584, 489367, '22:54:47', '22:55:03');
insert into VISITS (R_routeID, S_stopID, arrivalTime, departTime) values (598969, 489367, '15:06:41', '15:07:37');
insert into VISITS (R_routeID, S_stopID, arrivalTime, departTime) values (600349, 110322, '15:57:28', '15:59:53');
insert into VISITS (R_routeID, S_stopID, arrivalTime, departTime) values (600771, 267548, '04:32:32', '04:33:42');
insert into VISITS (R_routeID, S_stopID, arrivalTime, departTime) values (603255, 157031, '17:44:41', '17:45:31');
insert into VISITS (R_routeID, S_stopID, arrivalTime, departTime) values (607670, 362119, '13:10:01', '13:11:37');
insert into VISITS (R_routeID, S_stopID, arrivalTime, departTime) values (611325, 608723, '14:26:20', '14:26:20');
insert into VISITS (R_routeID, S_stopID, arrivalTime, departTime) values (611400, 552459, '11:22:24', '11:22:32');
insert into VISITS (R_routeID, S_stopID, arrivalTime, departTime) values (615893, 656960, '16:14:24', '16:16:28');
insert into VISITS (R_routeID, S_stopID, arrivalTime, departTime) values (616372, 845341, '14:08:45', '14:09:44');
insert into VISITS (R_routeID, S_stopID, arrivalTime, departTime) values (621177, 371764, '19:10:24', '19:11:00');
insert into VISITS (R_routeID, S_stopID, arrivalTime, departTime) values (622644, 845341, '12:56:00', '12:57:21');
insert into VISITS (R_routeID, S_stopID, arrivalTime, departTime) values (623074, 946827, '15:41:59', '15:44:52');
insert into VISITS (R_routeID, S_stopID, arrivalTime, departTime) values (626372, 390671, '11:07:16', '11:09:10');
insert into VISITS (R_routeID, S_stopID, arrivalTime, departTime) values (630287, 981505, '22:03:54', '22:04:00');
insert into VISITS (R_routeID, S_stopID, arrivalTime, departTime) values (635742, 313866, '04:40:20', '04:41:14');
insert into VISITS (R_routeID, S_stopID, arrivalTime, departTime) values (645367, 639374, '20:31:18', '20:33:50');
insert into VISITS (R_routeID, S_stopID, arrivalTime, departTime) values (652793, 468966, '09:11:23', '09:12:27');
insert into VISITS (R_routeID, S_stopID, arrivalTime, departTime) values (656827, 819177, '17:03:03', '17:03:03');
insert into VISITS (R_routeID, S_stopID, arrivalTime, departTime) values (659991, 362086, '09:38:28', '09:40:04');
insert into VISITS (R_routeID, S_stopID, arrivalTime, departTime) values (662913, 639984, '13:02:50', '13:02:57');
insert into VISITS (R_routeID, S_stopID, arrivalTime, departTime) values (665830, 378657, '07:18:01', '07:20:44');
insert into VISITS (R_routeID, S_stopID, arrivalTime, departTime) values (675753, 743560, '20:26:39', '20:27:43');
insert into VISITS (R_routeID, S_stopID, arrivalTime, departTime) values (680520, 899260, '15:47:14', '15:48:48');
insert into VISITS (R_routeID, S_stopID, arrivalTime, departTime) values (684997, 455857, '05:05:04', '05:06:19');
insert into VISITS (R_routeID, S_stopID, arrivalTime, departTime) values (685055, 981505, '13:10:54', '13:11:18');
insert into VISITS (R_routeID, S_stopID, arrivalTime, departTime) values (686760, 319429, '16:41:49', '16:42:20');
insert into VISITS (R_routeID, S_stopID, arrivalTime, departTime) values (688908, 784914, '07:08:38', '07:11:24');
insert into VISITS (R_routeID, S_stopID, arrivalTime, departTime) values (690920, 146848, '15:27:04', '15:28:48');
insert into VISITS (R_routeID, S_stopID, arrivalTime, departTime) values (691825, 622884, '05:57:16', '05:57:32');
insert into VISITS (R_routeID, S_stopID, arrivalTime, departTime) values (695543, 110322, '22:59:47', '22:59:54');
insert into VISITS (R_routeID, S_stopID, arrivalTime, departTime) values (696047, 948049, '05:34:19', '05:36:12');
insert into VISITS (R_routeID, S_stopID, arrivalTime, departTime) values (704075, 544946, '13:34:41', '13:34:43');
insert into VISITS (R_routeID, S_stopID, arrivalTime, departTime) values (704896, 452481, '04:52:56', '04:53:28');
insert into VISITS (R_routeID, S_stopID, arrivalTime, departTime) values (707042, 471078, '12:24:35', '12:27:00');
insert into VISITS (R_routeID, S_stopID, arrivalTime, departTime) values (717100, 985310, '05:10:17', '05:11:02');
insert into VISITS (R_routeID, S_stopID, arrivalTime, departTime) values (726692, 985310, '14:53:50', '14:54:44');
insert into VISITS (R_routeID, S_stopID, arrivalTime, departTime) values (727690, 392523, '15:04:56', '15:06:21');
insert into VISITS (R_routeID, S_stopID, arrivalTime, departTime) values (728829, 390671, '11:40:41', '11:43:17');
insert into VISITS (R_routeID, S_stopID, arrivalTime, departTime) values (730777, 287378, '06:12:30', '06:15:26');
insert into VISITS (R_routeID, S_stopID, arrivalTime, departTime) values (734697, 830236, '05:02:44', '05:04:30');
insert into VISITS (R_routeID, S_stopID, arrivalTime, departTime) values (738524, 944541, '20:58:19', '20:59:00');
insert into VISITS (R_routeID, S_stopID, arrivalTime, departTime) values (751480, 450140, '19:54:23', '19:56:16');
insert into VISITS (R_routeID, S_stopID, arrivalTime, departTime) values (751675, 830236, '19:16:17', '19:18:13');
insert into VISITS (R_routeID, S_stopID, arrivalTime, departTime) values (767468, 603960, '18:13:46', '18:16:35');
insert into VISITS (R_routeID, S_stopID, arrivalTime, departTime) values (769645, 699767, '04:49:18', '04:50:59');
insert into VISITS (R_routeID, S_stopID, arrivalTime, departTime) values (797620, 538584, '18:08:14', '18:10:07');
insert into VISITS (R_routeID, S_stopID, arrivalTime, departTime) values (809963, 985310, '10:10:08', '10:12:37');
insert into VISITS (R_routeID, S_stopID, arrivalTime, departTime) values (827006, 981505, '15:16:51', '15:18:20');
insert into VISITS (R_routeID, S_stopID, arrivalTime, departTime) values (830331, 660831, '14:47:36', '14:48:11');
insert into VISITS (R_routeID, S_stopID, arrivalTime, departTime) values (836720, 480440, '04:12:12', '04:13:42');
insert into VISITS (R_routeID, S_stopID, arrivalTime, departTime) values (849217, 648329, '10:27:30', '10:29:02');
insert into VISITS (R_routeID, S_stopID, arrivalTime, departTime) values (852690, 745750, '20:54:26', '20:55:48');
insert into VISITS (R_routeID, S_stopID, arrivalTime, departTime) values (855328, 450140, '15:36:05', '15:36:50');
insert into VISITS (R_routeID, S_stopID, arrivalTime, departTime) values (862482, 784914, '07:38:05', '07:39:11');
insert into VISITS (R_routeID, S_stopID, arrivalTime, departTime) values (866799, 948049, '22:17:24', '22:19:09');
insert into VISITS (R_routeID, S_stopID, arrivalTime, departTime) values (867324, 858671, '14:11:08', '14:12:20');
insert into VISITS (R_routeID, S_stopID, arrivalTime, departTime) values (869782, 759624, '10:36:49', '10:39:05');
insert into VISITS (R_routeID, S_stopID, arrivalTime, departTime) values (872056, 842743, '13:47:45', '13:49:57');
insert into VISITS (R_routeID, S_stopID, arrivalTime, departTime) values (879479, 416369, '08:02:04', '08:03:04');
insert into VISITS (R_routeID, S_stopID, arrivalTime, departTime) values (879486, 471078, '20:23:11', '20:24:50');
insert into VISITS (R_routeID, S_stopID, arrivalTime, departTime) values (884370, 146848, '21:10:54', '21:12:37');
insert into VISITS (R_routeID, S_stopID, arrivalTime, departTime) values (886608, 213271, '11:29:41', '11:30:05');
insert into VISITS (R_routeID, S_stopID, arrivalTime, departTime) values (889724, 836056, '11:21:38', '11:22:30');
insert into VISITS (R_routeID, S_stopID, arrivalTime, departTime) values (911634, 250436, '06:47:29', '06:47:53');
insert into VISITS (R_routeID, S_stopID, arrivalTime, departTime) values (912460, 157031, '19:40:59', '19:43:40');
insert into VISITS (R_routeID, S_stopID, arrivalTime, departTime) values (918178, 313866, '10:36:27', '10:37:21');
insert into VISITS (R_routeID, S_stopID, arrivalTime, departTime) values (919610, 456171, '13:24:50', '13:25:35');
insert into VISITS (R_routeID, S_stopID, arrivalTime, departTime) values (922432, 611518, '21:05:03', '21:05:08');
insert into VISITS (R_routeID, S_stopID, arrivalTime, departTime) values (923882, 500336, '13:05:58', '13:06:22');
insert into VISITS (R_routeID, S_stopID, arrivalTime, departTime) values (927079, 500336, '15:52:44', '15:54:39');
insert into VISITS (R_routeID, S_stopID, arrivalTime, departTime) values (938866, 608723, '20:13:21', '20:14:55');
insert into VISITS (R_routeID, S_stopID, arrivalTime, departTime) values (940790, 299968, '13:54:27', '13:55:53');
insert into VISITS (R_routeID, S_stopID, arrivalTime, departTime) values (942709, 978944, '15:19:22', '15:22:00');
insert into VISITS (R_routeID, S_stopID, arrivalTime, departTime) values (952090, 250741, '19:20:28', '19:20:46');
insert into VISITS (R_routeID, S_stopID, arrivalTime, departTime) values (965874, 146717, '15:11:14', '15:13:37');
insert into VISITS (R_routeID, S_stopID, arrivalTime, departTime) values (979273, 259802, '15:41:23', '15:41:28');
insert into VISITS (R_routeID, S_stopID, arrivalTime, departTime) values (979777, 562238, '05:04:02', '05:06:38');
insert into VISITS (R_routeID, S_stopID, arrivalTime, departTime) values (984025, 299968, '09:25:45', '09:25:51');
insert into VISITS (R_routeID, S_stopID, arrivalTime, departTime) values (987367, 830236, '13:20:06', '13:21:37');
insert into VISITS (R_routeID, S_stopID, arrivalTime, departTime) values (987513, 707675, '09:53:26', '09:54:04');
insert into VISITS (R_routeID, S_stopID, arrivalTime, departTime) values (993829, 471078, '13:52:30', '13:55:16');
insert into VISITS (R_routeID, S_stopID, arrivalTime, departTime) values (101035, 107006, '12:21:20', '12:22:14');
insert into VISITS (R_routeID, S_stopID, arrivalTime, departTime) values (104928, 745750, '21:48:42', '21:50:31');
insert into VISITS (R_routeID, S_stopID, arrivalTime, departTime) values (108962, 678052, '13:57:48', '13:58:38');
insert into VISITS (R_routeID, S_stopID, arrivalTime, departTime) values (110156, 511495, '16:08:59', '16:11:12');
insert into VISITS (R_routeID, S_stopID, arrivalTime, departTime) values (110619, 146848, '21:55:13', '21:56:14');
insert into VISITS (R_routeID, S_stopID, arrivalTime, departTime) values (122611, 516437, '05:25:50', '05:27:28');
insert into VISITS (R_routeID, S_stopID, arrivalTime, departTime) values (130213, 622884, '07:01:22', '07:01:53');
insert into VISITS (R_routeID, S_stopID, arrivalTime, departTime) values (132275, 639374, '14:01:19', '14:04:02');
insert into VISITS (R_routeID, S_stopID, arrivalTime, departTime) values (132774, 544946, '20:22:08', '20:22:35');
insert into VISITS (R_routeID, S_stopID, arrivalTime, departTime) values (133436, 622884, '20:56:21', '20:58:01');
insert into VISITS (R_routeID, S_stopID, arrivalTime, departTime) values (146086, 288657, '18:36:37', '18:37:52');
insert into VISITS (R_routeID, S_stopID, arrivalTime, departTime) values (149741, 100002, '15:00:35', '15:03:34');
insert into VISITS (R_routeID, S_stopID, arrivalTime, departTime) values (156393, 547463, '08:40:10', '08:41:19');
insert into VISITS (R_routeID, S_stopID, arrivalTime, departTime) values (159357, 146717, '14:27:49', '14:27:58');
insert into VISITS (R_routeID, S_stopID, arrivalTime, departTime) values (167581, 749260, '21:36:07', '21:36:35');
insert into VISITS (R_routeID, S_stopID, arrivalTime, departTime) values (177236, 405407, '10:27:32', '10:29:52');
insert into VISITS (R_routeID, S_stopID, arrivalTime, departTime) values (179658, 362086, '09:31:45', '09:33:02');
insert into VISITS (R_routeID, S_stopID, arrivalTime, departTime) values (180058, 100002, '19:59:16', '20:00:09');
insert into VISITS (R_routeID, S_stopID, arrivalTime, departTime) values (188076, 468966, '18:50:03', '18:52:55');
insert into VISITS (R_routeID, S_stopID, arrivalTime, departTime) values (189630, 213271, '18:43:58', '18:46:27');
insert into VISITS (R_routeID, S_stopID, arrivalTime, departTime) values (192680, 150783, '08:22:48', '08:24:44');
insert into VISITS (R_routeID, S_stopID, arrivalTime, departTime) values (192685, 250741, '16:08:29', '16:09:20');
insert into VISITS (R_routeID, S_stopID, arrivalTime, departTime) values (195903, 480440, '14:11:18', '14:12:41');
insert into VISITS (R_routeID, S_stopID, arrivalTime, departTime) values (204419, 452481, '13:17:01', '13:18:42');
insert into VISITS (R_routeID, S_stopID, arrivalTime, departTime) values (208839, 267548, '21:36:47', '21:36:47');
insert into VISITS (R_routeID, S_stopID, arrivalTime, departTime) values (209428, 405407, '15:56:37', '15:57:35');
insert into VISITS (R_routeID, S_stopID, arrivalTime, departTime) values (210825, 678052, '08:13:00', '08:14:36');
insert into VISITS (R_routeID, S_stopID, arrivalTime, departTime) values (211007, 678052, '13:58:35', '13:59:53');
insert into VISITS (R_routeID, S_stopID, arrivalTime, departTime) values (213158, 985106, '05:56:10', '05:59:09');
insert into VISITS (R_routeID, S_stopID, arrivalTime, departTime) values (219658, 362119, '14:04:58', '14:06:12');
insert into VISITS (R_routeID, S_stopID, arrivalTime, departTime) values (230681, 488528, '17:52:07', '17:52:22');
insert into VISITS (R_routeID, S_stopID, arrivalTime, departTime) values (231937, 258557, '21:03:45', '21:05:27');
insert into VISITS (R_routeID, S_stopID, arrivalTime, departTime) values (234774, 560658, '12:03:25', '12:03:34');
insert into VISITS (R_routeID, S_stopID, arrivalTime, departTime) values (235053, 825441, '08:41:54', '08:42:43');
insert into VISITS (R_routeID, S_stopID, arrivalTime, departTime) values (235259, 845341, '05:49:39', '05:50:43');
insert into VISITS (R_routeID, S_stopID, arrivalTime, departTime) values (235888, 537158, '13:43:52', '13:43:53');
insert into VISITS (R_routeID, S_stopID, arrivalTime, departTime) values (241273, 177292, '12:11:51', '12:14:43');
insert into VISITS (R_routeID, S_stopID, arrivalTime, departTime) values (241369, 655261, '20:51:56', '20:52:33');
insert into VISITS (R_routeID, S_stopID, arrivalTime, departTime) values (245230, 378657, '07:38:22', '07:38:41');
insert into VISITS (R_routeID, S_stopID, arrivalTime, departTime) values (249489, 948049, '14:04:06', '14:07:03');
insert into VISITS (R_routeID, S_stopID, arrivalTime, departTime) values (251092, 416369, '12:14:58', '12:16:05');
insert into VISITS (R_routeID, S_stopID, arrivalTime, departTime) values (251570, 544946, '18:38:34', '18:38:46');
insert into VISITS (R_routeID, S_stopID, arrivalTime, departTime) values (252719, 608723, '07:52:06', '07:53:51');
insert into VISITS (R_routeID, S_stopID, arrivalTime, departTime) values (254555, 699767, '17:10:07', '17:12:52');
insert into VISITS (R_routeID, S_stopID, arrivalTime, departTime) values (256405, 465027, '18:10:49', '18:13:47');
insert into VISITS (R_routeID, S_stopID, arrivalTime, departTime) values (262146, 544946, '05:03:21', '05:05:14');
insert into VISITS (R_routeID, S_stopID, arrivalTime, departTime) values (263508, 698894, '22:46:59', '22:49:50');
insert into VISITS (R_routeID, S_stopID, arrivalTime, departTime) values (265680, 944541, '21:32:31', '21:34:34');
insert into VISITS (R_routeID, S_stopID, arrivalTime, departTime) values (266236, 258557, '14:09:44', '14:11:25');
insert into VISITS (R_routeID, S_stopID, arrivalTime, departTime) values (267907, 603960, '16:24:49', '16:25:16');
insert into VISITS (R_routeID, S_stopID, arrivalTime, departTime) values (275163, 920652, '06:09:37', '06:11:44');
insert into VISITS (R_routeID, S_stopID, arrivalTime, departTime) values (275330, 927995, '18:28:21', '18:29:44');
insert into VISITS (R_routeID, S_stopID, arrivalTime, departTime) values (290904, 396978, '21:34:54', '21:37:00');
insert into VISITS (R_routeID, S_stopID, arrivalTime, departTime) values (292792, 654789, '12:56:41', '12:56:58');
insert into VISITS (R_routeID, S_stopID, arrivalTime, departTime) values (294163, 845341, '10:22:26', '10:25:15');
insert into VISITS (R_routeID, S_stopID, arrivalTime, departTime) values (294977, 835447, '14:27:18', '14:28:28');
insert into VISITS (R_routeID, S_stopID, arrivalTime, departTime) values (298054, 436697, '19:11:43', '19:13:13');
insert into VISITS (R_routeID, S_stopID, arrivalTime, departTime) values (298476, 362086, '17:23:11', '17:23:51');
insert into VISITS (R_routeID, S_stopID, arrivalTime, departTime) values (298748, 562238, '09:07:59', '09:10:47');
insert into VISITS (R_routeID, S_stopID, arrivalTime, departTime) values (302323, 749260, '09:02:29', '09:04:01');
insert into VISITS (R_routeID, S_stopID, arrivalTime, departTime) values (309363, 866382, '12:02:16', '12:03:06');
insert into VISITS (R_routeID, S_stopID, arrivalTime, departTime) values (323214, 376789, '11:40:24', '11:40:26');
insert into VISITS (R_routeID, S_stopID, arrivalTime, departTime) values (323919, 250741, '17:45:08', '17:47:35');
insert into VISITS (R_routeID, S_stopID, arrivalTime, departTime) values (330812, 767202, '21:16:12', '21:17:20');
insert into VISITS (R_routeID, S_stopID, arrivalTime, departTime) values (335491, 267548, '15:13:16', '15:14:57');
insert into VISITS (R_routeID, S_stopID, arrivalTime, departTime) values (338646, 821756, '18:49:40', '18:52:39');
insert into VISITS (R_routeID, S_stopID, arrivalTime, departTime) values (342719, 703584, '19:45:38', '19:46:55');
insert into VISITS (R_routeID, S_stopID, arrivalTime, departTime) values (343836, 518179, '22:19:12', '22:21:45');
insert into VISITS (R_routeID, S_stopID, arrivalTime, departTime) values (352046, 551177, '10:55:52', '10:58:27');
insert into VISITS (R_routeID, S_stopID, arrivalTime, departTime) values (357159, 326710, '12:24:14', '12:24:58');
insert into VISITS (R_routeID, S_stopID, arrivalTime, departTime) values (369737, 784914, '21:24:09', '21:25:28');
insert into VISITS (R_routeID, S_stopID, arrivalTime, departTime) values (370697, 558279, '12:25:05', '12:26:42');
insert into VISITS (R_routeID, S_stopID, arrivalTime, departTime) values (373416, 400945, '21:15:27', '21:16:57');
insert into VISITS (R_routeID, S_stopID, arrivalTime, departTime) values (379028, 537158, '16:05:16', '16:07:20');
insert into VISITS (R_routeID, S_stopID, arrivalTime, departTime) values (381852, 842743, '08:44:35', '08:46:46');
insert into VISITS (R_routeID, S_stopID, arrivalTime, departTime) values (383667, 400945, '12:19:50', '12:21:26');
insert into VISITS (R_routeID, S_stopID, arrivalTime, departTime) values (394165, 660843, '16:06:07', '16:06:40');
insert into VISITS (R_routeID, S_stopID, arrivalTime, departTime) values (396209, 609800, '21:25:55', '21:26:46');
insert into VISITS (R_routeID, S_stopID, arrivalTime, departTime) values (408770, 299968, '04:30:57', '04:31:26');
insert into VISITS (R_routeID, S_stopID, arrivalTime, departTime) values (410086, 177292, '12:05:32', '12:07:22');
insert into VISITS (R_routeID, S_stopID, arrivalTime, departTime) values (410633, 552459, '13:37:31', '13:40:22');
insert into VISITS (R_routeID, S_stopID, arrivalTime, departTime) values (418918, 100002, '04:34:00', '04:36:23');
insert into VISITS (R_routeID, S_stopID, arrivalTime, departTime) values (421540, 551177, '21:14:26', '21:14:37');
insert into VISITS (R_routeID, S_stopID, arrivalTime, departTime) values (441180, 157994, '20:12:22', '20:14:39');
insert into VISITS (R_routeID, S_stopID, arrivalTime, departTime) values (447354, 146848, '22:00:58', '22:01:00');
insert into VISITS (R_routeID, S_stopID, arrivalTime, departTime) values (449891, 835447, '18:54:11', '18:54:59');
insert into VISITS (R_routeID, S_stopID, arrivalTime, departTime) values (451168, 383165, '21:15:23', '21:17:27');
insert into VISITS (R_routeID, S_stopID, arrivalTime, departTime) values (453830, 376789, '19:55:08', '19:56:07');
insert into VISITS (R_routeID, S_stopID, arrivalTime, departTime) values (455063, 623907, '19:26:05', '19:26:44');
insert into VISITS (R_routeID, S_stopID, arrivalTime, departTime) values (457296, 259802, '05:18:00', '05:20:03');
insert into VISITS (R_routeID, S_stopID, arrivalTime, departTime) values (458322, 363997, '15:01:30', '15:03:33');
insert into VISITS (R_routeID, S_stopID, arrivalTime, departTime) values (467691, 400945, '10:43:09', '10:43:43');
insert into VISITS (R_routeID, S_stopID, arrivalTime, departTime) values (469915, 703584, '11:15:10', '11:16:35');
insert into VISITS (R_routeID, S_stopID, arrivalTime, departTime) values (473410, 793583, '22:43:25', '22:46:06');
insert into VISITS (R_routeID, S_stopID, arrivalTime, departTime) values (477696, 362086, '06:45:42', '06:48:10');
insert into VISITS (R_routeID, S_stopID, arrivalTime, departTime) values (486348, 678052, '21:58:51', '22:01:26');
insert into VISITS (R_routeID, S_stopID, arrivalTime, departTime) values (486554, 416369, '05:36:28', '05:39:00');
insert into VISITS (R_routeID, S_stopID, arrivalTime, departTime) values (487657, 147597, '10:38:57', '10:40:11');
insert into VISITS (R_routeID, S_stopID, arrivalTime, departTime) values (487907, 416369, '07:33:10', '07:33:17');
insert into VISITS (R_routeID, S_stopID, arrivalTime, departTime) values (504565, 250741, '04:54:06', '04:56:32');
insert into VISITS (R_routeID, S_stopID, arrivalTime, departTime) values (506300, 488528, '17:01:03', '17:02:55');
insert into VISITS (R_routeID, S_stopID, arrivalTime, departTime) values (518090, 552459, '20:13:24', '20:15:35');
insert into VISITS (R_routeID, S_stopID, arrivalTime, departTime) values (521003, 107006, '12:21:17', '12:22:44');
insert into VISITS (R_routeID, S_stopID, arrivalTime, departTime) values (521690, 927995, '19:48:29', '19:49:19');
insert into VISITS (R_routeID, S_stopID, arrivalTime, departTime) values (536984, 107006, '07:59:34', '08:00:35');
insert into VISITS (R_routeID, S_stopID, arrivalTime, departTime) values (542287, 400945, '05:31:36', '05:33:51');
insert into VISITS (R_routeID, S_stopID, arrivalTime, departTime) values (544019, 656960, '21:43:57', '21:45:49');
insert into VISITS (R_routeID, S_stopID, arrivalTime, departTime) values (544558, 698894, '08:20:18', '08:21:55');
insert into VISITS (R_routeID, S_stopID, arrivalTime, departTime) values (549780, 793583, '16:15:37', '16:15:39');
insert into VISITS (R_routeID, S_stopID, arrivalTime, departTime) values (553537, 847914, '16:37:59', '16:40:01');
insert into VISITS (R_routeID, S_stopID, arrivalTime, departTime) values (555928, 518179, '17:36:25', '17:37:10');
insert into VISITS (R_routeID, S_stopID, arrivalTime, departTime) values (561351, 558279, '10:23:47', '10:25:39');
insert into VISITS (R_routeID, S_stopID, arrivalTime, departTime) values (562315, 674942, '07:20:12', '07:22:54');
insert into VISITS (R_routeID, S_stopID, arrivalTime, departTime) values (564556, 978944, '12:56:00', '12:57:08');
insert into VISITS (R_routeID, S_stopID, arrivalTime, departTime) values (580300, 603960, '22:54:47', '22:55:19');
insert into VISITS (R_routeID, S_stopID, arrivalTime, departTime) values (583825, 552459, '15:06:41', '15:07:00');
insert into VISITS (R_routeID, S_stopID, arrivalTime, departTime) values (585345, 562238, '15:57:28', '15:58:15');
insert into VISITS (R_routeID, S_stopID, arrivalTime, departTime) values (595584, 623907, '04:32:32', '04:34:04');
insert into VISITS (R_routeID, S_stopID, arrivalTime, departTime) values (598969, 149336, '17:44:41', '17:46:23');
insert into VISITS (R_routeID, S_stopID, arrivalTime, departTime) values (600349, 489367, '13:10:01', '13:12:49');
insert into VISITS (R_routeID, S_stopID, arrivalTime, departTime) values (600771, 655261, '14:26:20', '14:27:44');
insert into VISITS (R_routeID, S_stopID, arrivalTime, departTime) values (603255, 705846, '11:22:24', '11:22:55');
insert into VISITS (R_routeID, S_stopID, arrivalTime, departTime) values (607670, 623907, '16:14:24', '16:15:51');
insert into VISITS (R_routeID, S_stopID, arrivalTime, departTime) values (611325, 537158, '14:08:45', '14:09:17');
insert into VISITS (R_routeID, S_stopID, arrivalTime, departTime) values (611400, 911380, '19:10:24', '19:10:37');
insert into VISITS (R_routeID, S_stopID, arrivalTime, departTime) values (615893, 767202, '12:56:00', '12:58:56');
insert into VISITS (R_routeID, S_stopID, arrivalTime, departTime) values (616372, 703584, '15:41:59', '15:42:16');
insert into VISITS (R_routeID, S_stopID, arrivalTime, departTime) values (621177, 683069, '11:07:16', '11:09:53');
insert into VISITS (R_routeID, S_stopID, arrivalTime, departTime) values (622644, 465027, '22:03:54', '22:04:18');
insert into VISITS (R_routeID, S_stopID, arrivalTime, departTime) values (623074, 920652, '04:40:20', '04:42:54');
insert into VISITS (R_routeID, S_stopID, arrivalTime, departTime) values (626372, 980270, '20:31:18', '20:31:57');
insert into VISITS (R_routeID, S_stopID, arrivalTime, departTime) values (630287, 620668, '09:11:23', '09:13:35');
insert into VISITS (R_routeID, S_stopID, arrivalTime, departTime) values (635742, 385745, '17:03:03', '17:04:47');
insert into VISITS (R_routeID, S_stopID, arrivalTime, departTime) values (645367, 699767, '09:38:28', '09:41:07');
insert into VISITS (R_routeID, S_stopID, arrivalTime, departTime) values (652793, 456171, '13:02:50', '13:05:18');
insert into VISITS (R_routeID, S_stopID, arrivalTime, departTime) values (656827, 652344, '07:18:01', '07:20:00');
insert into VISITS (R_routeID, S_stopID, arrivalTime, departTime) values (659991, 955462, '20:26:39', '20:29:15');
insert into VISITS (R_routeID, S_stopID, arrivalTime, departTime) values (662913, 932899, '15:47:14', '15:48:13');
insert into VISITS (R_routeID, S_stopID, arrivalTime, departTime) values (665830, 250111, '05:05:04', '05:06:22');
insert into VISITS (R_routeID, S_stopID, arrivalTime, departTime) values (675753, 362086, '13:10:54', '13:10:57');
insert into VISITS (R_routeID, S_stopID, arrivalTime, departTime) values (684997, 250741, '07:08:38', '07:09:55');
insert into VISITS (R_routeID, S_stopID, arrivalTime, departTime) values (685055, 948049, '15:27:04', '15:29:15');
insert into VISITS (R_routeID, S_stopID, arrivalTime, departTime) values (686760, 511495, '05:57:16', '05:58:42');
insert into VISITS (R_routeID, S_stopID, arrivalTime, departTime) values (688908, 362011, '22:59:47', '23:01:41');
insert into VISITS (R_routeID, S_stopID, arrivalTime, departTime) values (690920, 450140, '05:34:19', '05:34:41');
insert into VISITS (R_routeID, S_stopID, arrivalTime, departTime) values (691825, 980270, '13:34:41', '13:34:51');
insert into VISITS (R_routeID, S_stopID, arrivalTime, departTime) values (695543, 250436, '04:52:56', '04:53:32');
insert into VISITS (R_routeID, S_stopID, arrivalTime, departTime) values (696047, 667941, '12:24:35', '12:24:44');
insert into VISITS (R_routeID, S_stopID, arrivalTime, departTime) values (704075, 147597, '05:10:17', '05:10:38');
insert into VISITS (R_routeID, S_stopID, arrivalTime, departTime) values (704896, 678052, '14:53:50', '14:54:33');
insert into VISITS (R_routeID, S_stopID, arrivalTime, departTime) values (707042, 652344, '15:04:56', '15:05:25');
insert into VISITS (R_routeID, S_stopID, arrivalTime, departTime) values (717100, 743560, '11:40:41', '11:41:52');
insert into VISITS (R_routeID, S_stopID, arrivalTime, departTime) values (726692, 250436, '06:12:30', '06:15:21');
insert into VISITS (R_routeID, S_stopID, arrivalTime, departTime) values (727690, 287378, '05:02:44', '05:02:50');
insert into VISITS (R_routeID, S_stopID, arrivalTime, departTime) values (728829, 562238, '20:58:19', '21:00:31');
insert into VISITS (R_routeID, S_stopID, arrivalTime, departTime) values (730777, 845341, '19:54:23', '19:57:16');
insert into VISITS (R_routeID, S_stopID, arrivalTime, departTime) values (734697, 980270, '19:16:17', '19:18:48');
insert into VISITS (R_routeID, S_stopID, arrivalTime, departTime) values (738524, 552459, '18:13:46', '18:15:42');
insert into VISITS (R_routeID, S_stopID, arrivalTime, departTime) values (751480, 830236, '04:49:18', '04:50:58');
insert into VISITS (R_routeID, S_stopID, arrivalTime, departTime) values (751675, 363997, '18:08:14', '18:09:38');
insert into VISITS (R_routeID, S_stopID, arrivalTime, departTime) values (767468, 871432, '10:10:08', '10:12:57');
insert into VISITS (R_routeID, S_stopID, arrivalTime, departTime) values (769645, 552459, '15:16:51', '15:19:01');
insert into VISITS (R_routeID, S_stopID, arrivalTime, departTime) values (797620, 703584, '14:47:36', '14:50:11');
insert into VISITS (R_routeID, S_stopID, arrivalTime, departTime) values (809963, 682658, '04:12:12', '04:14:35');
insert into VISITS (R_routeID, S_stopID, arrivalTime, departTime) values (827006, 792078, '10:27:30', '10:28:01');
insert into VISITS (R_routeID, S_stopID, arrivalTime, departTime) values (830331, 944541, '20:54:26', '20:56:35');
insert into VISITS (R_routeID, S_stopID, arrivalTime, departTime) values (836720, 707675, '15:36:05', '15:38:58');
insert into VISITS (R_routeID, S_stopID, arrivalTime, departTime) values (849217, 259802, '07:47:21', '07:49:00');
insert into VISITS (R_routeID, S_stopID, arrivalTime, departTime) values (852690, 948049, '07:38:05', '07:40:39');
insert into VISITS (R_routeID, S_stopID, arrivalTime, departTime) values (855328, 405407, '22:17:24', '22:19:42');
insert into VISITS (R_routeID, S_stopID, arrivalTime, departTime) values (860895, 468966, '14:11:08', '14:11:22');
insert into VISITS (R_routeID, S_stopID, arrivalTime, departTime) values (862482, 511495, '10:36:49', '10:38:04');
insert into VISITS (R_routeID, S_stopID, arrivalTime, departTime) values (866799, 400945, '13:47:45', '13:50:33');
insert into VISITS (R_routeID, S_stopID, arrivalTime, departTime) values (867324, 825441, '08:02:04', '08:04:06');
insert into VISITS (R_routeID, S_stopID, arrivalTime, departTime) values (869782, 326710, '20:23:11', '20:24:19');
insert into VISITS (R_routeID, S_stopID, arrivalTime, departTime) values (872056, 652344, '21:10:54', '21:11:52');
insert into VISITS (R_routeID, S_stopID, arrivalTime, departTime) values (879479, 558279, '11:29:41', '11:29:43');
insert into VISITS (R_routeID, S_stopID, arrivalTime, departTime) values (879486, 660831, '11:21:38', '11:21:54');
insert into VISITS (R_routeID, S_stopID, arrivalTime, departTime) values (884370, 911380, '06:47:29', '06:49:19');
insert into VISITS (R_routeID, S_stopID, arrivalTime, departTime) values (886608, 296689, '19:40:59', '19:42:53');
insert into VISITS (R_routeID, S_stopID, arrivalTime, departTime) values (889724, 551177, '10:36:27', '10:37:42');
insert into VISITS (R_routeID, S_stopID, arrivalTime, departTime) values (911634, 392523, '13:24:50', '13:25:08');
insert into VISITS (R_routeID, S_stopID, arrivalTime, departTime) values (912460, 338207, '21:05:03', '21:07:37');
insert into VISITS (R_routeID, S_stopID, arrivalTime, departTime) values (918178, 326710, '13:05:58', '13:08:32');
insert into VISITS (R_routeID, S_stopID, arrivalTime, departTime) values (919610, 674942, '15:52:44', '15:54:52');
insert into VISITS (R_routeID, S_stopID, arrivalTime, departTime) values (922432, 652344, '20:13:21', '20:15:30');
insert into VISITS (R_routeID, S_stopID, arrivalTime, departTime) values (923882, 955462, '13:54:27', '13:56:20');
insert into VISITS (R_routeID, S_stopID, arrivalTime, departTime) values (927079, 368010, '15:19:22', '15:20:06');
insert into VISITS (R_routeID, S_stopID, arrivalTime, departTime) values (938866, 392523, '19:20:28', '19:22:26');
insert into VISITS (R_routeID, S_stopID, arrivalTime, departTime) values (940790, 759624, '15:11:14', '15:13:02');
insert into VISITS (R_routeID, S_stopID, arrivalTime, departTime) values (942709, 250741, '15:41:23', '15:43:24');
insert into VISITS (R_routeID, S_stopID, arrivalTime, departTime) values (952090, 759624, '05:04:02', '05:04:26');
insert into VISITS (R_routeID, S_stopID, arrivalTime, departTime) values (965874, 784914, '09:25:45', '09:27:36');
insert into VISITS (R_routeID, S_stopID, arrivalTime, departTime) values (979273, 150783, '13:20:06', '13:23:01');
insert into VISITS (R_routeID, S_stopID, arrivalTime, departTime) values (979777, 819327, '09:53:26', '09:54:20');
insert into VISITS (R_routeID, S_stopID, arrivalTime, departTime) values (984025, 639984, '13:52:30', '13:52:31');
insert into VISITS (R_routeID, S_stopID, arrivalTime, departTime) values (987367, 842743, '12:21:20', '12:24:16');
insert into VISITS (R_routeID, S_stopID, arrivalTime, departTime) values (987513, 871432, '21:48:42', '21:49:22');
insert into VISITS (R_routeID, S_stopID, arrivalTime, departTime) values (993829, 821756, '13:57:48', '13:59:11');
insert into VISITS (R_routeID, S_stopID, arrivalTime, departTime) values (101035, 899260, '16:08:59', '16:09:18');
insert into VISITS (R_routeID, S_stopID, arrivalTime, departTime) values (104928, 964054, '21:55:13', '21:57:03');
insert into VISITS (R_routeID, S_stopID, arrivalTime, departTime) values (108962, 376789, '05:25:50', '05:27:50');
insert into VISITS (R_routeID, S_stopID, arrivalTime, departTime) values (110156, 836056, '07:01:22', '07:02:46');
insert into VISITS (R_routeID, S_stopID, arrivalTime, departTime) values (110619, 321321, '14:01:19', '14:03:44');
insert into VISITS (R_routeID, S_stopID, arrivalTime, departTime) values (122611, 537158, '20:22:08', '20:24:04');
insert into VISITS (R_routeID, S_stopID, arrivalTime, departTime) values (130213, 376789, '20:56:21', '20:58:33');
insert into VISITS (R_routeID, S_stopID, arrivalTime, departTime) values (132275, 639984, '18:36:37', '18:37:12');
insert into VISITS (R_routeID, S_stopID, arrivalTime, departTime) values (132774, 793583, '15:00:35', '15:02:55');
insert into VISITS (R_routeID, S_stopID, arrivalTime, departTime) values (133436, 927995, '08:40:10', '08:40:53');
insert into VISITS (R_routeID, S_stopID, arrivalTime, departTime) values (146086, 385745, '14:27:49', '14:30:24');
insert into VISITS (R_routeID, S_stopID, arrivalTime, departTime) values (149741, 660831, '21:36:07', '21:36:29');
insert into VISITS (R_routeID, S_stopID, arrivalTime, departTime) values (156393, 488528, '10:27:32', '10:28:10');
insert into VISITS (R_routeID, S_stopID, arrivalTime, departTime) values (159357, 250741, '09:31:45', '09:33:43');
insert into VISITS (R_routeID, S_stopID, arrivalTime, departTime) values (167581, 946827, '19:59:16', '20:01:43');
insert into VISITS (R_routeID, S_stopID, arrivalTime, departTime) values (177236, 371764, '18:50:03', '18:52:34');
insert into VISITS (R_routeID, S_stopID, arrivalTime, departTime) values (179658, 107006, '18:43:58', '18:46:46');
insert into VISITS (R_routeID, S_stopID, arrivalTime, departTime) values (180058, 333463, '08:22:48', '08:23:50');
insert into VISITS (R_routeID, S_stopID, arrivalTime, departTime) values (188076, 948049, '16:08:29', '16:10:15');
insert into VISITS (R_routeID, S_stopID, arrivalTime, departTime) values (189630, 480440, '14:11:18', '14:11:40');
insert into VISITS (R_routeID, S_stopID, arrivalTime, departTime) values (192680, 313866, '13:17:01', '13:17:19');
insert into VISITS (R_routeID, S_stopID, arrivalTime, departTime) values (192685, 100002, '21:36:47', '21:39:05');
insert into VISITS (R_routeID, S_stopID, arrivalTime, departTime) values (195903, 649290, '15:56:37', '15:57:46');
insert into VISITS (R_routeID, S_stopID, arrivalTime, departTime) values (204419, 639374, '08:13:00', '08:14:13');
insert into VISITS (R_routeID, S_stopID, arrivalTime, departTime) values (208839, 465027, '13:58:35', '13:58:50');
insert into VISITS (R_routeID, S_stopID, arrivalTime, departTime) values (209428, 667941, '05:56:10', '05:59:05');
insert into VISITS (R_routeID, S_stopID, arrivalTime, departTime) values (210825, 845341, '14:04:58', '14:05:54');
insert into VISITS (R_routeID, S_stopID, arrivalTime, departTime) values (211007, 213271, '06:49:35', '06:51:14');
insert into VISITS (R_routeID, S_stopID, arrivalTime, departTime) values (213158, 608723, '17:39:29', '17:42:04');
insert into VISITS (R_routeID, S_stopID, arrivalTime, departTime) values (219658, 250111, '17:52:07', '17:55:05');
insert into VISITS (R_routeID, S_stopID, arrivalTime, departTime) values (224599, 793583, '21:03:45', '21:05:39');
insert into VISITS (R_routeID, S_stopID, arrivalTime, departTime) values (227774, 390671, '12:03:25', '12:05:41');
insert into VISITS (R_routeID, S_stopID, arrivalTime, departTime) values (230681, 371764, '08:41:54', '08:42:46');
insert into VISITS (R_routeID, S_stopID, arrivalTime, departTime) values (231937, 842743, '05:49:39', '05:52:03');
insert into VISITS (R_routeID, S_stopID, arrivalTime, departTime) values (234774, 648329, '13:43:52', '13:44:17');
insert into VISITS (R_routeID, S_stopID, arrivalTime, departTime) values (235053, 985106, '12:11:51', '12:14:02');
insert into VISITS (R_routeID, S_stopID, arrivalTime, departTime) values (235259, 743560, '20:51:56', '20:52:47');
insert into VISITS (R_routeID, S_stopID, arrivalTime, departTime) values (235888, 980270, '07:38:22', '07:40:25');
insert into VISITS (R_routeID, S_stopID, arrivalTime, departTime) values (241273, 368010, '14:04:06', '14:06:59');
insert into VISITS (R_routeID, S_stopID, arrivalTime, departTime) values (241369, 363997, '12:14:58', '12:16:23');
insert into VISITS (R_routeID, S_stopID, arrivalTime, departTime) values (245230, 622884, '18:38:34', '18:40:52');
insert into VISITS (R_routeID, S_stopID, arrivalTime, departTime) values (249489, 703584, '07:52:06', '07:52:17');
insert into VISITS (R_routeID, S_stopID, arrivalTime, departTime) values (251092, 911380, '17:10:07', '17:11:30');
insert into VISITS (R_routeID, S_stopID, arrivalTime, departTime) values (251570, 603960, '18:10:49', '18:10:59');
insert into VISITS (R_routeID, S_stopID, arrivalTime, departTime) values (252719, 899260, '05:03:21', '05:04:25');
insert into VISITS (R_routeID, S_stopID, arrivalTime, departTime) values (254555, 682658, '22:46:59', '22:47:12');
insert into VISITS (R_routeID, S_stopID, arrivalTime, departTime) values (256405, 793583, '21:32:31', '21:34:19');
insert into VISITS (R_routeID, S_stopID, arrivalTime, departTime) values (262146, 392523, '14:09:44', '14:10:56');
insert into VISITS (R_routeID, S_stopID, arrivalTime, departTime) values (263508, 123132, '16:24:49', '16:25:29');
insert into VISITS (R_routeID, S_stopID, arrivalTime, departTime) values (265680, 560658, '06:09:37', '06:12:15');
insert into VISITS (R_routeID, S_stopID, arrivalTime, departTime) values (266236, 561262, '18:28:21', '18:29:04');
insert into VISITS (R_routeID, S_stopID, arrivalTime, departTime) values (267907, 146848, '21:34:54', '21:37:22');
insert into VISITS (R_routeID, S_stopID, arrivalTime, departTime) values (275163, 652344, '12:56:41', '12:57:39');
insert into VISITS (R_routeID, S_stopID, arrivalTime, departTime) values (275330, 674942, '10:22:26', '10:22:37');
insert into VISITS (R_routeID, S_stopID, arrivalTime, departTime) values (290904, 295448, '14:27:18', '14:29:20');
insert into VISITS (R_routeID, S_stopID, arrivalTime, departTime) values (292792, 845341, '19:11:43', '19:14:08');
insert into VISITS (R_routeID, S_stopID, arrivalTime, departTime) values (294163, 835447, '17:23:11', '17:25:45');
insert into VISITS (R_routeID, S_stopID, arrivalTime, departTime) values (294977, 288657, '09:07:59', '09:08:48');
insert into VISITS (R_routeID, S_stopID, arrivalTime, departTime) values (298054, 611518, '09:02:29', '09:03:58');
insert into VISITS (R_routeID, S_stopID, arrivalTime, departTime) values (298476, 267548, '12:02:16', '12:02:23');
insert into VISITS (R_routeID, S_stopID, arrivalTime, departTime) values (298748, 179922, '11:40:24', '11:40:47');
insert into VISITS (R_routeID, S_stopID, arrivalTime, departTime) values (302323, 405407, '17:45:08', '17:45:20');
insert into VISITS (R_routeID, S_stopID, arrivalTime, departTime) values (309363, 807660, '21:16:12', '21:16:27');
insert into VISITS (R_routeID, S_stopID, arrivalTime, departTime) values (323214, 147597, '15:13:16', '15:14:35');
insert into VISITS (R_routeID, S_stopID, arrivalTime, departTime) values (323919, 847914, '18:49:40', '18:51:43');
insert into VISITS (R_routeID, S_stopID, arrivalTime, departTime) values (330812, 561262, '19:45:38', '19:48:21');
insert into VISITS (R_routeID, S_stopID, arrivalTime, departTime) values (335491, 259802, '22:19:12', '22:21:49');
insert into VISITS (R_routeID, S_stopID, arrivalTime, departTime) values (338646, 110322, '10:55:52', '10:56:14');
insert into VISITS (R_routeID, S_stopID, arrivalTime, departTime) values (342719, 707675, '09:31:13', '09:32:52');
insert into VISITS (R_routeID, S_stopID, arrivalTime, departTime) values (343836, 611518, '12:24:14', '12:25:15');
insert into VISITS (R_routeID, S_stopID, arrivalTime, departTime) values (352046, 250741, '21:24:09', '21:26:26');
insert into VISITS (R_routeID, S_stopID, arrivalTime, departTime) values (355884, 920652, '12:25:05', '12:26:22');
insert into VISITS (R_routeID, S_stopID, arrivalTime, departTime) values (357159, 866382, '21:15:27', '21:17:20');
insert into VISITS (R_routeID, S_stopID, arrivalTime, departTime) values (369737, 825441, '16:05:16', '16:06:49');
insert into VISITS (R_routeID, S_stopID, arrivalTime, departTime) values (370697, 946827, '08:44:35', '08:46:07');
insert into VISITS (R_routeID, S_stopID, arrivalTime, departTime) values (373416, 648329, '12:19:50', '12:20:29');
insert into VISITS (R_routeID, S_stopID, arrivalTime, departTime) values (379028, 489367, '16:06:07', '16:06:43');
insert into VISITS (R_routeID, S_stopID, arrivalTime, departTime) values (381852, 845341, '21:25:55', '21:28:16');
insert into VISITS (R_routeID, S_stopID, arrivalTime, departTime) values (383667, 149336, '04:30:57', '04:31:51');
insert into VISITS (R_routeID, S_stopID, arrivalTime, departTime) values (394165, 396978, '12:05:32', '12:07:43');
insert into VISITS (R_routeID, S_stopID, arrivalTime, departTime) values (396209, 259802, '13:37:31', '13:39:45');
insert into VISITS (R_routeID, S_stopID, arrivalTime, departTime) values (410086, 146717, '21:14:26', '21:15:44');
insert into VISITS (R_routeID, S_stopID, arrivalTime, departTime) values (410633, 296689, '20:12:22', '20:13:41');
insert into VISITS (R_routeID, S_stopID, arrivalTime, departTime) values (418918, 400945, '22:00:58', '22:01:33');
insert into VISITS (R_routeID, S_stopID, arrivalTime, departTime) values (421540, 674942, '18:54:11', '18:56:22');
insert into VISITS (R_routeID, S_stopID, arrivalTime, departTime) values (441180, 547463, '21:15:23', '21:17:11');
insert into VISITS (R_routeID, S_stopID, arrivalTime, departTime) values (447354, 522788, '19:55:08', '19:57:27');
insert into VISITS (R_routeID, S_stopID, arrivalTime, departTime) values (449891, 652344, '19:26:05', '19:28:47');
insert into VISITS (R_routeID, S_stopID, arrivalTime, departTime) values (451168, 107006, '05:18:00', '05:18:15');
insert into VISITS (R_routeID, S_stopID, arrivalTime, departTime) values (453830, 147597, '15:01:30', '15:02:23');
insert into VISITS (R_routeID, S_stopID, arrivalTime, departTime) values (455063, 683069, '10:43:09', '10:45:30');
insert into VISITS (R_routeID, S_stopID, arrivalTime, departTime) values (457296, 187306, '11:15:10', '11:16:26');
insert into VISITS (R_routeID, S_stopID, arrivalTime, departTime) values (458322, 110322, '22:43:25', '22:43:25');
insert into VISITS (R_routeID, S_stopID, arrivalTime, departTime) values (467691, 436697, '06:45:42', '06:48:30');
insert into VISITS (R_routeID, S_stopID, arrivalTime, departTime) values (469915, 562238, '21:58:51', '22:00:29');
insert into VISITS (R_routeID, S_stopID, arrivalTime, departTime) values (473410, 376789, '05:36:28', '05:38:28');
insert into VISITS (R_routeID, S_stopID, arrivalTime, departTime) values (477696, 452481, '10:38:57', '10:39:21');
insert into VISITS (R_routeID, S_stopID, arrivalTime, departTime) values (486348, 500336, '07:33:10', '07:33:56');
insert into VISITS (R_routeID, S_stopID, arrivalTime, departTime) values (486554, 376789, '04:54:06', '04:56:18');
insert into VISITS (R_routeID, S_stopID, arrivalTime, departTime) values (487657, 321321, '17:01:03', '17:03:22');
insert into VISITS (R_routeID, S_stopID, arrivalTime, departTime) values (487907, 383165, '20:13:24', '20:16:10');
insert into VISITS (R_routeID, S_stopID, arrivalTime, departTime) values (504565, 792078, '12:21:17', '12:23:24');
insert into VISITS (R_routeID, S_stopID, arrivalTime, departTime) values (506300, 450140, '19:48:29', '19:50:01');
insert into VISITS (R_routeID, S_stopID, arrivalTime, departTime) values (518090, 362011, '07:59:34', '08:00:45');
insert into VISITS (R_routeID, S_stopID, arrivalTime, departTime) values (521003, 836056, '05:31:36', '05:32:36');
insert into VISITS (R_routeID, S_stopID, arrivalTime, departTime) values (536984, 157994, '08:20:18', '08:21:00');
insert into VISITS (R_routeID, S_stopID, arrivalTime, departTime) values (542287, 405407, '16:15:37', '16:16:15');
insert into VISITS (R_routeID, S_stopID, arrivalTime, departTime) values (544019, 146717, '16:37:59', '16:38:38');
insert into VISITS (R_routeID, S_stopID, arrivalTime, departTime) values (544558, 537158, '17:36:25', '17:37:47');
insert into VISITS (R_routeID, S_stopID, arrivalTime, departTime) values (549780, 149336, '10:23:47', '10:26:31');
insert into VISITS (R_routeID, S_stopID, arrivalTime, departTime) values (553537, 745750, '07:20:12', '07:21:56');
insert into VISITS (R_routeID, S_stopID, arrivalTime, departTime) values (555928, 213271, '12:56:00', '12:58:29');
insert into VISITS (R_routeID, S_stopID, arrivalTime, departTime) values (561351, 611518, '22:54:47', '22:57:20');
insert into VISITS (R_routeID, S_stopID, arrivalTime, departTime) values (562315, 468966, '15:06:41', '15:07:30');
insert into VISITS (R_routeID, S_stopID, arrivalTime, departTime) values (564556, 123132, '15:57:28', '16:00:26');
insert into VISITS (R_routeID, S_stopID, arrivalTime, departTime) values (580300, 540299, '04:32:32', '04:33:51');
insert into VISITS (R_routeID, S_stopID, arrivalTime, departTime) values (583825, 400945, '17:44:41', '17:47:39');
insert into VISITS (R_routeID, S_stopID, arrivalTime, departTime) values (585345, 110322, '13:10:01', '13:10:45');
insert into VISITS (R_routeID, S_stopID, arrivalTime, departTime) values (595584, 899260, '14:26:20', '14:27:50');
insert into VISITS (R_routeID, S_stopID, arrivalTime, departTime) values (598969, 287378, '11:22:24', '11:23:58');
insert into VISITS (R_routeID, S_stopID, arrivalTime, departTime) values (600349, 946827, '16:14:24', '16:14:38');
insert into VISITS (R_routeID, S_stopID, arrivalTime, departTime) values (600771, 946827, '14:08:45', '14:10:32');
insert into VISITS (R_routeID, S_stopID, arrivalTime, departTime) values (603255, 177292, '19:10:24', '19:10:27');
insert into VISITS (R_routeID, S_stopID, arrivalTime, departTime) values (607670, 287378, '12:56:00', '12:56:19');
insert into VISITS (R_routeID, S_stopID, arrivalTime, departTime) values (611325, 655261, '15:41:59', '15:43:41');
insert into VISITS (R_routeID, S_stopID, arrivalTime, departTime) values (611400, 648329, '11:07:16', '11:07:57');
insert into VISITS (R_routeID, S_stopID, arrivalTime, departTime) values (615893, 608723, '22:03:54', '22:05:53');
insert into VISITS (R_routeID, S_stopID, arrivalTime, departTime) values (616372, 321321, '04:40:20', '04:42:01');
insert into VISITS (R_routeID, S_stopID, arrivalTime, departTime) values (621177, 561262, '20:31:18', '20:33:46');
insert into VISITS (R_routeID, S_stopID, arrivalTime, departTime) values (622644, 310125, '09:11:23', '09:13:28');
insert into VISITS (R_routeID, S_stopID, arrivalTime, departTime) values (623074, 250741, '17:03:03', '17:04:42');
insert into VISITS (R_routeID, S_stopID, arrivalTime, departTime) values (626372, 547463, '09:38:28', '09:39:00');
insert into VISITS (R_routeID, S_stopID, arrivalTime, departTime) values (630287, 319429, '13:02:50', '13:05:26');
insert into VISITS (R_routeID, S_stopID, arrivalTime, departTime) values (635742, 842743, '07:18:01', '07:18:56');
insert into VISITS (R_routeID, S_stopID, arrivalTime, departTime) values (645367, 920652, '20:26:39', '20:29:35');
insert into VISITS (R_routeID, S_stopID, arrivalTime, departTime) values (652793, 371764, '15:47:14', '15:48:29');
insert into VISITS (R_routeID, S_stopID, arrivalTime, departTime) values (656827, 562238, '05:05:04', '05:07:53');
insert into VISITS (R_routeID, S_stopID, arrivalTime, departTime) values (659991, 259802, '13:10:54', '13:13:23');
insert into VISITS (R_routeID, S_stopID, arrivalTime, departTime) values (662913, 842743, '16:41:49', '16:43:57');
insert into VISITS (R_routeID, S_stopID, arrivalTime, departTime) values (665830, 932899, '07:08:38', '07:11:30');
insert into VISITS (R_routeID, S_stopID, arrivalTime, departTime) values (675753, 707675, '15:27:04', '15:28:12');
insert into VISITS (R_routeID, S_stopID, arrivalTime, departTime) values (680520, 518896, '05:57:16', '05:59:23');
insert into VISITS (R_routeID, S_stopID, arrivalTime, departTime) values (684997, 100002, '22:59:47', '23:01:48');
insert into VISITS (R_routeID, S_stopID, arrivalTime, departTime) values (685055, 362119, '05:34:19', '05:35:32');
insert into VISITS (R_routeID, S_stopID, arrivalTime, departTime) values (686760, 310125, '13:34:41', '13:36:23');
insert into VISITS (R_routeID, S_stopID, arrivalTime, departTime) values (688908, 179922, '04:52:56', '04:54:11');
insert into VISITS (R_routeID, S_stopID, arrivalTime, departTime) values (690920, 321321, '12:24:35', '12:25:24');
insert into VISITS (R_routeID, S_stopID, arrivalTime, departTime) values (691825, 985106, '05:10:17', '05:11:43');
insert into VISITS (R_routeID, S_stopID, arrivalTime, departTime) values (695543, 660768, '14:53:50', '14:56:24');
insert into VISITS (R_routeID, S_stopID, arrivalTime, departTime) values (696047, 871432, '15:04:56', '15:05:01');
insert into VISITS (R_routeID, S_stopID, arrivalTime, departTime) values (704075, 611518, '11:40:41', '11:41:38');
insert into VISITS (R_routeID, S_stopID, arrivalTime, departTime) values (704896, 476907, '06:12:30', '06:15:20');
insert into VISITS (R_routeID, S_stopID, arrivalTime, departTime) values (707042, 123132, '05:02:44', '05:03:39');
insert into VISITS (R_routeID, S_stopID, arrivalTime, departTime) values (717100, 362011, '20:58:19', '20:59:48');
insert into VISITS (R_routeID, S_stopID, arrivalTime, departTime) values (726692, 946827, '19:54:23', '19:55:25');
insert into VISITS (R_routeID, S_stopID, arrivalTime, departTime) values (727690, 793583, '19:16:17', '19:18:41');
insert into VISITS (R_routeID, S_stopID, arrivalTime, departTime) values (728829, 911380, '18:13:46', '18:14:33');
insert into VISITS (R_routeID, S_stopID, arrivalTime, departTime) values (734697, 450140, '18:08:14', '18:10:31');
insert into VISITS (R_routeID, S_stopID, arrivalTime, departTime) values (738524, 363997, '10:10:08', '10:11:11');
insert into VISITS (R_routeID, S_stopID, arrivalTime, departTime) values (751480, 682658, '15:16:51', '15:17:04');
insert into VISITS (R_routeID, S_stopID, arrivalTime, departTime) values (751675, 436697, '14:47:36', '14:49:05');
insert into VISITS (R_routeID, S_stopID, arrivalTime, departTime) values (767468, 547463, '04:12:12', '04:13:40');
insert into VISITS (R_routeID, S_stopID, arrivalTime, departTime) values (769645, 368010, '10:27:30', '10:29:38');
insert into VISITS (R_routeID, S_stopID, arrivalTime, departTime) values (797620, 920652, '20:54:26', '20:56:59');
insert into VISITS (R_routeID, S_stopID, arrivalTime, departTime) values (809963, 157994, '15:36:05', '15:38:32');
insert into VISITS (R_routeID, S_stopID, arrivalTime, departTime) values (827006, 313866, '07:47:21', '07:48:54');
insert into VISITS (R_routeID, S_stopID, arrivalTime, departTime) values (830331, 830236, '07:38:05', '07:40:32');
insert into VISITS (R_routeID, S_stopID, arrivalTime, departTime) values (836720, 560658, '22:17:24', '22:18:07');
insert into VISITS (R_routeID, S_stopID, arrivalTime, departTime) values (849217, 835447, '14:11:08', '14:13:16');
insert into VISITS (R_routeID, S_stopID, arrivalTime, departTime) values (852690, 682658, '10:36:49', '10:39:02');
insert into VISITS (R_routeID, S_stopID, arrivalTime, departTime) values (855328, 980270, '13:47:45', '13:49:06');
insert into VISITS (R_routeID, S_stopID, arrivalTime, departTime) values (860895, 623907, '08:02:04', '08:03:24');
insert into VISITS (R_routeID, S_stopID, arrivalTime, departTime) values (862482, 465027, '20:23:11', '20:25:28');
insert into VISITS (R_routeID, S_stopID, arrivalTime, departTime) values (866799, 500336, '21:10:54', '21:13:46');
insert into VISITS (R_routeID, S_stopID, arrivalTime, departTime) values (867324, 450140, '11:29:41', '11:29:44');
insert into VISITS (R_routeID, S_stopID, arrivalTime, departTime) values (869782, 703584, '11:21:38', '11:23:18');
insert into VISITS (R_routeID, S_stopID, arrivalTime, departTime) values (872056, 538584, '06:47:29', '06:48:07');
insert into VISITS (R_routeID, S_stopID, arrivalTime, departTime) values (879479, 819327, '19:40:59', '19:41:25');
insert into VISITS (R_routeID, S_stopID, arrivalTime, departTime) values (879486, 511495, '10:36:27', '10:37:33');
insert into VISITS (R_routeID, S_stopID, arrivalTime, departTime) values (884370, 319429, '13:24:50', '13:26:49');
insert into VISITS (R_routeID, S_stopID, arrivalTime, departTime) values (886608, 187306, '21:05:03', '21:05:38');
insert into VISITS (R_routeID, S_stopID, arrivalTime, departTime) values (889724, 819327, '13:05:58', '13:06:24');
insert into VISITS (R_routeID, S_stopID, arrivalTime, departTime) values (911634, 110322, '15:52:44', '15:53:00');
insert into VISITS (R_routeID, S_stopID, arrivalTime, departTime) values (912460, 750970, '20:13:21', '20:15:21');
insert into VISITS (R_routeID, S_stopID, arrivalTime, departTime) values (918178, 660843, '13:54:27', '13:55:47');
insert into VISITS (R_routeID, S_stopID, arrivalTime, departTime) values (919610, 378657, '15:19:22', '15:20:17');
insert into VISITS (R_routeID, S_stopID, arrivalTime, departTime) values (922432, 538584, '19:20:28', '19:22:35');
insert into VISITS (R_routeID, S_stopID, arrivalTime, departTime) values (923882, 147597, '15:11:14', '15:13:14');
insert into VISITS (R_routeID, S_stopID, arrivalTime, departTime) values (927079, 489367, '15:41:23', '15:41:28');
insert into VISITS (R_routeID, S_stopID, arrivalTime, departTime) values (938866, 648329, '05:04:02', '05:06:06');
insert into VISITS (R_routeID, S_stopID, arrivalTime, departTime) values (940790, 871432, '09:25:45', '09:25:50');
insert into VISITS (R_routeID, S_stopID, arrivalTime, departTime) values (942709, 522788, '13:20:06', '13:21:08');
insert into VISITS (R_routeID, S_stopID, arrivalTime, departTime) values (952090, 110322, '09:53:26', '09:56:17');
insert into VISITS (R_routeID, S_stopID, arrivalTime, departTime) values (965874, 819327, '13:52:30', '13:53:35');
insert into VISITS (R_routeID, S_stopID, arrivalTime, departTime) values (979273, 866382, '12:21:20', '12:23:42');
insert into VISITS (R_routeID, S_stopID, arrivalTime, departTime) values (979777, 478174, '21:48:42', '21:50:11');
insert into VISITS (R_routeID, S_stopID, arrivalTime, departTime) values (984025, 250741, '13:57:48', '13:59:21');
insert into VISITS (R_routeID, S_stopID, arrivalTime, departTime) values (987367, 267548, '16:08:59', '16:11:09');
insert into VISITS (R_routeID, S_stopID, arrivalTime, departTime) values (987513, 932899, '21:55:13', '21:57:25');
insert into VISITS (R_routeID, S_stopID, arrivalTime, departTime) values (993829, 552459, '05:25:50', '05:26:17');
insert into VISITS (R_routeID, S_stopID, arrivalTime, departTime) values (101035, 326710, '07:01:22', '07:03:04');
insert into VISITS (R_routeID, S_stopID, arrivalTime, departTime) values (104928, 267548, '14:01:19', '14:01:58');
insert into VISITS (R_routeID, S_stopID, arrivalTime, departTime) values (108962, 866382, '20:22:08', '20:24:05');
insert into VISITS (R_routeID, S_stopID, arrivalTime, departTime) values (110156, 927995, '20:56:21', '20:58:09');
insert into VISITS (R_routeID, S_stopID, arrivalTime, departTime) values (110619, 295448, '18:36:37', '18:37:36');
insert into VISITS (R_routeID, S_stopID, arrivalTime, departTime) values (122611, 683069, '15:00:35', '15:02:12');
insert into VISITS (R_routeID, S_stopID, arrivalTime, departTime) values (130213, 296570, '08:40:10', '08:42:37');
insert into VISITS (R_routeID, S_stopID, arrivalTime, departTime) values (132275, 267548, '14:27:49', '14:30:43');
insert into VISITS (R_routeID, S_stopID, arrivalTime, departTime) values (132774, 845341, '21:36:07', '21:38:52');
insert into VISITS (R_routeID, S_stopID, arrivalTime, departTime) values (133436, 456171, '10:27:32', '10:29:54');
insert into VISITS (R_routeID, S_stopID, arrivalTime, departTime) values (146086, 400945, '09:31:45', '09:34:29');
insert into VISITS (R_routeID, S_stopID, arrivalTime, departTime) values (149741, 471078, '19:59:16', '19:59:50');
insert into VISITS (R_routeID, S_stopID, arrivalTime, departTime) values (156393, 518179, '18:50:03', '18:50:14');
insert into VISITS (R_routeID, S_stopID, arrivalTime, departTime) values (159357, 683069, '18:43:58', '18:46:39');
insert into VISITS (R_routeID, S_stopID, arrivalTime, departTime) values (167581, 123132, '08:22:48', '08:23:35');
insert into VISITS (R_routeID, S_stopID, arrivalTime, departTime) values (177236, 792078, '16:08:29', '16:10:22');
insert into VISITS (R_routeID, S_stopID, arrivalTime, departTime) values (179658, 609800, '14:11:18', '14:11:35');
insert into VISITS (R_routeID, S_stopID, arrivalTime, departTime) values (180058, 416369, '13:17:01', '13:19:03');
insert into VISITS (R_routeID, S_stopID, arrivalTime, departTime) values (188076, 310125, '21:36:47', '21:37:54');
insert into VISITS (R_routeID, S_stopID, arrivalTime, departTime) values (189630, 821756, '15:56:37', '15:57:34');
insert into VISITS (R_routeID, S_stopID, arrivalTime, departTime) values (192680, 985310, '08:13:00', '08:14:23');
insert into VISITS (R_routeID, S_stopID, arrivalTime, departTime) values (192685, 660831, '13:58:35', '14:01:34');
insert into VISITS (R_routeID, S_stopID, arrivalTime, departTime) values (195903, 471078, '05:56:10', '05:57:04');
insert into VISITS (R_routeID, S_stopID, arrivalTime, departTime) values (204419, 749260, '14:04:58', '14:05:45');
insert into VISITS (R_routeID, S_stopID, arrivalTime, departTime) values (208839, 655261, '06:49:35', '06:50:12');
insert into VISITS (R_routeID, S_stopID, arrivalTime, departTime) values (209428, 480440, '17:39:29', '17:40:20');
insert into VISITS (R_routeID, S_stopID, arrivalTime, departTime) values (210825, 179922, '17:52:07', '17:52:53');
insert into VISITS (R_routeID, S_stopID, arrivalTime, departTime) values (211007, 259802, '21:03:45', '21:06:26');
insert into VISITS (R_routeID, S_stopID, arrivalTime, departTime) values (213158, 980270, '12:03:25', '12:04:31');
insert into VISITS (R_routeID, S_stopID, arrivalTime, departTime) values (219658, 489367, '08:41:54', '08:43:02');
insert into VISITS (R_routeID, S_stopID, arrivalTime, departTime) values (224599, 611518, '05:49:39', '05:50:36');
insert into VISITS (R_routeID, S_stopID, arrivalTime, departTime) values (227774, 836056, '13:43:52', '13:45:37');
insert into VISITS (R_routeID, S_stopID, arrivalTime, departTime) values (230681, 333463, '12:11:51', '12:13:41');
insert into VISITS (R_routeID, S_stopID, arrivalTime, departTime) values (231937, 518896, '20:51:56', '20:54:36');
insert into VISITS (R_routeID, S_stopID, arrivalTime, departTime) values (234774, 146848, '07:38:22', '07:38:59');
insert into VISITS (R_routeID, S_stopID, arrivalTime, departTime) values (235053, 146848, '14:04:06', '14:04:11');
insert into VISITS (R_routeID, S_stopID, arrivalTime, departTime) values (235259, 707675, '12:14:58', '12:16:27');
insert into VISITS (R_routeID, S_stopID, arrivalTime, departTime) values (235888, 836056, '18:38:34', '18:38:57');
insert into VISITS (R_routeID, S_stopID, arrivalTime, departTime) values (241273, 456171, '07:52:06', '07:53:14');
insert into VISITS (R_routeID, S_stopID, arrivalTime, departTime) values (241369, 250111, '17:10:07', '17:11:16');
insert into VISITS (R_routeID, S_stopID, arrivalTime, departTime) values (245230, 347843, '18:10:49', '18:13:06');
insert into VISITS (R_routeID, S_stopID, arrivalTime, departTime) values (249489, 259802, '05:03:21', '05:05:08');
insert into VISITS (R_routeID, S_stopID, arrivalTime, departTime) values (251092, 157994, '22:46:59', '22:49:37');
insert into VISITS (R_routeID, S_stopID, arrivalTime, departTime) values (251570, 378657, '21:32:31', '21:34:52');
insert into VISITS (R_routeID, S_stopID, arrivalTime, departTime) values (252719, 250741, '14:09:44', '14:09:55');
insert into VISITS (R_routeID, S_stopID, arrivalTime, departTime) values (254555, 858671, '16:24:49', '16:27:38');
insert into VISITS (R_routeID, S_stopID, arrivalTime, departTime) values (256405, 288657, '06:09:37', '06:10:35');
insert into VISITS (R_routeID, S_stopID, arrivalTime, departTime) values (262146, 471078, '18:28:21', '18:30:26');
insert into VISITS (R_routeID, S_stopID, arrivalTime, departTime) values (263508, 347843, '21:34:54', '21:37:52');
insert into VISITS (R_routeID, S_stopID, arrivalTime, departTime) values (265680, 250436, '12:56:41', '12:57:27');
insert into VISITS (R_routeID, S_stopID, arrivalTime, departTime) values (266236, 390671, '10:22:26', '10:23:13');
insert into VISITS (R_routeID, S_stopID, arrivalTime, departTime) values (267907, 743560, '14:27:18', '14:27:40');
insert into VISITS (R_routeID, S_stopID, arrivalTime, departTime) values (275163, 660940, '19:11:43', '19:13:21');
insert into VISITS (R_routeID, S_stopID, arrivalTime, departTime) values (275330, 622884, '17:23:11', '17:24:17');
insert into VISITS (R_routeID, S_stopID, arrivalTime, departTime) values (290904, 258557, '09:07:59', '09:10:48');
insert into VISITS (R_routeID, S_stopID, arrivalTime, departTime) values (292792, 784914, '09:02:29', '09:04:06');
insert into VISITS (R_routeID, S_stopID, arrivalTime, departTime) values (294163, 552459, '12:02:16', '12:03:40');
insert into VISITS (R_routeID, S_stopID, arrivalTime, departTime) values (294977, 871432, '11:40:24', '11:43:07');
insert into VISITS (R_routeID, S_stopID, arrivalTime, departTime) values (298054, 100002, '17:45:08', '17:46:34');
insert into VISITS (R_routeID, S_stopID, arrivalTime, departTime) values (298476, 654789, '21:16:12', '21:17:44');
insert into VISITS (R_routeID, S_stopID, arrivalTime, departTime) values (298748, 847914, '15:13:16', '15:14:44');
insert into VISITS (R_routeID, S_stopID, arrivalTime, departTime) values (302323, 882851, '18:49:40', '18:52:25');
insert into VISITS (R_routeID, S_stopID, arrivalTime, departTime) values (309363, 100002, '19:45:38', '19:46:25');
insert into VISITS (R_routeID, S_stopID, arrivalTime, departTime) values (323214, 825441, '22:19:12', '22:21:22');
insert into VISITS (R_routeID, S_stopID, arrivalTime, departTime) values (323919, 347843, '10:55:52', '10:57:06');
insert into VISITS (R_routeID, S_stopID, arrivalTime, departTime) values (330812, 540299, '09:31:13', '09:32:46');
insert into VISITS (R_routeID, S_stopID, arrivalTime, departTime) values (335491, 793583, '12:24:14', '12:24:27');
insert into VISITS (R_routeID, S_stopID, arrivalTime, departTime) values (338646, 698894, '21:24:09', '21:26:48');
insert into VISITS (R_routeID, S_stopID, arrivalTime, departTime) values (342719, 363997, '12:25:05', '12:27:27');
insert into VISITS (R_routeID, S_stopID, arrivalTime, departTime) values (343836, 488528, '21:15:27', '21:17:53');
insert into VISITS (R_routeID, S_stopID, arrivalTime, departTime) values (352046, 416369, '16:05:16', '16:05:42');
insert into VISITS (R_routeID, S_stopID, arrivalTime, departTime) values (355884, 456171, '08:44:35', '08:46:49');
insert into VISITS (R_routeID, S_stopID, arrivalTime, departTime) values (357159, 561262, '12:19:50', '12:20:46');
insert into VISITS (R_routeID, S_stopID, arrivalTime, departTime) values (369737, 847914, '16:06:07', '16:08:12');
insert into VISITS (R_routeID, S_stopID, arrivalTime, departTime) values (373416, 623907, '04:30:57', '04:32:58');
insert into VISITS (R_routeID, S_stopID, arrivalTime, departTime) values (379028, 825441, '12:05:32', '12:06:14');
insert into VISITS (R_routeID, S_stopID, arrivalTime, departTime) values (381852, 147597, '13:37:31', '13:39:18');
insert into VISITS (R_routeID, S_stopID, arrivalTime, departTime) values (383667, 488528, '04:34:00', '04:36:39');
insert into VISITS (R_routeID, S_stopID, arrivalTime, departTime) values (394165, 511495, '21:14:26', '21:16:28');
insert into VISITS (R_routeID, S_stopID, arrivalTime, departTime) values (396209, 338207, '20:12:22', '20:13:54');
insert into VISITS (R_routeID, S_stopID, arrivalTime, departTime) values (408770, 639374, '22:00:58', '22:02:20');
insert into VISITS (R_routeID, S_stopID, arrivalTime, departTime) values (410086, 667941, '18:54:11', '18:55:03');
insert into VISITS (R_routeID, S_stopID, arrivalTime, departTime) values (410633, 603960, '21:15:23', '21:17:29');
insert into VISITS (R_routeID, S_stopID, arrivalTime, departTime) values (418918, 978944, '19:55:08', '19:55:32');
insert into VISITS (R_routeID, S_stopID, arrivalTime, departTime) values (421540, 157994, '19:26:05', '19:26:08');
insert into VISITS (R_routeID, S_stopID, arrivalTime, departTime) values (441180, 146717, '05:18:00', '05:19:47');
insert into VISITS (R_routeID, S_stopID, arrivalTime, departTime) values (447354, 654789, '15:01:30', '15:03:46');
insert into VISITS (R_routeID, S_stopID, arrivalTime, departTime) values (449891, 667941, '10:43:09', '10:44:55');
insert into VISITS (R_routeID, S_stopID, arrivalTime, departTime) values (451168, 985106, '11:15:10', '11:16:22');
insert into VISITS (R_routeID, S_stopID, arrivalTime, departTime) values (453830, 682658, '22:43:25', '22:45:33');
insert into VISITS (R_routeID, S_stopID, arrivalTime, departTime) values (455063, 465027, '06:45:42', '06:47:31');
insert into VISITS (R_routeID, S_stopID, arrivalTime, departTime) values (457296, 819327, '21:58:51', '21:59:56');
insert into VISITS (R_routeID, S_stopID, arrivalTime, departTime) values (458322, 792078, '05:36:28', '05:36:45');
insert into VISITS (R_routeID, S_stopID, arrivalTime, departTime) values (467691, 620668, '10:38:57', '10:40:36');
insert into VISITS (R_routeID, S_stopID, arrivalTime, departTime) values (469915, 250741, '07:33:10', '07:33:40');
insert into VISITS (R_routeID, S_stopID, arrivalTime, departTime) values (473410, 608723, '04:54:06', '04:55:32');
insert into VISITS (R_routeID, S_stopID, arrivalTime, departTime) values (477696, 858671, '17:01:03', '17:01:57');
insert into VISITS (R_routeID, S_stopID, arrivalTime, departTime) values (486348, 319429, '20:13:24', '20:15:31');
insert into VISITS (R_routeID, S_stopID, arrivalTime, departTime) values (486554, 296689, '12:21:17', '12:23:51');
insert into VISITS (R_routeID, S_stopID, arrivalTime, departTime) values (487657, 603960, '19:48:29', '19:49:43');
insert into VISITS (R_routeID, S_stopID, arrivalTime, departTime) values (487907, 400945, '07:59:34', '08:02:01');
insert into VISITS (R_routeID, S_stopID, arrivalTime, departTime) values (504565, 500336, '05:31:36', '05:34:26');
insert into VISITS (R_routeID, S_stopID, arrivalTime, departTime) values (506300, 258557, '21:43:57', '21:44:36');
insert into VISITS (R_routeID, S_stopID, arrivalTime, departTime) values (518090, 823165, '08:20:18', '08:20:56');
insert into VISITS (R_routeID, S_stopID, arrivalTime, departTime) values (521003, 749260, '16:15:37', '16:18:21');
insert into VISITS (R_routeID, S_stopID, arrivalTime, departTime) values (521690, 267548, '16:37:59', '16:38:15');
insert into VISITS (R_routeID, S_stopID, arrivalTime, departTime) values (542287, 213271, '10:23:47', '10:26:40');
insert into VISITS (R_routeID, S_stopID, arrivalTime, departTime) values (544019, 310125, '07:20:12', '07:22:17');
insert into VISITS (R_routeID, S_stopID, arrivalTime, departTime) values (544558, 378657, '12:56:00', '12:58:43');
insert into VISITS (R_routeID, S_stopID, arrivalTime, departTime) values (549780, 259802, '22:54:47', '22:55:44');
insert into VISITS (R_routeID, S_stopID, arrivalTime, departTime) values (553537, 540299, '15:06:41', '15:07:08');
insert into VISITS (R_routeID, S_stopID, arrivalTime, departTime) values (555928, 980270, '15:57:28', '15:57:45');
insert into VISITS (R_routeID, S_stopID, arrivalTime, departTime) values (561351, 792078, '04:32:32', '04:33:11');
insert into VISITS (R_routeID, S_stopID, arrivalTime, departTime) values (562315, 149336, '17:44:41', '17:45:08');
insert into VISITS (R_routeID, S_stopID, arrivalTime, departTime) values (564556, 150783, '13:10:01', '13:11:08');
insert into VISITS (R_routeID, S_stopID, arrivalTime, departTime) values (580300, 179922, '14:26:20', '14:27:14');
insert into VISITS (R_routeID, S_stopID, arrivalTime, departTime) values (583825, 450140, '11:22:24', '11:23:05');
insert into VISITS (R_routeID, S_stopID, arrivalTime, departTime) values (585345, 146717, '16:14:24', '16:16:34');
insert into VISITS (R_routeID, S_stopID, arrivalTime, departTime) values (595584, 705846, '14:08:45', '14:09:14');
insert into VISITS (R_routeID, S_stopID, arrivalTime, departTime) values (598969, 518896, '19:10:24', '19:10:24');
insert into VISITS (R_routeID, S_stopID, arrivalTime, departTime) values (600349, 390671, '12:56:00', '12:57:13');
insert into VISITS (R_routeID, S_stopID, arrivalTime, departTime) values (600771, 378657, '15:41:59', '15:43:21');
insert into VISITS (R_routeID, S_stopID, arrivalTime, departTime) values (603255, 258557, '11:07:16', '11:08:33');
insert into VISITS (R_routeID, S_stopID, arrivalTime, departTime) values (607670, 368010, '22:03:54', '22:05:18');
insert into VISITS (R_routeID, S_stopID, arrivalTime, departTime) values (611325, 819327, '04:40:20', '04:42:55');
insert into VISITS (R_routeID, S_stopID, arrivalTime, departTime) values (611400, 416369, '20:31:18', '20:32:06');
insert into VISITS (R_routeID, S_stopID, arrivalTime, departTime) values (615893, 807660, '09:11:23', '09:12:44');
insert into VISITS (R_routeID, S_stopID, arrivalTime, departTime) values (616372, 452481, '17:03:03', '17:05:56');
insert into VISITS (R_routeID, S_stopID, arrivalTime, departTime) values (621177, 250111, '09:38:28', '09:41:09');
insert into VISITS (R_routeID, S_stopID, arrivalTime, departTime) values (622644, 558279, '13:02:50', '13:03:10');
insert into VISITS (R_routeID, S_stopID, arrivalTime, departTime) values (626372, 288657, '20:26:39', '20:27:20');
insert into VISITS (R_routeID, S_stopID, arrivalTime, departTime) values (630287, 296570, '15:47:14', '15:49:00');
insert into VISITS (R_routeID, S_stopID, arrivalTime, departTime) values (645367, 319540, '13:10:54', '13:10:58');
insert into VISITS (R_routeID, S_stopID, arrivalTime, departTime) values (652793, 561262, '16:41:49', '16:42:02');
insert into VISITS (R_routeID, S_stopID, arrivalTime, departTime) values (656827, 100002, '07:08:38', '07:09:18');
insert into VISITS (R_routeID, S_stopID, arrivalTime, departTime) values (659991, 250111, '15:27:04', '15:27:05');
insert into VISITS (R_routeID, S_stopID, arrivalTime, departTime) values (662913, 295448, '05:57:16', '05:59:07');
insert into VISITS (R_routeID, S_stopID, arrivalTime, departTime) values (665830, 750970, '22:59:47', '22:59:53');
insert into VISITS (R_routeID, S_stopID, arrivalTime, departTime) values (675753, 100002, '05:34:19', '05:35:18');
insert into VISITS (R_routeID, S_stopID, arrivalTime, departTime) values (680520, 703584, '13:34:41', '13:37:23');
insert into VISITS (R_routeID, S_stopID, arrivalTime, departTime) values (684997, 927995, '04:52:56', '04:54:01');
insert into VISITS (R_routeID, S_stopID, arrivalTime, departTime) values (685055, 750970, '12:24:35', '12:25:24');
insert into VISITS (R_routeID, S_stopID, arrivalTime, departTime) values (688908, 778969, '14:53:50', '14:54:40');
insert into VISITS (R_routeID, S_stopID, arrivalTime, departTime) values (690920, 157031, '15:04:56', '15:05:28');
insert into VISITS (R_routeID, S_stopID, arrivalTime, departTime) values (691825, 547463, '11:40:41', '11:41:56');
insert into VISITS (R_routeID, S_stopID, arrivalTime, departTime) values (695543, 537158, '06:12:30', '06:14:06');
insert into VISITS (R_routeID, S_stopID, arrivalTime, departTime) values (696047, 187306, '05:02:44', '05:04:41');
insert into VISITS (R_routeID, S_stopID, arrivalTime, departTime) values (704075, 455857, '20:58:19', '21:00:07');
insert into VISITS (R_routeID, S_stopID, arrivalTime, departTime) values (704896, 784914, '19:54:23', '19:55:50');
insert into VISITS (R_routeID, S_stopID, arrivalTime, departTime) values (707042, 456171, '19:16:17', '19:17:20');
insert into VISITS (R_routeID, S_stopID, arrivalTime, departTime) values (717100, 362086, '18:13:46', '18:14:16');
insert into VISITS (R_routeID, S_stopID, arrivalTime, departTime) values (726692, 622884, '04:49:18', '04:50:48');
insert into VISITS (R_routeID, S_stopID, arrivalTime, departTime) values (727690, 347843, '18:08:14', '18:10:50');
insert into VISITS (R_routeID, S_stopID, arrivalTime, departTime) values (728829, 540299, '10:10:08', '10:12:40');
insert into VISITS (R_routeID, S_stopID, arrivalTime, departTime) values (730777, 518179, '15:16:51', '15:17:31');
insert into VISITS (R_routeID, S_stopID, arrivalTime, departTime) values (734697, 920652, '14:47:36', '14:49:04');
insert into VISITS (R_routeID, S_stopID, arrivalTime, departTime) values (738524, 392523, '04:12:12', '04:14:50');
insert into VISITS (R_routeID, S_stopID, arrivalTime, departTime) values (751480, 699767, '10:27:30', '10:29:34');
insert into VISITS (R_routeID, S_stopID, arrivalTime, departTime) values (751675, 655261, '20:54:26', '20:55:59');
insert into VISITS (R_routeID, S_stopID, arrivalTime, departTime) values (767468, 608723, '15:36:05', '15:38:13');
insert into VISITS (R_routeID, S_stopID, arrivalTime, departTime) values (769645, 639374, '07:47:21', '07:49:19');
insert into VISITS (R_routeID, S_stopID, arrivalTime, departTime) values (797620, 157031, '07:38:05', '07:39:02');
insert into VISITS (R_routeID, S_stopID, arrivalTime, departTime) values (809963, 705846, '22:17:24', '22:18:24');
insert into VISITS (R_routeID, S_stopID, arrivalTime, departTime) values (827006, 310125, '14:11:08', '14:11:38');
insert into VISITS (R_routeID, S_stopID, arrivalTime, departTime) values (830331, 981505, '10:36:49', '10:39:45');
insert into VISITS (R_routeID, S_stopID, arrivalTime, departTime) values (836720, 177292, '13:47:45', '13:50:22');
insert into VISITS (R_routeID, S_stopID, arrivalTime, departTime) values (849217, 825441, '08:02:04', '08:03:32');
insert into VISITS (R_routeID, S_stopID, arrivalTime, departTime) values (852690, 310125, '20:23:11', '20:25:33');
insert into VISITS (R_routeID, S_stopID, arrivalTime, departTime) values (855328, 347843, '21:10:54', '21:12:35');
insert into VISITS (R_routeID, S_stopID, arrivalTime, departTime) values (860895, 471078, '11:29:41', '11:31:20');
insert into VISITS (R_routeID, S_stopID, arrivalTime, departTime) values (866799, 745750, '06:47:29', '06:48:50');
insert into VISITS (R_routeID, S_stopID, arrivalTime, departTime) values (867324, 871432, '19:40:59', '19:43:23');
insert into VISITS (R_routeID, S_stopID, arrivalTime, departTime) values (869782, 622884, '10:36:27', '10:37:01');
insert into VISITS (R_routeID, S_stopID, arrivalTime, departTime) values (872056, 250111, '13:24:50', '13:27:05');
insert into VISITS (R_routeID, S_stopID, arrivalTime, departTime) values (879479, 259802, '21:05:03', '21:06:38');
insert into VISITS (R_routeID, S_stopID, arrivalTime, departTime) values (884370, 368010, '15:52:44', '15:53:47');
insert into VISITS (R_routeID, S_stopID, arrivalTime, departTime) values (886608, 338207, '20:13:21', '20:14:10');
insert into VISITS (R_routeID, S_stopID, arrivalTime, departTime) values (889724, 920652, '13:54:27', '13:54:39');
insert into VISITS (R_routeID, S_stopID, arrivalTime, departTime) values (911634, 847914, '15:19:22', '15:20:33');
insert into VISITS (R_routeID, S_stopID, arrivalTime, departTime) values (912460, 110322, '19:20:28', '19:22:47');
insert into VISITS (R_routeID, S_stopID, arrivalTime, departTime) values (918178, 845341, '15:11:14', '15:13:08');

DELETE FROM SCHEDULED;
insert into SCHEDULED (R_routeID, B_busID, timeStart, timeEnd) values (101035, 64178, '10:15:00', '10:20:47');
insert into SCHEDULED (R_routeID, B_busID, timeStart, timeEnd) values (104928, 74917, '21:42:37', '15:03:02');
insert into SCHEDULED (R_routeID, B_busID, timeStart, timeEnd) values (108962, 66829, '17:17:25', '16:57:48');
insert into SCHEDULED (R_routeID, B_busID, timeStart, timeEnd) values (110156, 92141, '18:04:04', '4:33:15');
insert into SCHEDULED (R_routeID, B_busID, timeStart, timeEnd) values (110619, 12128, '5:44:17', '19:34:33');
insert into SCHEDULED (R_routeID, B_busID, timeStart, timeEnd) values (122611, 55287, '11:23:48', '12:39:41');
insert into SCHEDULED (R_routeID, B_busID, timeStart, timeEnd) values (130213, 23943, '14:30:42', '17:32:25');
insert into SCHEDULED (R_routeID, B_busID, timeStart, timeEnd) values (132275, 23511, '19:32:40', '12:57:30');
insert into SCHEDULED (R_routeID, B_busID, timeStart, timeEnd) values (132774, 69637, '4:03:43', '16:43:36');
insert into SCHEDULED (R_routeID, B_busID, timeStart, timeEnd) values (133436, 29568, '9:49:58', '12:57:38');
insert into SCHEDULED (R_routeID, B_busID, timeStart, timeEnd) values (146086, 32410, '12:09:15', '10:06:24');
insert into SCHEDULED (R_routeID, B_busID, timeStart, timeEnd) values (149741, 78696, '6:13:11', '14:40:19');
insert into SCHEDULED (R_routeID, B_busID, timeStart, timeEnd) values (156393, 64183, '15:01:07', '9:24:35');
insert into SCHEDULED (R_routeID, B_busID, timeStart, timeEnd) values (159357, 43799, '11:58:39', '8:22:20');
insert into SCHEDULED (R_routeID, B_busID, timeStart, timeEnd) values (167581, 98678, '7:59:31', '20:09:57');
insert into SCHEDULED (R_routeID, B_busID, timeStart, timeEnd) values (177236, 11111, '9:14:27', '20:28:42');
insert into SCHEDULED (R_routeID, B_busID, timeStart, timeEnd) values (179658, 79508, '20:55:53', '14:21:18');
insert into SCHEDULED (R_routeID, B_busID, timeStart, timeEnd) values (180058, 63145, '9:20:23', '10:33:57');
insert into SCHEDULED (R_routeID, B_busID, timeStart, timeEnd) values (188076, 79883, '21:14:42', '14:56:32');
insert into SCHEDULED (R_routeID, B_busID, timeStart, timeEnd) values (189630, 73518, '7:37:31', '17:59:14');
insert into SCHEDULED (R_routeID, B_busID, timeStart, timeEnd) values (192680, 32410, '17:03:43', '22:00:03');
insert into SCHEDULED (R_routeID, B_busID, timeStart, timeEnd) values (192685, 32594, '5:54:45', '5:18:30');
insert into SCHEDULED (R_routeID, B_busID, timeStart, timeEnd) values (195903, 42536, '22:55:02', '6:04:23');
insert into SCHEDULED (R_routeID, B_busID, timeStart, timeEnd) values (204419, 54469, '20:06:25', '6:14:42');
insert into SCHEDULED (R_routeID, B_busID, timeStart, timeEnd) values (208839, 84953, '11:43:03', '10:19:26');
insert into SCHEDULED (R_routeID, B_busID, timeStart, timeEnd) values (209428, 21273, '4:16:42', '18:46:35');
insert into SCHEDULED (R_routeID, B_busID, timeStart, timeEnd) values (210825, 29283, '7:43:32', '8:42:28');
insert into SCHEDULED (R_routeID, B_busID, timeStart, timeEnd) values (211007, 26937, '19:08:42', '15:28:40');
insert into SCHEDULED (R_routeID, B_busID, timeStart, timeEnd) values (213158, 68226, '21:15:20', '11:10:56');
insert into SCHEDULED (R_routeID, B_busID, timeStart, timeEnd) values (219658, 71257, '20:30:15', '22:04:31');
insert into SCHEDULED (R_routeID, B_busID, timeStart, timeEnd) values (224599, 99713, '8:22:00', '11:37:29');
insert into SCHEDULED (R_routeID, B_busID, timeStart, timeEnd) values (227774, 94831, '5:10:31', '7:15:49');
insert into SCHEDULED (R_routeID, B_busID, timeStart, timeEnd) values (230681, 31133, '21:43:57', '21:16:27');
insert into SCHEDULED (R_routeID, B_busID, timeStart, timeEnd) values (231937, 29283, '11:57:57', '21:00:07');
insert into SCHEDULED (R_routeID, B_busID, timeStart, timeEnd) values (234774, 68684, '11:31:26', '10:33:18');
insert into SCHEDULED (R_routeID, B_busID, timeStart, timeEnd) values (235053, 82911, '15:02:41', '11:21:02');
insert into SCHEDULED (R_routeID, B_busID, timeStart, timeEnd) values (235259, 47859, '15:07:30', '22:46:46');
insert into SCHEDULED (R_routeID, B_busID, timeStart, timeEnd) values (235888, 65453, '18:35:31', '15:45:39');
insert into SCHEDULED (R_routeID, B_busID, timeStart, timeEnd) values (241273, 17217, '11:30:14', '4:48:38');
insert into SCHEDULED (R_routeID, B_busID, timeStart, timeEnd) values (241369, 97845, '19:21:40', '12:10:56');
insert into SCHEDULED (R_routeID, B_busID, timeStart, timeEnd) values (245230, 13458, '13:26:09', '10:39:05');
insert into SCHEDULED (R_routeID, B_busID, timeStart, timeEnd) values (249489, 30948, '10:33:20', '6:08:48');
insert into SCHEDULED (R_routeID, B_busID, timeStart, timeEnd) values (251092, 29283, '15:28:47', '5:11:38');
insert into SCHEDULED (R_routeID, B_busID, timeStart, timeEnd) values (252719, 23257, '6:40:20', '8:50:03');
insert into SCHEDULED (R_routeID, B_busID, timeStart, timeEnd) values (254555, 80205, '4:34:37', '7:14:11');
insert into SCHEDULED (R_routeID, B_busID, timeStart, timeEnd) values (256405, 76647, '11:39:05', '5:28:05');
insert into SCHEDULED (R_routeID, B_busID, timeStart, timeEnd) values (262146, 98678, '12:16:51', '21:16:19');
insert into SCHEDULED (R_routeID, B_busID, timeStart, timeEnd) values (263508, 79883, '14:25:19', '17:58:28');
insert into SCHEDULED (R_routeID, B_busID, timeStart, timeEnd) values (265680, 49069, '8:43:25', '5:05:18');
insert into SCHEDULED (R_routeID, B_busID, timeStart, timeEnd) values (266236, 54494, '11:41:10', '13:00:25');
insert into SCHEDULED (R_routeID, B_busID, timeStart, timeEnd) values (267907, 72750, '8:07:14', '7:10:44');
insert into SCHEDULED (R_routeID, B_busID, timeStart, timeEnd) values (275163, 74917, '8:32:36', '12:32:04');
insert into SCHEDULED (R_routeID, B_busID, timeStart, timeEnd) values (275330, 42652, '7:17:07', '18:36:36');
insert into SCHEDULED (R_routeID, B_busID, timeStart, timeEnd) values (290904, 92170, '7:19:55', '11:36:51');
insert into SCHEDULED (R_routeID, B_busID, timeStart, timeEnd) values (292792, 79883, '8:57:30', '18:47:54');
insert into SCHEDULED (R_routeID, B_busID, timeStart, timeEnd) values (294163, 37772, '14:35:07', '13:46:20');
insert into SCHEDULED (R_routeID, B_busID, timeStart, timeEnd) values (294977, 97141, '12:15:47', '15:39:49');
insert into SCHEDULED (R_routeID, B_busID, timeStart, timeEnd) values (298054, 58681, '17:10:12', '13:57:45');
insert into SCHEDULED (R_routeID, B_busID, timeStart, timeEnd) values (298476, 86131, '12:05:06', '19:04:23');
insert into SCHEDULED (R_routeID, B_busID, timeStart, timeEnd) values (298748, 51660, '11:33:18', '6:29:42');
insert into SCHEDULED (R_routeID, B_busID, timeStart, timeEnd) values (302323, 99713, '18:09:29', '15:19:14');
insert into SCHEDULED (R_routeID, B_busID, timeStart, timeEnd) values (309363, 80205, '6:43:33', '14:39:05');
insert into SCHEDULED (R_routeID, B_busID, timeStart, timeEnd) values (323214, 78474, '7:47:43', '9:45:51');
insert into SCHEDULED (R_routeID, B_busID, timeStart, timeEnd) values (323919, 24819, '16:34:28', '7:10:11');
insert into SCHEDULED (R_routeID, B_busID, timeStart, timeEnd) values (330812, 37772, '9:14:34', '13:34:28');
insert into SCHEDULED (R_routeID, B_busID, timeStart, timeEnd) values (335491, 24159, '21:26:43', '4:10:42');
insert into SCHEDULED (R_routeID, B_busID, timeStart, timeEnd) values (338646, 20868, '7:55:33', '13:23:34');
insert into SCHEDULED (R_routeID, B_busID, timeStart, timeEnd) values (342719, 60576, '10:31:46', '8:45:26');
insert into SCHEDULED (R_routeID, B_busID, timeStart, timeEnd) values (343836, 19658, '14:57:24', '13:31:15');
insert into SCHEDULED (R_routeID, B_busID, timeStart, timeEnd) values (352046, 82062, '11:17:38', '16:22:35');
insert into SCHEDULED (R_routeID, B_busID, timeStart, timeEnd) values (355884, 50521, '20:35:03', '20:03:28');
insert into SCHEDULED (R_routeID, B_busID, timeStart, timeEnd) values (357159, 26840, '6:48:37', '14:58:35');
insert into SCHEDULED (R_routeID, B_busID, timeStart, timeEnd) values (369737, 80205, '14:26:57', '15:52:49');
insert into SCHEDULED (R_routeID, B_busID, timeStart, timeEnd) values (370697, 22555, '19:26:53', '6:24:30');
insert into SCHEDULED (R_routeID, B_busID, timeStart, timeEnd) values (373416, 43799, '14:17:32', '21:11:40');
insert into SCHEDULED (R_routeID, B_busID, timeStart, timeEnd) values (379028, 92141, '12:50:01', '8:23:16');
insert into SCHEDULED (R_routeID, B_busID, timeStart, timeEnd) values (381852, 92170, '7:24:55', '12:41:06');
insert into SCHEDULED (R_routeID, B_busID, timeStart, timeEnd) values (383667, 43799, '17:05:41', '7:53:19');
insert into SCHEDULED (R_routeID, B_busID, timeStart, timeEnd) values (394165, 29961, '5:30:56', '10:08:22');
insert into SCHEDULED (R_routeID, B_busID, timeStart, timeEnd) values (396209, 75277, '16:19:47', '4:03:39');
insert into SCHEDULED (R_routeID, B_busID, timeStart, timeEnd) values (408770, 54730, '21:33:55', '4:31:14');
insert into SCHEDULED (R_routeID, B_busID, timeStart, timeEnd) values (410086, 30588, '13:05:15', '6:20:25');
insert into SCHEDULED (R_routeID, B_busID, timeStart, timeEnd) values (410633, 22222, '13:07:36', '22:03:00');
insert into SCHEDULED (R_routeID, B_busID, timeStart, timeEnd) values (418918, 30948, '9:12:25', '6:33:18');
insert into SCHEDULED (R_routeID, B_busID, timeStart, timeEnd) values (421540, 79883, '12:55:17', '4:47:42');
insert into SCHEDULED (R_routeID, B_busID, timeStart, timeEnd) values (441180, 82062, '12:54:05', '5:24:23');
insert into SCHEDULED (R_routeID, B_busID, timeStart, timeEnd) values (447354, 55287, '18:45:16', '7:23:17');
insert into SCHEDULED (R_routeID, B_busID, timeStart, timeEnd) values (449891, 53506, '14:13:56', '17:49:57');
insert into SCHEDULED (R_routeID, B_busID, timeStart, timeEnd) values (451168, 55593, '14:06:43', '6:40:49');
insert into SCHEDULED (R_routeID, B_busID, timeStart, timeEnd) values (453830, 29447, '5:46:34', '21:09:18');
insert into SCHEDULED (R_routeID, B_busID, timeStart, timeEnd) values (455063, 23511, '4:39:23', '15:24:21');
insert into SCHEDULED (R_routeID, B_busID, timeStart, timeEnd) values (457296, 99713, '16:51:17', '11:52:46');
insert into SCHEDULED (R_routeID, B_busID, timeStart, timeEnd) values (458322, 61642, '9:43:44', '8:33:29');
insert into SCHEDULED (R_routeID, B_busID, timeStart, timeEnd) values (467691, 85690, '6:06:40', '18:33:36');
insert into SCHEDULED (R_routeID, B_busID, timeStart, timeEnd) values (469915, 42536, '20:16:08', '16:39:22');
insert into SCHEDULED (R_routeID, B_busID, timeStart, timeEnd) values (473410, 69890, '22:51:55', '16:07:01');
insert into SCHEDULED (R_routeID, B_busID, timeStart, timeEnd) values (477696, 86505, '18:08:28', '10:54:20');
insert into SCHEDULED (R_routeID, B_busID, timeStart, timeEnd) values (486348, 72329, '9:50:38', '12:22:01');
insert into SCHEDULED (R_routeID, B_busID, timeStart, timeEnd) values (486554, 73671, '6:45:59', '6:29:27');
insert into SCHEDULED (R_routeID, B_busID, timeStart, timeEnd) values (487657, 97845, '4:32:49', '6:41:37');
insert into SCHEDULED (R_routeID, B_busID, timeStart, timeEnd) values (487907, 73363, '15:19:54', '5:41:24');
insert into SCHEDULED (R_routeID, B_busID, timeStart, timeEnd) values (504565, 69637, '10:36:10', '9:24:47');
insert into SCHEDULED (R_routeID, B_busID, timeStart, timeEnd) values (506300, 82062, '17:22:42', '20:48:11');
insert into SCHEDULED (R_routeID, B_busID, timeStart, timeEnd) values (518090, 23257, '10:18:47', '16:22:29');
insert into SCHEDULED (R_routeID, B_busID, timeStart, timeEnd) values (521003, 98009, '19:41:41', '20:14:24');
insert into SCHEDULED (R_routeID, B_busID, timeStart, timeEnd) values (521690, 12835, '19:23:43', '7:04:55');
insert into SCHEDULED (R_routeID, B_busID, timeStart, timeEnd) values (536984, 92141, '10:48:59', '5:39:38');
insert into SCHEDULED (R_routeID, B_busID, timeStart, timeEnd) values (542287, 47859, '15:06:12', '9:41:59');
insert into SCHEDULED (R_routeID, B_busID, timeStart, timeEnd) values (544019, 12128, '18:32:25', '11:12:52');
insert into SCHEDULED (R_routeID, B_busID, timeStart, timeEnd) values (544558, 35197, '18:55:50', '19:26:37');
insert into SCHEDULED (R_routeID, B_busID, timeStart, timeEnd) values (549780, 64178, '15:57:00', '18:52:46');
insert into SCHEDULED (R_routeID, B_busID, timeStart, timeEnd) values (553537, 72341, '10:59:13', '8:16:49');
insert into SCHEDULED (R_routeID, B_busID, timeStart, timeEnd) values (555928, 98608, '7:34:23', '21:01:59');
insert into SCHEDULED (R_routeID, B_busID, timeStart, timeEnd) values (561351, 69637, '10:37:17', '11:16:54');
insert into SCHEDULED (R_routeID, B_busID, timeStart, timeEnd) values (562315, 96806, '5:34:50', '15:18:24');
insert into SCHEDULED (R_routeID, B_busID, timeStart, timeEnd) values (564556, 67829, '15:46:32', '15:36:53');
insert into SCHEDULED (R_routeID, B_busID, timeStart, timeEnd) values (580300, 32410, '6:00:29', '4:38:44');
insert into SCHEDULED (R_routeID, B_busID, timeStart, timeEnd) values (583825, 97845, '11:10:37', '10:17:30');
insert into SCHEDULED (R_routeID, B_busID, timeStart, timeEnd) values (585345, 64501, '20:44:19', '8:07:46');
insert into SCHEDULED (R_routeID, B_busID, timeStart, timeEnd) values (595584, 80205, '14:59:50', '6:12:15');
insert into SCHEDULED (R_routeID, B_busID, timeStart, timeEnd) values (598969, 83086, '16:58:12', '17:58:19');
insert into SCHEDULED (R_routeID, B_busID, timeStart, timeEnd) values (600349, 74372, '9:50:27', '22:44:17');
insert into SCHEDULED (R_routeID, B_busID, timeStart, timeEnd) values (600771, 71257, '13:07:36', '6:59:22');
insert into SCHEDULED (R_routeID, B_busID, timeStart, timeEnd) values (603255, 73462, '20:58:29', '18:55:45');
insert into SCHEDULED (R_routeID, B_busID, timeStart, timeEnd) values (607670, 55593, '13:08:03', '5:21:36');
insert into SCHEDULED (R_routeID, B_busID, timeStart, timeEnd) values (611325, 84953, '6:15:44', '21:47:00');
insert into SCHEDULED (R_routeID, B_busID, timeStart, timeEnd) values (611400, 79906, '21:45:17', '15:49:13');
insert into SCHEDULED (R_routeID, B_busID, timeStart, timeEnd) values (615893, 39836, '4:39:44', '15:08:33');
insert into SCHEDULED (R_routeID, B_busID, timeStart, timeEnd) values (616372, 65453, '10:41:26', '5:25:14');
insert into SCHEDULED (R_routeID, B_busID, timeStart, timeEnd) values (621177, 47859, '16:49:07', '16:22:43');
insert into SCHEDULED (R_routeID, B_busID, timeStart, timeEnd) values (622644, 96929, '18:50:23', '8:13:07');
insert into SCHEDULED (R_routeID, B_busID, timeStart, timeEnd) values (623074, 22167, '7:34:51', '17:27:44');
insert into SCHEDULED (R_routeID, B_busID, timeStart, timeEnd) values (626372, 64501, '20:45:20', '12:43:37');
insert into SCHEDULED (R_routeID, B_busID, timeStart, timeEnd) values (630287, 98009, '14:38:47', '5:07:41');
insert into SCHEDULED (R_routeID, B_busID, timeStart, timeEnd) values (635742, 73462, '4:07:10', '4:03:24');
insert into SCHEDULED (R_routeID, B_busID, timeStart, timeEnd) values (645367, 69890, '7:33:49', '16:34:47');
insert into SCHEDULED (R_routeID, B_busID, timeStart, timeEnd) values (652793, 82062, '12:51:58', '14:42:53');
insert into SCHEDULED (R_routeID, B_busID, timeStart, timeEnd) values (656827, 99822, '7:49:33', '17:05:31');
insert into SCHEDULED (R_routeID, B_busID, timeStart, timeEnd) values (659991, 30588, '21:49:07', '7:28:25');
insert into SCHEDULED (R_routeID, B_busID, timeStart, timeEnd) values (662913, 74917, '22:07:49', '17:07:47');
insert into SCHEDULED (R_routeID, B_busID, timeStart, timeEnd) values (665830, 42652, '8:51:27', '19:09:29');
insert into SCHEDULED (R_routeID, B_busID, timeStart, timeEnd) values (675753, 75277, '6:22:07', '5:05:04');
insert into SCHEDULED (R_routeID, B_busID, timeStart, timeEnd) values (680520, 71257, '22:35:45', '18:32:18');
insert into SCHEDULED (R_routeID, B_busID, timeStart, timeEnd) values (684997, 28529, '5:02:43', '17:51:17');
insert into SCHEDULED (R_routeID, B_busID, timeStart, timeEnd) values (685055, 18206, '7:07:48', '13:14:25');
insert into SCHEDULED (R_routeID, B_busID, timeStart, timeEnd) values (686760, 66514, '16:23:50', '11:24:35');
insert into SCHEDULED (R_routeID, B_busID, timeStart, timeEnd) values (688908, 31133, '11:43:55', '6:28:12');
insert into SCHEDULED (R_routeID, B_busID, timeStart, timeEnd) values (690920, 49650, '19:34:03', '9:00:53');
insert into SCHEDULED (R_routeID, B_busID, timeStart, timeEnd) values (691825, 12128, '13:32:30', '8:24:07');
insert into SCHEDULED (R_routeID, B_busID, timeStart, timeEnd) values (695543, 11111, '22:10:08', '17:57:11');
insert into SCHEDULED (R_routeID, B_busID, timeStart, timeEnd) values (696047, 22222, '14:51:06', '13:44:15');
insert into SCHEDULED (R_routeID, B_busID, timeStart, timeEnd) values (704075, 69637, '16:09:51', '13:56:36');
insert into SCHEDULED (R_routeID, B_busID, timeStart, timeEnd) values (704896, 17217, '17:26:37', '11:22:23');
insert into SCHEDULED (R_routeID, B_busID, timeStart, timeEnd) values (707042, 14327, '13:31:28', '18:42:22');
insert into SCHEDULED (R_routeID, B_busID, timeStart, timeEnd) values (717100, 54469, '9:14:22', '9:53:40');
insert into SCHEDULED (R_routeID, B_busID, timeStart, timeEnd) values (726692, 43206, '19:08:40', '13:10:34');
insert into SCHEDULED (R_routeID, B_busID, timeStart, timeEnd) values (727690, 99713, '7:52:48', '7:16:38');
insert into SCHEDULED (R_routeID, B_busID, timeStart, timeEnd) values (728829, 49650, '9:51:45', '13:54:43');
insert into SCHEDULED (R_routeID, B_busID, timeStart, timeEnd) values (730777, 59881, '21:59:12', '11:14:06');
insert into SCHEDULED (R_routeID, B_busID, timeStart, timeEnd) values (734697, 38302, '5:27:47', '11:54:03');
insert into SCHEDULED (R_routeID, B_busID, timeStart, timeEnd) values (738524, 22222, '7:19:42', '10:58:05');
insert into SCHEDULED (R_routeID, B_busID, timeStart, timeEnd) values (751480, 47859, '18:53:01', '11:34:17');
insert into SCHEDULED (R_routeID, B_busID, timeStart, timeEnd) values (751675, 14130, '10:03:58', '16:12:29');
insert into SCHEDULED (R_routeID, B_busID, timeStart, timeEnd) values (767468, 56403, '9:28:25', '18:42:47');
insert into SCHEDULED (R_routeID, B_busID, timeStart, timeEnd) values (769645, 32594, '12:03:53', '7:18:40');
insert into SCHEDULED (R_routeID, B_busID, timeStart, timeEnd) values (797620, 62553, '7:01:39', '8:41:40');
insert into SCHEDULED (R_routeID, B_busID, timeStart, timeEnd) values (809963, 60721, '13:48:00', '9:11:22');
insert into SCHEDULED (R_routeID, B_busID, timeStart, timeEnd) values (827006, 19658, '9:23:40', '19:14:00');
insert into SCHEDULED (R_routeID, B_busID, timeStart, timeEnd) values (830331, 12835, '16:53:55', '13:43:47');
insert into SCHEDULED (R_routeID, B_busID, timeStart, timeEnd) values (836720, 21273, '8:52:39', '10:42:37');
insert into SCHEDULED (R_routeID, B_busID, timeStart, timeEnd) values (849217, 42652, '8:12:18', '17:57:22');
insert into SCHEDULED (R_routeID, B_busID, timeStart, timeEnd) values (852690, 12128, '11:03:11', '15:19:21');
insert into SCHEDULED (R_routeID, B_busID, timeStart, timeEnd) values (855328, 55593, '18:17:13', '12:45:57');
insert into SCHEDULED (R_routeID, B_busID, timeStart, timeEnd) values (860895, 98009, '12:58:13', '5:43:55');
insert into SCHEDULED (R_routeID, B_busID, timeStart, timeEnd) values (862482, 44679, '14:44:45', '12:52:53');
insert into SCHEDULED (R_routeID, B_busID, timeStart, timeEnd) values (866799, 47859, '6:36:14', '15:03:30');
insert into SCHEDULED (R_routeID, B_busID, timeStart, timeEnd) values (867324, 99822, '7:48:54', '11:56:09');
insert into SCHEDULED (R_routeID, B_busID, timeStart, timeEnd) values (869782, 78696, '22:52:25', '22:59:31');
insert into SCHEDULED (R_routeID, B_busID, timeStart, timeEnd) values (872056, 98009, '9:05:35', '5:48:25');
insert into SCHEDULED (R_routeID, B_busID, timeStart, timeEnd) values (879479, 21273, '11:23:57', '10:44:55');
insert into SCHEDULED (R_routeID, B_busID, timeStart, timeEnd) values (879486, 49069, '20:22:23', '6:20:54');
insert into SCHEDULED (R_routeID, B_busID, timeStart, timeEnd) values (884370, 24159, '14:07:48', '8:53:29');
insert into SCHEDULED (R_routeID, B_busID, timeStart, timeEnd) values (886608, 37772, '6:14:01', '14:51:48');
insert into SCHEDULED (R_routeID, B_busID, timeStart, timeEnd) values (889724, 23943, '10:19:44', '8:45:43');
insert into SCHEDULED (R_routeID, B_busID, timeStart, timeEnd) values (911634, 38302, '20:38:46', '15:12:08');
insert into SCHEDULED (R_routeID, B_busID, timeStart, timeEnd) values (912460, 33824, '16:32:38', '13:32:26');
insert into SCHEDULED (R_routeID, B_busID, timeStart, timeEnd) values (918178, 78696, '16:54:29', '12:42:05');
insert into SCHEDULED (R_routeID, B_busID, timeStart, timeEnd) values (919610, 60721, '9:14:58', '11:41:16');
insert into SCHEDULED (R_routeID, B_busID, timeStart, timeEnd) values (922432, 26840, '19:45:32', '22:30:12');
insert into SCHEDULED (R_routeID, B_busID, timeStart, timeEnd) values (923882, 25466, '7:56:18', '18:04:11');
insert into SCHEDULED (R_routeID, B_busID, timeStart, timeEnd) values (927079, 98678, '18:46:03', '12:37:18');
insert into SCHEDULED (R_routeID, B_busID, timeStart, timeEnd) values (938866, 37772, '13:37:28', '15:13:51');
insert into SCHEDULED (R_routeID, B_busID, timeStart, timeEnd) values (940790, 65453, '17:33:14', '5:47:13');
insert into SCHEDULED (R_routeID, B_busID, timeStart, timeEnd) values (942709, 76647, '7:39:53', '12:03:25');
insert into SCHEDULED (R_routeID, B_busID, timeStart, timeEnd) values (952090, 75277, '14:39:27', '9:42:17');
insert into SCHEDULED (R_routeID, B_busID, timeStart, timeEnd) values (965874, 23257, '22:05:32', '20:43:20');
insert into SCHEDULED (R_routeID, B_busID, timeStart, timeEnd) values (979273, 45891, '14:36:25', '18:28:57');
insert into SCHEDULED (R_routeID, B_busID, timeStart, timeEnd) values (979777, 73462, '15:42:36', '11:44:03');
insert into SCHEDULED (R_routeID, B_busID, timeStart, timeEnd) values (984025, 69637, '20:35:24', '13:54:44');
insert into SCHEDULED (R_routeID, B_busID, timeStart, timeEnd) values (987367, 37772, '12:55:38', '13:21:16');
insert into SCHEDULED (R_routeID, B_busID, timeStart, timeEnd) values (987513, 79906, '19:50:33', '5:26:48');
insert into SCHEDULED (R_routeID, B_busID, timeStart, timeEnd) values (993829, 45028, '16:45:14', '6:03:08');
insert into SCHEDULED (R_routeID, B_busID, timeStart, timeEnd) values (101035, 65433, '9:29:37', '15:59:53');
insert into SCHEDULED (R_routeID, B_busID, timeStart, timeEnd) values (104928, 15399, '5:08:30', '15:27:20');
insert into SCHEDULED (R_routeID, B_busID, timeStart, timeEnd) values (108962, 54469, '18:39:14', '10:39:58');
insert into SCHEDULED (R_routeID, B_busID, timeStart, timeEnd) values (110156, 37772, '16:53:15', '13:07:56');
insert into SCHEDULED (R_routeID, B_busID, timeStart, timeEnd) values (110619, 86505, '18:04:39', '20:36:16');
insert into SCHEDULED (R_routeID, B_busID, timeStart, timeEnd) values (122611, 55593, '10:10:34', '19:25:52');
insert into SCHEDULED (R_routeID, B_busID, timeStart, timeEnd) values (130213, 82062, '8:13:02', '14:24:40');
insert into SCHEDULED (R_routeID, B_busID, timeStart, timeEnd) values (132275, 85690, '19:18:37', '8:22:00');
insert into SCHEDULED (R_routeID, B_busID, timeStart, timeEnd) values (132774, 43799, '22:08:16', '16:05:31');
insert into SCHEDULED (R_routeID, B_busID, timeStart, timeEnd) values (133436, 76647, '10:08:01', '5:12:47');
insert into SCHEDULED (R_routeID, B_busID, timeStart, timeEnd) values (146086, 58681, '20:49:39', '18:56:59');
insert into SCHEDULED (R_routeID, B_busID, timeStart, timeEnd) values (149741, 54469, '21:04:13', '10:23:49');
insert into SCHEDULED (R_routeID, B_busID, timeStart, timeEnd) values (156393, 60057, '20:49:34', '16:43:04');
insert into SCHEDULED (R_routeID, B_busID, timeStart, timeEnd) values (159357, 64501, '12:06:21', '16:54:32');
insert into SCHEDULED (R_routeID, B_busID, timeStart, timeEnd) values (167581, 73363, '4:43:07', '6:30:05');
insert into SCHEDULED (R_routeID, B_busID, timeStart, timeEnd) values (177236, 22222, '6:29:39', '17:02:04');
insert into SCHEDULED (R_routeID, B_busID, timeStart, timeEnd) values (179658, 24819, '4:41:05', '12:21:16');
insert into SCHEDULED (R_routeID, B_busID, timeStart, timeEnd) values (180058, 21808, '10:39:41', '4:05:27');
insert into SCHEDULED (R_routeID, B_busID, timeStart, timeEnd) values (188076, 97845, '13:18:24', '15:38:25');
insert into SCHEDULED (R_routeID, B_busID, timeStart, timeEnd) values (189630, 79906, '10:20:13', '4:31:16');
insert into SCHEDULED (R_routeID, B_busID, timeStart, timeEnd) values (192680, 92170, '10:47:28', '20:40:20');
insert into SCHEDULED (R_routeID, B_busID, timeStart, timeEnd) values (192685, 17217, '14:36:44', '16:07:08');
insert into SCHEDULED (R_routeID, B_busID, timeStart, timeEnd) values (195903, 12835, '19:31:38', '7:29:11');
insert into SCHEDULED (R_routeID, B_busID, timeStart, timeEnd) values (204419, 23943, '11:37:56', '19:50:30');
insert into SCHEDULED (R_routeID, B_busID, timeStart, timeEnd) values (208839, 97141, '21:39:24', '9:04:51');
insert into SCHEDULED (R_routeID, B_busID, timeStart, timeEnd) values (209428, 79883, '21:32:43', '17:39:27');
insert into SCHEDULED (R_routeID, B_busID, timeStart, timeEnd) values (210825, 32594, '4:04:27', '5:45:44');
insert into SCHEDULED (R_routeID, B_busID, timeStart, timeEnd) values (211007, 24517, '19:06:55', '16:51:00');
insert into SCHEDULED (R_routeID, B_busID, timeStart, timeEnd) values (213158, 84953, '5:40:34', '11:33:37');
insert into SCHEDULED (R_routeID, B_busID, timeStart, timeEnd) values (219658, 96929, '21:48:08', '8:58:43');
insert into SCHEDULED (R_routeID, B_busID, timeStart, timeEnd) values (224599, 98678, '15:55:44', '5:33:22');
insert into SCHEDULED (R_routeID, B_busID, timeStart, timeEnd) values (227774, 38302, '5:36:14', '20:46:25');
insert into SCHEDULED (R_routeID, B_busID, timeStart, timeEnd) values (230681, 18766, '12:28:32', '4:59:32');
insert into SCHEDULED (R_routeID, B_busID, timeStart, timeEnd) values (231937, 10488, '15:18:06', '14:31:11');
insert into SCHEDULED (R_routeID, B_busID, timeStart, timeEnd) values (234774, 67901, '13:28:51', '6:18:56');
insert into SCHEDULED (R_routeID, B_busID, timeStart, timeEnd) values (235053, 68761, '5:08:04', '7:59:42');
insert into SCHEDULED (R_routeID, B_busID, timeStart, timeEnd) values (235259, 24517, '7:12:31', '7:36:42');
insert into SCHEDULED (R_routeID, B_busID, timeStart, timeEnd) values (235888, 18912, '20:47:31', '22:04:58');
insert into SCHEDULED (R_routeID, B_busID, timeStart, timeEnd) values (241273, 55287, '8:13:34', '4:51:40');
insert into SCHEDULED (R_routeID, B_busID, timeStart, timeEnd) values (241369, 33824, '14:02:03', '17:05:35');
insert into SCHEDULED (R_routeID, B_busID, timeStart, timeEnd) values (245230, 45891, '14:58:42', '19:48:09');
insert into SCHEDULED (R_routeID, B_busID, timeStart, timeEnd) values (249489, 33824, '17:59:31', '14:30:14');
insert into SCHEDULED (R_routeID, B_busID, timeStart, timeEnd) values (251092, 62553, '6:37:44', '15:59:40');
insert into SCHEDULED (R_routeID, B_busID, timeStart, timeEnd) values (251570, 42652, '16:28:19', '15:17:30');
insert into SCHEDULED (R_routeID, B_busID, timeStart, timeEnd) values (252719, 82911, '9:06:36', '5:54:31');
insert into SCHEDULED (R_routeID, B_busID, timeStart, timeEnd) values (254555, 79906, '18:53:41', '15:02:25');
insert into SCHEDULED (R_routeID, B_busID, timeStart, timeEnd) values (256405, 52028, '21:17:13', '22:53:26');
insert into SCHEDULED (R_routeID, B_busID, timeStart, timeEnd) values (262146, 54494, '10:42:34', '15:10:17');
insert into SCHEDULED (R_routeID, B_busID, timeStart, timeEnd) values (263508, 12835, '4:18:56', '20:18:22');
insert into SCHEDULED (R_routeID, B_busID, timeStart, timeEnd) values (265680, 29447, '13:59:17', '13:27:59');
insert into SCHEDULED (R_routeID, B_busID, timeStart, timeEnd) values (266236, 17217, '4:16:25', '14:18:18');
insert into SCHEDULED (R_routeID, B_busID, timeStart, timeEnd) values (267907, 20868, '9:23:22', '21:44:35');
insert into SCHEDULED (R_routeID, B_busID, timeStart, timeEnd) values (275163, 90635, '16:44:51', '22:31:54');
insert into SCHEDULED (R_routeID, B_busID, timeStart, timeEnd) values (275330, 12835, '5:41:15', '11:16:56');
insert into SCHEDULED (R_routeID, B_busID, timeStart, timeEnd) values (290904, 35197, '8:08:05', '4:36:55');
insert into SCHEDULED (R_routeID, B_busID, timeStart, timeEnd) values (292792, 98414, '22:35:20', '8:19:21');
insert into SCHEDULED (R_routeID, B_busID, timeStart, timeEnd) values (294163, 86131, '17:38:35', '17:32:52');
insert into SCHEDULED (R_routeID, B_busID, timeStart, timeEnd) values (294977, 73671, '6:50:56', '11:52:50');
insert into SCHEDULED (R_routeID, B_busID, timeStart, timeEnd) values (298054, 42652, '22:33:59', '21:27:38');
insert into SCHEDULED (R_routeID, B_busID, timeStart, timeEnd) values (298476, 12128, '10:16:25', '19:18:01');
insert into SCHEDULED (R_routeID, B_busID, timeStart, timeEnd) values (298748, 65453, '11:35:35', '9:15:21');
insert into SCHEDULED (R_routeID, B_busID, timeStart, timeEnd) values (302323, 72341, '17:30:31', '7:09:06');
insert into SCHEDULED (R_routeID, B_busID, timeStart, timeEnd) values (309363, 88790, '11:17:16', '19:58:47');
insert into SCHEDULED (R_routeID, B_busID, timeStart, timeEnd) values (323214, 49069, '4:10:54', '22:21:08');
insert into SCHEDULED (R_routeID, B_busID, timeStart, timeEnd) values (323919, 38302, '22:04:17', '19:53:23');
insert into SCHEDULED (R_routeID, B_busID, timeStart, timeEnd) values (330812, 63145, '16:30:46', '17:17:31');
insert into SCHEDULED (R_routeID, B_busID, timeStart, timeEnd) values (335491, 64501, '7:29:02', '14:39:42');
insert into SCHEDULED (R_routeID, B_busID, timeStart, timeEnd) values (338646, 72192, '13:01:34', '21:10:04');
insert into SCHEDULED (R_routeID, B_busID, timeStart, timeEnd) values (342719, 53108, '6:37:23', '5:34:00');
insert into SCHEDULED (R_routeID, B_busID, timeStart, timeEnd) values (343836, 73671, '4:03:58', '6:57:13');
insert into SCHEDULED (R_routeID, B_busID, timeStart, timeEnd) values (352046, 56403, '6:14:55', '6:31:14');
insert into SCHEDULED (R_routeID, B_busID, timeStart, timeEnd) values (355884, 56403, '4:24:57', '5:01:52');
insert into SCHEDULED (R_routeID, B_busID, timeStart, timeEnd) values (357159, 45028, '15:22:29', '10:05:32');
insert into SCHEDULED (R_routeID, B_busID, timeStart, timeEnd) values (369737, 66514, '8:39:04', '12:03:40');
insert into SCHEDULED (R_routeID, B_busID, timeStart, timeEnd) values (370697, 74215, '11:04:54', '15:47:47');
insert into SCHEDULED (R_routeID, B_busID, timeStart, timeEnd) values (373416, 98009, '16:30:55', '4:34:39');
insert into SCHEDULED (R_routeID, B_busID, timeStart, timeEnd) values (379028, 29283, '20:30:12', '17:27:46');
insert into SCHEDULED (R_routeID, B_busID, timeStart, timeEnd) values (381852, 66829, '7:29:22', '7:48:31');
insert into SCHEDULED (R_routeID, B_busID, timeStart, timeEnd) values (383667, 73462, '14:17:28', '4:30:40');
insert into SCHEDULED (R_routeID, B_busID, timeStart, timeEnd) values (394165, 49069, '22:41:01', '6:13:54');
insert into SCHEDULED (R_routeID, B_busID, timeStart, timeEnd) values (396209, 92170, '7:23:15', '12:52:42');
insert into SCHEDULED (R_routeID, B_busID, timeStart, timeEnd) values (408770, 79883, '16:18:07', '22:28:54');
insert into SCHEDULED (R_routeID, B_busID, timeStart, timeEnd) values (410086, 37772, '22:44:18', '14:01:38');
insert into SCHEDULED (R_routeID, B_busID, timeStart, timeEnd) values (410633, 66514, '12:31:11', '6:44:47');
insert into SCHEDULED (R_routeID, B_busID, timeStart, timeEnd) values (418918, 17682, '9:47:12', '19:53:35');
insert into SCHEDULED (R_routeID, B_busID, timeStart, timeEnd) values (421540, 22222, '22:29:29', '7:07:12');
insert into SCHEDULED (R_routeID, B_busID, timeStart, timeEnd) values (441180, 52838, '11:35:21', '9:55:37');
insert into SCHEDULED (R_routeID, B_busID, timeStart, timeEnd) values (447354, 49069, '21:11:45', '13:51:09');
insert into SCHEDULED (R_routeID, B_busID, timeStart, timeEnd) values (449891, 24517, '21:47:33', '21:14:29');
insert into SCHEDULED (R_routeID, B_busID, timeStart, timeEnd) values (451168, 72750, '21:45:24', '15:51:31');
insert into SCHEDULED (R_routeID, B_busID, timeStart, timeEnd) values (453830, 99822, '7:39:29', '22:34:41');
insert into SCHEDULED (R_routeID, B_busID, timeStart, timeEnd) values (455063, 43206, '7:09:55', '17:42:13');
insert into SCHEDULED (R_routeID, B_busID, timeStart, timeEnd) values (457296, 45891, '9:53:07', '12:38:51');
insert into SCHEDULED (R_routeID, B_busID, timeStart, timeEnd) values (458322, 74372, '17:53:07', '7:16:13');
insert into SCHEDULED (R_routeID, B_busID, timeStart, timeEnd) values (467691, 39836, '7:50:53', '10:18:09');
insert into SCHEDULED (R_routeID, B_busID, timeStart, timeEnd) values (469915, 86616, '4:25:45', '15:13:54');
insert into SCHEDULED (R_routeID, B_busID, timeStart, timeEnd) values (473410, 56403, '22:45:16', '11:31:31');
insert into SCHEDULED (R_routeID, B_busID, timeStart, timeEnd) values (477696, 21273, '6:57:41', '14:49:13');
insert into SCHEDULED (R_routeID, B_busID, timeStart, timeEnd) values (486348, 43799, '14:54:59', '21:16:43');
insert into SCHEDULED (R_routeID, B_busID, timeStart, timeEnd) values (486554, 65433, '10:36:43', '7:12:03');
insert into SCHEDULED (R_routeID, B_busID, timeStart, timeEnd) values (487657, 29568, '16:17:31', '21:13:10');
insert into SCHEDULED (R_routeID, B_busID, timeStart, timeEnd) values (487907, 85843, '19:34:23', '7:05:27');
insert into SCHEDULED (R_routeID, B_busID, timeStart, timeEnd) values (504565, 44679, '8:28:54', '18:41:11');
insert into SCHEDULED (R_routeID, B_busID, timeStart, timeEnd) values (506300, 51660, '18:23:32', '22:11:35');
insert into SCHEDULED (R_routeID, B_busID, timeStart, timeEnd) values (518090, 57153, '10:55:38', '20:26:24');
insert into SCHEDULED (R_routeID, B_busID, timeStart, timeEnd) values (521003, 53506, '21:39:36', '4:50:49');
insert into SCHEDULED (R_routeID, B_busID, timeStart, timeEnd) values (521690, 17217, '12:02:16', '18:18:49');
insert into SCHEDULED (R_routeID, B_busID, timeStart, timeEnd) values (536984, 22167, '20:31:23', '8:24:47');
insert into SCHEDULED (R_routeID, B_busID, timeStart, timeEnd) values (542287, 13458, '14:25:12', '21:35:54');
insert into SCHEDULED (R_routeID, B_busID, timeStart, timeEnd) values (544019, 21273, '9:55:09', '5:50:53');
insert into SCHEDULED (R_routeID, B_busID, timeStart, timeEnd) values (544558, 18912, '10:18:52', '19:11:05');
insert into SCHEDULED (R_routeID, B_busID, timeStart, timeEnd) values (549780, 42652, '19:53:13', '21:11:30');
insert into SCHEDULED (R_routeID, B_busID, timeStart, timeEnd) values (553537, 17682, '8:45:16', '19:12:46');
insert into SCHEDULED (R_routeID, B_busID, timeStart, timeEnd) values (555928, 82911, '18:43:02', '17:01:19');
insert into SCHEDULED (R_routeID, B_busID, timeStart, timeEnd) values (561351, 46123, '5:05:55', '21:40:08');
insert into SCHEDULED (R_routeID, B_busID, timeStart, timeEnd) values (562315, 29961, '20:48:15', '19:22:58');
insert into SCHEDULED (R_routeID, B_busID, timeStart, timeEnd) values (564556, 44679, '12:09:31', '20:50:51');
insert into SCHEDULED (R_routeID, B_busID, timeStart, timeEnd) values (580300, 60721, '9:10:42', '16:13:59');
insert into SCHEDULED (R_routeID, B_busID, timeStart, timeEnd) values (583825, 73518, '9:51:14', '13:33:09');
insert into SCHEDULED (R_routeID, B_busID, timeStart, timeEnd) values (585345, 86616, '20:41:14', '20:35:32');
insert into SCHEDULED (R_routeID, B_busID, timeStart, timeEnd) values (595584, 49069, '14:57:16', '5:55:16');
insert into SCHEDULED (R_routeID, B_busID, timeStart, timeEnd) values (598969, 24819, '12:44:09', '4:33:25');
insert into SCHEDULED (R_routeID, B_busID, timeStart, timeEnd) values (600349, 12128, '6:35:38', '20:28:28');
insert into SCHEDULED (R_routeID, B_busID, timeStart, timeEnd) values (600771, 39836, '7:45:48', '12:40:53');
insert into SCHEDULED (R_routeID, B_busID, timeStart, timeEnd) values (603255, 56403, '17:43:11', '7:20:28');
insert into SCHEDULED (R_routeID, B_busID, timeStart, timeEnd) values (607670, 18206, '12:55:07', '18:32:31');
insert into SCHEDULED (R_routeID, B_busID, timeStart, timeEnd) values (611325, 23257, '19:53:57', '7:44:18');
insert into SCHEDULED (R_routeID, B_busID, timeStart, timeEnd) values (611400, 65433, '19:59:35', '20:35:52');
insert into SCHEDULED (R_routeID, B_busID, timeStart, timeEnd) values (615893, 45028, '20:29:25', '19:50:32');
insert into SCHEDULED (R_routeID, B_busID, timeStart, timeEnd) values (616372, 98414, '21:00:59', '15:25:11');
insert into SCHEDULED (R_routeID, B_busID, timeStart, timeEnd) values (622644, 22222, '19:07:28', '13:13:53');
insert into SCHEDULED (R_routeID, B_busID, timeStart, timeEnd) values (623074, 67829, '10:26:56', '11:20:37');
insert into SCHEDULED (R_routeID, B_busID, timeStart, timeEnd) values (626372, 65453, '12:20:22', '13:10:27');
insert into SCHEDULED (R_routeID, B_busID, timeStart, timeEnd) values (630287, 12678, '4:11:03', '8:25:33');
insert into SCHEDULED (R_routeID, B_busID, timeStart, timeEnd) values (635742, 66514, '8:37:50', '5:01:32');
insert into SCHEDULED (R_routeID, B_busID, timeStart, timeEnd) values (645367, 12835, '10:00:06', '15:02:16');
insert into SCHEDULED (R_routeID, B_busID, timeStart, timeEnd) values (652793, 45891, '19:56:05', '7:09:29');
insert into SCHEDULED (R_routeID, B_busID, timeStart, timeEnd) values (656827, 72750, '15:18:43', '15:20:14');
insert into SCHEDULED (R_routeID, B_busID, timeStart, timeEnd) values (659991, 22222, '17:06:22', '5:23:18');
insert into SCHEDULED (R_routeID, B_busID, timeStart, timeEnd) values (662913, 19658, '21:06:51', '15:43:45');
insert into SCHEDULED (R_routeID, B_busID, timeStart, timeEnd) values (665830, 42536, '4:19:59', '8:34:13');
insert into SCHEDULED (R_routeID, B_busID, timeStart, timeEnd) values (675753, 92170, '8:51:00', '22:10:15');
insert into SCHEDULED (R_routeID, B_busID, timeStart, timeEnd) values (680520, 79906, '13:41:27', '6:30:38');
insert into SCHEDULED (R_routeID, B_busID, timeStart, timeEnd) values (684997, 39836, '21:30:09', '20:44:01');
insert into SCHEDULED (R_routeID, B_busID, timeStart, timeEnd) values (685055, 98009, '12:26:46', '9:04:27');
insert into SCHEDULED (R_routeID, B_busID, timeStart, timeEnd) values (686760, 67901, '18:23:43', '8:32:25');
insert into SCHEDULED (R_routeID, B_busID, timeStart, timeEnd) values (688908, 98414, '4:45:48', '7:11:05');
insert into SCHEDULED (R_routeID, B_busID, timeStart, timeEnd) values (690920, 68226, '17:31:35', '21:34:42');
insert into SCHEDULED (R_routeID, B_busID, timeStart, timeEnd) values (691825, 98009, '16:56:29', '7:13:22');
insert into SCHEDULED (R_routeID, B_busID, timeStart, timeEnd) values (695543, 27401, '13:29:44', '20:06:26');
insert into SCHEDULED (R_routeID, B_busID, timeStart, timeEnd) values (696047, 65433, '22:13:53', '18:35:44');
insert into SCHEDULED (R_routeID, B_busID, timeStart, timeEnd) values (704075, 86131, '7:36:14', '19:07:34');
insert into SCHEDULED (R_routeID, B_busID, timeStart, timeEnd) values (704896, 68684, '10:06:33', '14:00:03');
insert into SCHEDULED (R_routeID, B_busID, timeStart, timeEnd) values (707042, 26840, '11:40:19', '7:23:00');
insert into SCHEDULED (R_routeID, B_busID, timeStart, timeEnd) values (717100, 12835, '12:14:36', '9:57:06');
insert into SCHEDULED (R_routeID, B_busID, timeStart, timeEnd) values (727690, 43206, '11:09:55', '9:09:13');
insert into SCHEDULED (R_routeID, B_busID, timeStart, timeEnd) values (728829, 96806, '13:47:50', '10:47:20');
insert into SCHEDULED (R_routeID, B_busID, timeStart, timeEnd) values (730777, 65433, '18:21:58', '21:51:33');
insert into SCHEDULED (R_routeID, B_busID, timeStart, timeEnd) values (734697, 99822, '8:18:43', '7:12:46');
insert into SCHEDULED (R_routeID, B_busID, timeStart, timeEnd) values (738524, 32410, '14:35:25', '18:46:16');
insert into SCHEDULED (R_routeID, B_busID, timeStart, timeEnd) values (751480, 96806, '11:43:37', '18:29:23');
insert into SCHEDULED (R_routeID, B_busID, timeStart, timeEnd) values (751675, 37772, '8:06:03', '8:20:48');
insert into SCHEDULED (R_routeID, B_busID, timeStart, timeEnd) values (767468, 73671, '7:44:16', '11:48:25');
insert into SCHEDULED (R_routeID, B_busID, timeStart, timeEnd) values (769645, 96806, '22:42:01', '14:31:27');
insert into SCHEDULED (R_routeID, B_busID, timeStart, timeEnd) values (797620, 72192, '22:28:49', '22:16:31');
insert into SCHEDULED (R_routeID, B_busID, timeStart, timeEnd) values (809963, 73363, '17:03:15', '21:02:34');
insert into SCHEDULED (R_routeID, B_busID, timeStart, timeEnd) values (827006, 69637, '6:45:39', '7:25:40');
insert into SCHEDULED (R_routeID, B_busID, timeStart, timeEnd) values (830331, 67901, '22:32:00', '7:25:31');
insert into SCHEDULED (R_routeID, B_busID, timeStart, timeEnd) values (836720, 21808, '6:43:51', '9:57:50');
insert into SCHEDULED (R_routeID, B_busID, timeStart, timeEnd) values (849217, 84953, '18:35:48', '5:11:41');
insert into SCHEDULED (R_routeID, B_busID, timeStart, timeEnd) values (852690, 37772, '13:30:22', '8:28:53');
insert into SCHEDULED (R_routeID, B_busID, timeStart, timeEnd) values (855328, 69890, '22:11:36', '12:34:25');
insert into SCHEDULED (R_routeID, B_busID, timeStart, timeEnd) values (860895, 97141, '17:30:01', '11:17:53');
insert into SCHEDULED (R_routeID, B_busID, timeStart, timeEnd) values (862482, 29283, '21:05:37', '5:30:00');
insert into SCHEDULED (R_routeID, B_busID, timeStart, timeEnd) values (866799, 24159, '22:53:17', '17:26:27');
insert into SCHEDULED (R_routeID, B_busID, timeStart, timeEnd) values (867324, 31133, '21:11:24', '21:17:52');
insert into SCHEDULED (R_routeID, B_busID, timeStart, timeEnd) values (869782, 49069, '7:44:15', '17:10:07');
insert into SCHEDULED (R_routeID, B_busID, timeStart, timeEnd) values (872056, 29961, '9:24:16', '19:38:48');
insert into SCHEDULED (R_routeID, B_busID, timeStart, timeEnd) values (879479, 18912, '5:31:53', '9:12:06');
insert into SCHEDULED (R_routeID, B_busID, timeStart, timeEnd) values (879486, 53506, '14:38:45', '13:34:49');
insert into SCHEDULED (R_routeID, B_busID, timeStart, timeEnd) values (884370, 99713, '19:02:39', '7:35:02');
insert into SCHEDULED (R_routeID, B_busID, timeStart, timeEnd) values (886608, 39836, '15:13:51', '12:55:40');
insert into SCHEDULED (R_routeID, B_busID, timeStart, timeEnd) values (889724, 17994, '7:34:33', '17:52:35');
insert into SCHEDULED (R_routeID, B_busID, timeStart, timeEnd) values (911634, 17208, '14:22:48', '16:29:32');
insert into SCHEDULED (R_routeID, B_busID, timeStart, timeEnd) values (912460, 12835, '7:20:42', '17:17:06');
insert into SCHEDULED (R_routeID, B_busID, timeStart, timeEnd) values (918178, 22167, '5:21:18', '12:54:52');
insert into SCHEDULED (R_routeID, B_busID, timeStart, timeEnd) values (919610, 99822, '19:15:20', '6:17:01');
insert into SCHEDULED (R_routeID, B_busID, timeStart, timeEnd) values (922432, 72341, '11:01:37', '13:48:12');
insert into SCHEDULED (R_routeID, B_busID, timeStart, timeEnd) values (923882, 23511, '12:29:33', '12:03:23');
insert into SCHEDULED (R_routeID, B_busID, timeStart, timeEnd) values (927079, 18912, '17:55:32', '19:25:11');
insert into SCHEDULED (R_routeID, B_busID, timeStart, timeEnd) values (938866, 85843, '22:01:26', '12:16:47');
insert into SCHEDULED (R_routeID, B_busID, timeStart, timeEnd) values (940790, 19658, '20:39:21', '4:34:08');
insert into SCHEDULED (R_routeID, B_busID, timeStart, timeEnd) values (942709, 80205, '13:44:10', '19:32:03');
insert into SCHEDULED (R_routeID, B_busID, timeStart, timeEnd) values (952090, 29568, '19:11:58', '7:34:20');
insert into SCHEDULED (R_routeID, B_busID, timeStart, timeEnd) values (965874, 21808, '7:20:44', '17:28:38');
insert into SCHEDULED (R_routeID, B_busID, timeStart, timeEnd) values (979273, 60057, '7:48:31', '6:56:49');
insert into SCHEDULED (R_routeID, B_busID, timeStart, timeEnd) values (979777, 67901, '9:48:00', '22:48:59');
insert into SCHEDULED (R_routeID, B_busID, timeStart, timeEnd) values (984025, 12128, '5:55:14', '17:06:15');
insert into SCHEDULED (R_routeID, B_busID, timeStart, timeEnd) values (987367, 78851, '17:23:09', '14:47:23');
insert into SCHEDULED (R_routeID, B_busID, timeStart, timeEnd) values (987513, 25466, '9:16:41', '11:09:20');
insert into SCHEDULED (R_routeID, B_busID, timeStart, timeEnd) values (993829, 24517, '12:55:16', '15:53:26');
insert into SCHEDULED (R_routeID, B_busID, timeStart, timeEnd) values (101035, 97845, '4:37:27', '18:00:31');
insert into SCHEDULED (R_routeID, B_busID, timeStart, timeEnd) values (104928, 17217, '18:20:26', '21:25:16');
insert into SCHEDULED (R_routeID, B_busID, timeStart, timeEnd) values (108962, 37772, '5:48:59', '21:39:41');
insert into SCHEDULED (R_routeID, B_busID, timeStart, timeEnd) values (110156, 25350, '5:55:50', '17:48:54');
insert into SCHEDULED (R_routeID, B_busID, timeStart, timeEnd) values (110619, 66829, '14:47:07', '6:44:42');
insert into SCHEDULED (R_routeID, B_busID, timeStart, timeEnd) values (122611, 64508, '16:29:38', '6:18:23');
insert into SCHEDULED (R_routeID, B_busID, timeStart, timeEnd) values (130213, 86616, '5:01:18', '5:46:46');
insert into SCHEDULED (R_routeID, B_busID, timeStart, timeEnd) values (132275, 22555, '15:31:51', '6:59:14');
insert into SCHEDULED (R_routeID, B_busID, timeStart, timeEnd) values (132774, 22555, '12:28:33', '14:56:31');
insert into SCHEDULED (R_routeID, B_busID, timeStart, timeEnd) values (133436, 54494, '6:39:19', '20:33:34');
insert into SCHEDULED (R_routeID, B_busID, timeStart, timeEnd) values (146086, 31133, '18:33:18', '10:59:58');
insert into SCHEDULED (R_routeID, B_busID, timeStart, timeEnd) values (149741, 99822, '10:00:58', '6:52:26');
insert into SCHEDULED (R_routeID, B_busID, timeStart, timeEnd) values (156393, 45891, '4:07:48', '5:06:29');
insert into SCHEDULED (R_routeID, B_busID, timeStart, timeEnd) values (159357, 17208, '11:07:42', '10:23:49');
insert into SCHEDULED (R_routeID, B_busID, timeStart, timeEnd) values (167581, 12128, '21:54:27', '9:43:48');
insert into SCHEDULED (R_routeID, B_busID, timeStart, timeEnd) values (177236, 92141, '17:12:37', '10:15:06');
insert into SCHEDULED (R_routeID, B_busID, timeStart, timeEnd) values (179658, 74372, '21:21:26', '6:19:36');
insert into SCHEDULED (R_routeID, B_busID, timeStart, timeEnd) values (180058, 18912, '22:33:20', '17:29:45');
insert into SCHEDULED (R_routeID, B_busID, timeStart, timeEnd) values (188076, 29961, '8:16:17', '14:18:11');
insert into SCHEDULED (R_routeID, B_busID, timeStart, timeEnd) values (189630, 28529, '19:50:12', '13:12:29');
insert into SCHEDULED (R_routeID, B_busID, timeStart, timeEnd) values (192680, 29447, '6:29:05', '15:44:41');
insert into SCHEDULED (R_routeID, B_busID, timeStart, timeEnd) values (192685, 62553, '20:27:36', '10:26:49');
insert into SCHEDULED (R_routeID, B_busID, timeStart, timeEnd) values (195903, 18206, '12:57:36', '20:20:26');
insert into SCHEDULED (R_routeID, B_busID, timeStart, timeEnd) values (204419, 65433, '19:29:58', '16:31:39');
insert into SCHEDULED (R_routeID, B_busID, timeStart, timeEnd) values (208839, 98608, '17:11:28', '15:26:58');
insert into SCHEDULED (R_routeID, B_busID, timeStart, timeEnd) values (209428, 86507, '21:12:06', '4:21:50');
insert into SCHEDULED (R_routeID, B_busID, timeStart, timeEnd) values (210825, 86616, '9:11:52', '11:20:05');
insert into SCHEDULED (R_routeID, B_busID, timeStart, timeEnd) values (211007, 17682, '19:41:21', '7:21:43');
insert into SCHEDULED (R_routeID, B_busID, timeStart, timeEnd) values (213158, 78474, '11:09:25', '13:01:26');
insert into SCHEDULED (R_routeID, B_busID, timeStart, timeEnd) values (219658, 78696, '21:37:02', '8:39:43');
insert into SCHEDULED (R_routeID, B_busID, timeStart, timeEnd) values (224599, 74215, '10:49:13', '15:48:11');
insert into SCHEDULED (R_routeID, B_busID, timeStart, timeEnd) values (227774, 11848, '7:09:27', '18:29:01');
insert into SCHEDULED (R_routeID, B_busID, timeStart, timeEnd) values (230681, 38302, '6:25:54', '11:19:05');
insert into SCHEDULED (R_routeID, B_busID, timeStart, timeEnd) values (231937, 17208, '21:07:48', '18:40:28');
insert into SCHEDULED (R_routeID, B_busID, timeStart, timeEnd) values (234774, 75277, '12:35:47', '10:09:50');
insert into SCHEDULED (R_routeID, B_busID, timeStart, timeEnd) values (235053, 14327, '8:45:02', '5:43:28');
insert into SCHEDULED (R_routeID, B_busID, timeStart, timeEnd) values (235259, 72329, '6:07:52', '8:57:21');
insert into SCHEDULED (R_routeID, B_busID, timeStart, timeEnd) values (235888, 42652, '12:52:47', '4:57:15');
insert into SCHEDULED (R_routeID, B_busID, timeStart, timeEnd) values (241273, 30588, '8:41:02', '8:45:20');
insert into SCHEDULED (R_routeID, B_busID, timeStart, timeEnd) values (241369, 68226, '18:08:39', '19:30:12');
insert into SCHEDULED (R_routeID, B_busID, timeStart, timeEnd) values (245230, 56403, '16:46:23', '22:03:52');
insert into SCHEDULED (R_routeID, B_busID, timeStart, timeEnd) values (249489, 32410, '13:43:47', '5:56:04');
insert into SCHEDULED (R_routeID, B_busID, timeStart, timeEnd) values (251092, 15399, '18:50:13', '18:20:58');
insert into SCHEDULED (R_routeID, B_busID, timeStart, timeEnd) values (251570, 96806, '7:01:13', '6:07:33');
insert into SCHEDULED (R_routeID, B_busID, timeStart, timeEnd) values (252719, 17208, '5:34:27', '12:57:07');
insert into SCHEDULED (R_routeID, B_busID, timeStart, timeEnd) values (254555, 12128, '8:08:22', '11:45:20');
insert into SCHEDULED (R_routeID, B_busID, timeStart, timeEnd) values (256405, 30588, '11:16:46', '6:54:51');
insert into SCHEDULED (R_routeID, B_busID, timeStart, timeEnd) values (262146, 92141, '10:43:32', '19:50:06');
insert into SCHEDULED (R_routeID, B_busID, timeStart, timeEnd) values (263508, 32594, '10:39:29', '15:49:54');
insert into SCHEDULED (R_routeID, B_busID, timeStart, timeEnd) values (265680, 12128, '20:34:41', '12:49:24');
insert into SCHEDULED (R_routeID, B_busID, timeStart, timeEnd) values (266236, 55287, '9:10:37', '16:12:23');
insert into SCHEDULED (R_routeID, B_busID, timeStart, timeEnd) values (267907, 53506, '21:42:18', '14:31:13');
insert into SCHEDULED (R_routeID, B_busID, timeStart, timeEnd) values (275163, 74372, '21:47:32', '21:13:57');
insert into SCHEDULED (R_routeID, B_busID, timeStart, timeEnd) values (275330, 10488, '15:33:08', '12:04:55');
insert into SCHEDULED (R_routeID, B_busID, timeStart, timeEnd) values (290904, 19658, '8:29:21', '6:28:14');
insert into SCHEDULED (R_routeID, B_busID, timeStart, timeEnd) values (292792, 64501, '4:34:23', '7:21:24');
insert into SCHEDULED (R_routeID, B_busID, timeStart, timeEnd) values (294163, 46123, '11:53:26', '9:49:55');
insert into SCHEDULED (R_routeID, B_busID, timeStart, timeEnd) values (294977, 35197, '5:34:17', '15:00:29');
insert into SCHEDULED (R_routeID, B_busID, timeStart, timeEnd) values (298054, 55287, '11:34:10', '9:27:56');
insert into SCHEDULED (R_routeID, B_busID, timeStart, timeEnd) values (298476, 73462, '18:27:00', '8:17:39');
insert into SCHEDULED (R_routeID, B_busID, timeStart, timeEnd) values (298748, 29283, '15:47:24', '21:40:07');
insert into SCHEDULED (R_routeID, B_busID, timeStart, timeEnd) values (302323, 66444, '12:43:00', '10:50:17');
insert into SCHEDULED (R_routeID, B_busID, timeStart, timeEnd) values (309363, 78474, '17:12:22', '12:59:41');
insert into SCHEDULED (R_routeID, B_busID, timeStart, timeEnd) values (323214, 64178, '18:25:55', '20:37:28');
insert into SCHEDULED (R_routeID, B_busID, timeStart, timeEnd) values (323919, 26840, '21:57:55', '6:20:40');
insert into SCHEDULED (R_routeID, B_busID, timeStart, timeEnd) values (330812, 35197, '13:11:20', '19:24:59');
insert into SCHEDULED (R_routeID, B_busID, timeStart, timeEnd) values (335491, 22555, '6:12:33', '4:04:56');
insert into SCHEDULED (R_routeID, B_busID, timeStart, timeEnd) values (338646, 60576, '17:19:09', '21:47:08');
insert into SCHEDULED (R_routeID, B_busID, timeStart, timeEnd) values (342719, 17217, '15:39:20', '18:06:02');
insert into SCHEDULED (R_routeID, B_busID, timeStart, timeEnd) values (343836, 64508, '15:49:47', '5:25:01');
insert into SCHEDULED (R_routeID, B_busID, timeStart, timeEnd) values (352046, 58681, '9:52:06', '17:05:37');
insert into SCHEDULED (R_routeID, B_busID, timeStart, timeEnd) values (355884, 53506, '15:35:16', '18:47:18');
insert into SCHEDULED (R_routeID, B_busID, timeStart, timeEnd) values (357159, 12678, '21:40:20', '11:35:35');
insert into SCHEDULED (R_routeID, B_busID, timeStart, timeEnd) values (369737, 41086, '5:51:25', '11:58:43');
insert into SCHEDULED (R_routeID, B_busID, timeStart, timeEnd) values (370697, 65433, '8:12:11', '15:51:22');
insert into SCHEDULED (R_routeID, B_busID, timeStart, timeEnd) values (373416, 96929, '10:44:35', '14:10:09');
insert into SCHEDULED (R_routeID, B_busID, timeStart, timeEnd) values (379028, 33824, '14:45:31', '5:01:06');
insert into SCHEDULED (R_routeID, B_busID, timeStart, timeEnd) values (381852, 38302, '16:20:15', '4:27:37');
insert into SCHEDULED (R_routeID, B_busID, timeStart, timeEnd) values (383667, 28529, '13:13:17', '8:14:04');
insert into SCHEDULED (R_routeID, B_busID, timeStart, timeEnd) values (394165, 18206, '22:01:22', '5:11:48');
insert into SCHEDULED (R_routeID, B_busID, timeStart, timeEnd) values (396209, 46123, '17:04:28', '15:05:47');
insert into SCHEDULED (R_routeID, B_busID, timeStart, timeEnd) values (408770, 68226, '21:48:10', '10:01:41');
insert into SCHEDULED (R_routeID, B_busID, timeStart, timeEnd) values (410086, 22222, '7:40:31', '19:15:07');
insert into SCHEDULED (R_routeID, B_busID, timeStart, timeEnd) values (410633, 73462, '14:18:44', '13:37:46');
insert into SCHEDULED (R_routeID, B_busID, timeStart, timeEnd) values (418918, 22167, '13:37:04', '12:25:34');
insert into SCHEDULED (R_routeID, B_busID, timeStart, timeEnd) values (421540, 86507, '15:48:14', '20:10:53');
insert into SCHEDULED (R_routeID, B_busID, timeStart, timeEnd) values (441180, 54494, '5:32:15', '9:19:52');
insert into SCHEDULED (R_routeID, B_busID, timeStart, timeEnd) values (447354, 92170, '9:25:57', '8:17:46');
insert into SCHEDULED (R_routeID, B_busID, timeStart, timeEnd) values (449891, 42536, '16:45:01', '5:02:37');
insert into SCHEDULED (R_routeID, B_busID, timeStart, timeEnd) values (451168, 21808, '22:25:07', '16:34:42');
insert into SCHEDULED (R_routeID, B_busID, timeStart, timeEnd) values (453830, 17682, '15:12:53', '7:25:37');
insert into SCHEDULED (R_routeID, B_busID, timeStart, timeEnd) values (455063, 64501, '9:54:30', '12:24:03');
insert into SCHEDULED (R_routeID, B_busID, timeStart, timeEnd) values (457296, 17994, '6:30:57', '5:54:31');
insert into SCHEDULED (R_routeID, B_busID, timeStart, timeEnd) values (458322, 39836, '10:11:56', '15:31:30');
insert into SCHEDULED (R_routeID, B_busID, timeStart, timeEnd) values (467691, 60057, '6:48:21', '19:21:14');
insert into SCHEDULED (R_routeID, B_busID, timeStart, timeEnd) values (469915, 67829, '18:25:26', '4:19:10');
insert into SCHEDULED (R_routeID, B_busID, timeStart, timeEnd) values (473410, 97845, '12:04:11', '11:41:52');
insert into SCHEDULED (R_routeID, B_busID, timeStart, timeEnd) values (477696, 85690, '13:26:04', '10:00:20');
insert into SCHEDULED (R_routeID, B_busID, timeStart, timeEnd) values (486348, 85843, '9:09:19', '18:11:59');
insert into SCHEDULED (R_routeID, B_busID, timeStart, timeEnd) values (486554, 78851, '8:48:00', '20:04:23');
insert into SCHEDULED (R_routeID, B_busID, timeStart, timeEnd) values (487657, 43206, '15:39:35', '21:49:12');
insert into SCHEDULED (R_routeID, B_busID, timeStart, timeEnd) values (487907, 24819, '6:43:28', '18:05:20');
insert into SCHEDULED (R_routeID, B_busID, timeStart, timeEnd) values (504565, 64178, '19:26:46', '14:27:44');
insert into SCHEDULED (R_routeID, B_busID, timeStart, timeEnd) values (506300, 49650, '18:34:42', '13:04:52');
insert into SCHEDULED (R_routeID, B_busID, timeStart, timeEnd) values (518090, 53506, '16:38:30', '15:46:28');
insert into SCHEDULED (R_routeID, B_busID, timeStart, timeEnd) values (521003, 96806, '21:51:35', '17:25:19');
insert into SCHEDULED (R_routeID, B_busID, timeStart, timeEnd) values (521690, 68226, '6:17:50', '20:15:37');
insert into SCHEDULED (R_routeID, B_busID, timeStart, timeEnd) values (536984, 19658, '14:34:27', '15:18:26');
insert into SCHEDULED (R_routeID, B_busID, timeStart, timeEnd) values (542287, 28529, '13:57:57', '16:00:19');
insert into SCHEDULED (R_routeID, B_busID, timeStart, timeEnd) values (544019, 79906, '17:55:10', '17:28:26');
insert into SCHEDULED (R_routeID, B_busID, timeStart, timeEnd) values (544558, 24517, '8:00:02', '20:43:42');
insert into SCHEDULED (R_routeID, B_busID, timeStart, timeEnd) values (549780, 86616, '22:41:29', '22:28:16');
insert into SCHEDULED (R_routeID, B_busID, timeStart, timeEnd) values (553537, 28529, '18:36:22', '17:10:23');
insert into SCHEDULED (R_routeID, B_busID, timeStart, timeEnd) values (555928, 72192, '21:39:48', '5:47:29');
insert into SCHEDULED (R_routeID, B_busID, timeStart, timeEnd) values (561351, 97141, '10:39:09', '21:55:31');
insert into SCHEDULED (R_routeID, B_busID, timeStart, timeEnd) values (562315, 59881, '20:48:02', '21:23:25');
insert into SCHEDULED (R_routeID, B_busID, timeStart, timeEnd) values (564556, 72341, '19:08:48', '13:57:56');
insert into SCHEDULED (R_routeID, B_busID, timeStart, timeEnd) values (580300, 88790, '20:47:24', '5:21:03');
insert into SCHEDULED (R_routeID, B_busID, timeStart, timeEnd) values (583825, 72750, '21:39:23', '12:32:26');
insert into SCHEDULED (R_routeID, B_busID, timeStart, timeEnd) values (585345, 97141, '22:28:45', '18:49:53');
insert into SCHEDULED (R_routeID, B_busID, timeStart, timeEnd) values (595584, 45028, '20:30:16', '9:37:32');
insert into SCHEDULED (R_routeID, B_busID, timeStart, timeEnd) values (598969, 68761, '5:03:32', '12:13:51');
insert into SCHEDULED (R_routeID, B_busID, timeStart, timeEnd) values (600349, 84953, '15:06:51', '14:12:54');
insert into SCHEDULED (R_routeID, B_busID, timeStart, timeEnd) values (600771, 90635, '13:19:46', '12:52:21');
insert into SCHEDULED (R_routeID, B_busID, timeStart, timeEnd) values (603255, 69890, '20:10:42', '13:24:02');
insert into SCHEDULED (R_routeID, B_busID, timeStart, timeEnd) values (607670, 72192, '18:23:32', '22:25:55');
insert into SCHEDULED (R_routeID, B_busID, timeStart, timeEnd) values (611325, 22555, '19:33:47', '12:43:27');
insert into SCHEDULED (R_routeID, B_busID, timeStart, timeEnd) values (611400, 79883, '15:50:03', '13:01:42');
insert into SCHEDULED (R_routeID, B_busID, timeStart, timeEnd) values (615893, 46123, '7:47:47', '19:27:40');
insert into SCHEDULED (R_routeID, B_busID, timeStart, timeEnd) values (616372, 68226, '8:48:00', '9:17:09');
insert into SCHEDULED (R_routeID, B_busID, timeStart, timeEnd) values (621177, 92170, '21:19:08', '6:53:00');
insert into SCHEDULED (R_routeID, B_busID, timeStart, timeEnd) values (622644, 98414, '4:26:29', '17:41:48');
insert into SCHEDULED (R_routeID, B_busID, timeStart, timeEnd) values (623074, 25350, '4:24:01', '20:27:30');
insert into SCHEDULED (R_routeID, B_busID, timeStart, timeEnd) values (626372, 74917, '5:17:51', '8:57:11');
insert into SCHEDULED (R_routeID, B_busID, timeStart, timeEnd) values (630287, 72750, '17:24:59', '4:36:39');
insert into SCHEDULED (R_routeID, B_busID, timeStart, timeEnd) values (635742, 71257, '7:29:44', '20:41:15');
insert into SCHEDULED (R_routeID, B_busID, timeStart, timeEnd) values (645367, 84953, '8:34:42', '14:29:01');
insert into SCHEDULED (R_routeID, B_busID, timeStart, timeEnd) values (652793, 56403, '22:53:17', '17:01:40');
insert into SCHEDULED (R_routeID, B_busID, timeStart, timeEnd) values (656827, 69637, '14:24:13', '10:15:36');
insert into SCHEDULED (R_routeID, B_busID, timeStart, timeEnd) values (659991, 29283, '5:05:36', '12:55:12');
insert into SCHEDULED (R_routeID, B_busID, timeStart, timeEnd) values (662913, 72750, '19:42:12', '11:40:00');
insert into SCHEDULED (R_routeID, B_busID, timeStart, timeEnd) values (665830, 82911, '21:17:57', '10:41:40');
insert into SCHEDULED (R_routeID, B_busID, timeStart, timeEnd) values (675753, 23511, '9:22:17', '4:51:13');
insert into SCHEDULED (R_routeID, B_busID, timeStart, timeEnd) values (680520, 86505, '13:48:26', '11:56:03');
insert into SCHEDULED (R_routeID, B_busID, timeStart, timeEnd) values (684997, 13458, '10:03:08', '20:29:40');
insert into SCHEDULED (R_routeID, B_busID, timeStart, timeEnd) values (685055, 85690, '22:07:17', '11:14:40');
insert into SCHEDULED (R_routeID, B_busID, timeStart, timeEnd) values (686760, 78851, '10:14:23', '18:18:18');
insert into SCHEDULED (R_routeID, B_busID, timeStart, timeEnd) values (688908, 80205, '9:46:19', '8:12:16');
insert into SCHEDULED (R_routeID, B_busID, timeStart, timeEnd) values (690920, 99822, '9:58:00', '5:40:07');
insert into SCHEDULED (R_routeID, B_busID, timeStart, timeEnd) values (691825, 73363, '21:11:58', '7:59:09');
insert into SCHEDULED (R_routeID, B_busID, timeStart, timeEnd) values (695543, 74917, '6:56:11', '4:50:40');
insert into SCHEDULED (R_routeID, B_busID, timeStart, timeEnd) values (696047, 37772, '7:50:57', '10:30:26');
insert into SCHEDULED (R_routeID, B_busID, timeStart, timeEnd) values (704075, 76647, '18:24:37', '22:23:09');
insert into SCHEDULED (R_routeID, B_busID, timeStart, timeEnd) values (704896, 57153, '13:26:49', '5:21:16');
insert into SCHEDULED (R_routeID, B_busID, timeStart, timeEnd) values (707042, 24159, '7:31:08', '9:23:58');
insert into SCHEDULED (R_routeID, B_busID, timeStart, timeEnd) values (717100, 19658, '4:38:58', '19:30:41');
insert into SCHEDULED (R_routeID, B_busID, timeStart, timeEnd) values (726692, 86616, '21:43:08', '15:56:13');
insert into SCHEDULED (R_routeID, B_busID, timeStart, timeEnd) values (727690, 85843, '14:50:16', '7:51:08');
insert into SCHEDULED (R_routeID, B_busID, timeStart, timeEnd) values (728829, 64501, '12:05:22', '20:35:12');
insert into SCHEDULED (R_routeID, B_busID, timeStart, timeEnd) values (730777, 74372, '6:54:01', '7:52:42');
insert into SCHEDULED (R_routeID, B_busID, timeStart, timeEnd) values (734697, 67901, '5:07:34', '18:32:00');
insert into SCHEDULED (R_routeID, B_busID, timeStart, timeEnd) values (738524, 94831, '15:37:30', '10:04:17');
insert into SCHEDULED (R_routeID, B_busID, timeStart, timeEnd) values (751480, 85843, '5:20:09', '19:34:26');
insert into SCHEDULED (R_routeID, B_busID, timeStart, timeEnd) values (751675, 88790, '19:58:12', '5:48:40');
insert into SCHEDULED (R_routeID, B_busID, timeStart, timeEnd) values (767468, 81789, '11:17:41', '19:36:29');
insert into SCHEDULED (R_routeID, B_busID, timeStart, timeEnd) values (769645, 84953, '19:26:26', '19:50:21');
insert into SCHEDULED (R_routeID, B_busID, timeStart, timeEnd) values (797620, 13458, '10:54:57', '12:24:50');
insert into SCHEDULED (R_routeID, B_busID, timeStart, timeEnd) values (827006, 77162, '13:09:30', '17:49:43');
insert into SCHEDULED (R_routeID, B_busID, timeStart, timeEnd) values (830331, 96806, '5:01:56', '21:02:29');
insert into SCHEDULED (R_routeID, B_busID, timeStart, timeEnd) values (836720, 77162, '22:55:45', '14:03:04');
insert into SCHEDULED (R_routeID, B_busID, timeStart, timeEnd) values (849217, 45028, '16:10:52', '7:38:19');
insert into SCHEDULED (R_routeID, B_busID, timeStart, timeEnd) values (852690, 42652, '12:02:28', '6:36:12');
insert into SCHEDULED (R_routeID, B_busID, timeStart, timeEnd) values (855328, 52028, '13:29:04', '13:19:11');
insert into SCHEDULED (R_routeID, B_busID, timeStart, timeEnd) values (860895, 79883, '10:29:45', '12:52:55');
insert into SCHEDULED (R_routeID, B_busID, timeStart, timeEnd) values (862482, 84953, '8:54:46', '19:50:12');
insert into SCHEDULED (R_routeID, B_busID, timeStart, timeEnd) values (866799, 64183, '10:38:02', '20:37:42');
insert into SCHEDULED (R_routeID, B_busID, timeStart, timeEnd) values (867324, 86131, '6:15:56', '19:22:07');
insert into SCHEDULED (R_routeID, B_busID, timeStart, timeEnd) values (869782, 65453, '21:51:29', '17:13:54');
insert into SCHEDULED (R_routeID, B_busID, timeStart, timeEnd) values (872056, 10488, '17:46:02', '16:15:11');
insert into SCHEDULED (R_routeID, B_busID, timeStart, timeEnd) values (879479, 72329, '15:04:33', '21:05:28');
insert into SCHEDULED (R_routeID, B_busID, timeStart, timeEnd) values (879486, 12128, '19:26:29', '4:02:27');
insert into SCHEDULED (R_routeID, B_busID, timeStart, timeEnd) values (884370, 63145, '9:11:54', '14:05:38');
insert into SCHEDULED (R_routeID, B_busID, timeStart, timeEnd) values (886608, 67829, '4:38:49', '8:40:29');
insert into SCHEDULED (R_routeID, B_busID, timeStart, timeEnd) values (889724, 86507, '12:08:23', '21:17:28');
insert into SCHEDULED (R_routeID, B_busID, timeStart, timeEnd) values (911634, 78696, '13:44:01', '12:34:16');
insert into SCHEDULED (R_routeID, B_busID, timeStart, timeEnd) values (912460, 92141, '5:42:50', '6:14:02');
insert into SCHEDULED (R_routeID, B_busID, timeStart, timeEnd) values (918178, 11111, '17:05:08', '6:30:29');
insert into SCHEDULED (R_routeID, B_busID, timeStart, timeEnd) values (919610, 12128, '10:34:04', '10:41:12');
insert into SCHEDULED (R_routeID, B_busID, timeStart, timeEnd) values (922432, 74372, '13:26:14', '11:04:37');
insert into SCHEDULED (R_routeID, B_busID, timeStart, timeEnd) values (923882, 53108, '20:24:22', '17:26:18');
insert into SCHEDULED (R_routeID, B_busID, timeStart, timeEnd) values (927079, 12678, '19:58:38', '20:18:17');
insert into SCHEDULED (R_routeID, B_busID, timeStart, timeEnd) values (938866, 65453, '15:35:37', '10:26:18');
insert into SCHEDULED (R_routeID, B_busID, timeStart, timeEnd) values (940790, 54494, '16:12:39', '19:20:17');
insert into SCHEDULED (R_routeID, B_busID, timeStart, timeEnd) values (942709, 73518, '14:18:46', '6:04:26');
insert into SCHEDULED (R_routeID, B_busID, timeStart, timeEnd) values (952090, 96806, '11:25:56', '18:56:30');
insert into SCHEDULED (R_routeID, B_busID, timeStart, timeEnd) values (965874, 72750, '18:18:04', '5:45:12');
insert into SCHEDULED (R_routeID, B_busID, timeStart, timeEnd) values (979273, 23511, '12:10:06', '6:49:02');
insert into SCHEDULED (R_routeID, B_busID, timeStart, timeEnd) values (979777, 86507, '11:30:03', '19:35:11');
insert into SCHEDULED (R_routeID, B_busID, timeStart, timeEnd) values (984025, 24819, '19:26:46', '8:28:15');
insert into SCHEDULED (R_routeID, B_busID, timeStart, timeEnd) values (987367, 68761, '18:46:04', '22:18:38');
insert into SCHEDULED (R_routeID, B_busID, timeStart, timeEnd) values (987513, 86507, '5:22:48', '11:51:20');
insert into SCHEDULED (R_routeID, B_busID, timeStart, timeEnd) values (993829, 66444, '10:51:05', '16:54:05');
insert into SCHEDULED (R_routeID, B_busID, timeStart, timeEnd) values (101035, 68761, '15:11:09', '16:05:08');
insert into SCHEDULED (R_routeID, B_busID, timeStart, timeEnd) values (104928, 86616, '8:16:01', '4:18:05');
insert into SCHEDULED (R_routeID, B_busID, timeStart, timeEnd) values (108962, 78696, '20:22:07', '9:20:11');
insert into SCHEDULED (R_routeID, B_busID, timeStart, timeEnd) values (110156, 56403, '16:55:46', '14:54:09');
insert into SCHEDULED (R_routeID, B_busID, timeStart, timeEnd) values (110619, 99822, '6:53:29', '6:00:48');
insert into SCHEDULED (R_routeID, B_busID, timeStart, timeEnd) values (122611, 21273, '8:13:32', '5:33:26');
insert into SCHEDULED (R_routeID, B_busID, timeStart, timeEnd) values (130213, 15399, '13:09:31', '19:09:14');
insert into SCHEDULED (R_routeID, B_busID, timeStart, timeEnd) values (132275, 39836, '21:37:13', '19:15:44');
insert into SCHEDULED (R_routeID, B_busID, timeStart, timeEnd) values (132774, 21273, '9:03:43', '13:13:01');
insert into SCHEDULED (R_routeID, B_busID, timeStart, timeEnd) values (133436, 62553, '9:52:12', '17:09:00');
insert into SCHEDULED (R_routeID, B_busID, timeStart, timeEnd) values (146086, 73671, '15:39:01', '8:30:35');
insert into SCHEDULED (R_routeID, B_busID, timeStart, timeEnd) values (149741, 79883, '4:14:17', '20:50:16');
insert into SCHEDULED (R_routeID, B_busID, timeStart, timeEnd) values (156393, 32594, '8:04:51', '17:58:24');
insert into SCHEDULED (R_routeID, B_busID, timeStart, timeEnd) values (159357, 38302, '11:20:32', '12:30:13');
insert into SCHEDULED (R_routeID, B_busID, timeStart, timeEnd) values (167581, 23257, '8:30:41', '7:14:49');
insert into SCHEDULED (R_routeID, B_busID, timeStart, timeEnd) values (179658, 56403, '18:25:52', '5:18:14');
insert into SCHEDULED (R_routeID, B_busID, timeStart, timeEnd) values (180058, 98678, '16:50:13', '22:00:00');
insert into SCHEDULED (R_routeID, B_busID, timeStart, timeEnd) values (188076, 73671, '5:04:27', '6:11:35');
insert into SCHEDULED (R_routeID, B_busID, timeStart, timeEnd) values (189630, 60721, '4:29:30', '22:32:15');
insert into SCHEDULED (R_routeID, B_busID, timeStart, timeEnd) values (192680, 44679, '17:53:46', '13:34:05');
insert into SCHEDULED (R_routeID, B_busID, timeStart, timeEnd) values (192685, 23511, '6:09:26', '21:49:32');
insert into SCHEDULED (R_routeID, B_busID, timeStart, timeEnd) values (195903, 86131, '19:00:49', '11:13:03');
insert into SCHEDULED (R_routeID, B_busID, timeStart, timeEnd) values (204419, 96929, '9:42:26', '4:55:22');
insert into SCHEDULED (R_routeID, B_busID, timeStart, timeEnd) values (208839, 15399, '11:29:19', '21:02:11');
insert into SCHEDULED (R_routeID, B_busID, timeStart, timeEnd) values (209428, 76647, '5:28:34', '19:52:40');
insert into SCHEDULED (R_routeID, B_busID, timeStart, timeEnd) values (210825, 84953, '10:58:59', '8:17:15');
insert into SCHEDULED (R_routeID, B_busID, timeStart, timeEnd) values (211007, 79906, '19:11:36', '22:41:23');
insert into SCHEDULED (R_routeID, B_busID, timeStart, timeEnd) values (213158, 58681, '11:01:44', '5:59:10');
insert into SCHEDULED (R_routeID, B_busID, timeStart, timeEnd) values (219658, 30588, '22:03:00', '12:17:03');
insert into SCHEDULED (R_routeID, B_busID, timeStart, timeEnd) values (224599, 64183, '13:16:06', '16:00:22');
insert into SCHEDULED (R_routeID, B_busID, timeStart, timeEnd) values (227774, 67829, '4:14:21', '13:09:27');
insert into SCHEDULED (R_routeID, B_busID, timeStart, timeEnd) values (230681, 17994, '12:37:19', '9:05:51');
insert into SCHEDULED (R_routeID, B_busID, timeStart, timeEnd) values (231937, 96806, '5:42:10', '19:48:49');
insert into SCHEDULED (R_routeID, B_busID, timeStart, timeEnd) values (234774, 41086, '20:56:10', '21:59:38');
insert into SCHEDULED (R_routeID, B_busID, timeStart, timeEnd) values (235053, 24517, '15:48:03', '21:17:37');
insert into SCHEDULED (R_routeID, B_busID, timeStart, timeEnd) values (235259, 38302, '8:20:09', '17:35:49');
insert into SCHEDULED (R_routeID, B_busID, timeStart, timeEnd) values (235888, 75277, '10:52:39', '19:17:21');
insert into SCHEDULED (R_routeID, B_busID, timeStart, timeEnd) values (241273, 64508, '11:11:16', '7:14:50');
insert into SCHEDULED (R_routeID, B_busID, timeStart, timeEnd) values (241369, 51660, '19:12:03', '21:06:43');
insert into SCHEDULED (R_routeID, B_busID, timeStart, timeEnd) values (245230, 66444, '16:42:26', '13:08:10');
insert into SCHEDULED (R_routeID, B_busID, timeStart, timeEnd) values (249489, 17217, '12:38:34', '4:59:42');
insert into SCHEDULED (R_routeID, B_busID, timeStart, timeEnd) values (251092, 74372, '11:55:15', '4:03:49');
insert into SCHEDULED (R_routeID, B_busID, timeStart, timeEnd) values (251570, 72750, '15:01:32', '19:14:22');
insert into SCHEDULED (R_routeID, B_busID, timeStart, timeEnd) values (252719, 21273, '19:22:14', '13:20:44');
insert into SCHEDULED (R_routeID, B_busID, timeStart, timeEnd) values (254555, 29447, '10:42:32', '14:44:25');
insert into SCHEDULED (R_routeID, B_busID, timeStart, timeEnd) values (262146, 73671, '16:17:30', '9:20:08');
insert into SCHEDULED (R_routeID, B_busID, timeStart, timeEnd) values (263508, 29568, '8:03:00', '18:35:22');
insert into SCHEDULED (R_routeID, B_busID, timeStart, timeEnd) values (266236, 66514, '13:54:23', '8:06:05');
insert into SCHEDULED (R_routeID, B_busID, timeStart, timeEnd) values (267907, 12678, '14:29:02', '7:08:13');
insert into SCHEDULED (R_routeID, B_busID, timeStart, timeEnd) values (275163, 66444, '4:45:00', '21:11:17');
insert into SCHEDULED (R_routeID, B_busID, timeStart, timeEnd) values (275330, 78696, '7:43:32', '4:50:54');
insert into SCHEDULED (R_routeID, B_busID, timeStart, timeEnd) values (290904, 54730, '14:11:54', '22:24:52');
insert into SCHEDULED (R_routeID, B_busID, timeStart, timeEnd) values (292792, 63145, '20:20:12', '7:36:11');
insert into SCHEDULED (R_routeID, B_busID, timeStart, timeEnd) values (294163, 45028, '17:23:28', '5:40:53');
insert into SCHEDULED (R_routeID, B_busID, timeStart, timeEnd) values (294977, 92141, '7:46:48', '10:10:35');
insert into SCHEDULED (R_routeID, B_busID, timeStart, timeEnd) values (298054, 18766, '8:07:34', '15:33:38');
insert into SCHEDULED (R_routeID, B_busID, timeStart, timeEnd) values (298476, 90635, '16:12:51', '13:30:35');
insert into SCHEDULED (R_routeID, B_busID, timeStart, timeEnd) values (298748, 68226, '20:39:00', '16:54:50');
insert into SCHEDULED (R_routeID, B_busID, timeStart, timeEnd) values (302323, 41086, '18:47:57', '10:34:29');
insert into SCHEDULED (R_routeID, B_busID, timeStart, timeEnd) values (323214, 64501, '12:07:58', '17:06:01');
insert into SCHEDULED (R_routeID, B_busID, timeStart, timeEnd) values (323919, 30948, '18:12:27', '20:28:14');
insert into SCHEDULED (R_routeID, B_busID, timeStart, timeEnd) values (330812, 44679, '16:41:20', '16:58:59');
insert into SCHEDULED (R_routeID, B_busID, timeStart, timeEnd) values (335491, 26937, '9:51:09', '16:29:36');
insert into SCHEDULED (R_routeID, B_busID, timeStart, timeEnd) values (338646, 25466, '7:57:52', '15:24:34');
insert into SCHEDULED (R_routeID, B_busID, timeStart, timeEnd) values (342719, 64508, '6:05:10', '6:54:13');
insert into SCHEDULED (R_routeID, B_busID, timeStart, timeEnd) values (343836, 18766, '20:03:19', '5:38:25');
insert into SCHEDULED (R_routeID, B_busID, timeStart, timeEnd) values (352046, 22555, '15:14:25', '13:53:01');
insert into SCHEDULED (R_routeID, B_busID, timeStart, timeEnd) values (355884, 42536, '14:21:27', '10:24:35');
insert into SCHEDULED (R_routeID, B_busID, timeStart, timeEnd) values (357159, 10488, '12:27:49', '13:14:42');
insert into SCHEDULED (R_routeID, B_busID, timeStart, timeEnd) values (369737, 53108, '6:49:35', '4:50:15');
insert into SCHEDULED (R_routeID, B_busID, timeStart, timeEnd) values (370697, 43206, '13:49:29', '16:55:11');
insert into SCHEDULED (R_routeID, B_busID, timeStart, timeEnd) values (373416, 74917, '13:03:32', '18:12:26');
insert into SCHEDULED (R_routeID, B_busID, timeStart, timeEnd) values (379028, 45891, '17:53:53', '5:34:11');
insert into SCHEDULED (R_routeID, B_busID, timeStart, timeEnd) values (381852, 98414, '18:38:35', '14:44:07');
insert into SCHEDULED (R_routeID, B_busID, timeStart, timeEnd) values (383667, 73363, '4:37:52', '18:20:02');
insert into SCHEDULED (R_routeID, B_busID, timeStart, timeEnd) values (394165, 86131, '17:25:16', '17:39:22');
insert into SCHEDULED (R_routeID, B_busID, timeStart, timeEnd) values (396209, 79883, '10:24:35', '10:36:32');
insert into SCHEDULED (R_routeID, B_busID, timeStart, timeEnd) values (408770, 67829, '15:38:48', '19:19:18');
insert into SCHEDULED (R_routeID, B_busID, timeStart, timeEnd) values (410086, 27401, '16:24:17', '6:09:05');
insert into SCHEDULED (R_routeID, B_busID, timeStart, timeEnd) values (410633, 61642, '13:24:01', '21:52:52');
insert into SCHEDULED (R_routeID, B_busID, timeStart, timeEnd) values (418918, 43206, '11:29:04', '7:17:27');
insert into SCHEDULED (R_routeID, B_busID, timeStart, timeEnd) values (421540, 54494, '16:33:46', '9:19:55');
insert into SCHEDULED (R_routeID, B_busID, timeStart, timeEnd) values (441180, 60057, '19:33:49', '15:10:32');
insert into SCHEDULED (R_routeID, B_busID, timeStart, timeEnd) values (447354, 24819, '8:46:31', '11:53:44');
insert into SCHEDULED (R_routeID, B_busID, timeStart, timeEnd) values (449891, 12128, '7:24:29', '9:48:25');
insert into SCHEDULED (R_routeID, B_busID, timeStart, timeEnd) values (451168, 72192, '8:17:40', '16:56:38');
insert into SCHEDULED (R_routeID, B_busID, timeStart, timeEnd) values (453830, 73363, '14:50:02', '9:49:36');
insert into SCHEDULED (R_routeID, B_busID, timeStart, timeEnd) values (455063, 17208, '14:30:28', '20:45:45');
insert into SCHEDULED (R_routeID, B_busID, timeStart, timeEnd) values (457296, 83086, '9:33:53', '11:44:00');
insert into SCHEDULED (R_routeID, B_busID, timeStart, timeEnd) values (458322, 49069, '6:15:43', '4:00:33');
insert into SCHEDULED (R_routeID, B_busID, timeStart, timeEnd) values (467691, 77162, '7:22:58', '9:17:54');
insert into SCHEDULED (R_routeID, B_busID, timeStart, timeEnd) values (469915, 53506, '16:17:58', '13:54:03');
insert into SCHEDULED (R_routeID, B_busID, timeStart, timeEnd) values (473410, 18766, '8:35:14', '12:28:39');
insert into SCHEDULED (R_routeID, B_busID, timeStart, timeEnd) values (477696, 85843, '13:50:49', '21:57:28');
insert into SCHEDULED (R_routeID, B_busID, timeStart, timeEnd) values (486348, 18766, '17:26:31', '12:20:47');
insert into SCHEDULED (R_routeID, B_busID, timeStart, timeEnd) values (486554, 73518, '12:12:40', '18:15:32');
insert into SCHEDULED (R_routeID, B_busID, timeStart, timeEnd) values (487657, 74372, '9:59:38', '8:16:22');
insert into SCHEDULED (R_routeID, B_busID, timeStart, timeEnd) values (487907, 12678, '17:11:57', '12:51:08');
insert into SCHEDULED (R_routeID, B_busID, timeStart, timeEnd) values (504565, 28529, '7:50:47', '13:19:17');
insert into SCHEDULED (R_routeID, B_busID, timeStart, timeEnd) values (506300, 28529, '4:28:04', '18:26:00');
insert into SCHEDULED (R_routeID, B_busID, timeStart, timeEnd) values (518090, 56403, '22:48:38', '18:27:56');
insert into SCHEDULED (R_routeID, B_busID, timeStart, timeEnd) values (521003, 76647, '5:00:05', '20:35:48');
insert into SCHEDULED (R_routeID, B_busID, timeStart, timeEnd) values (521690, 72192, '9:35:53', '15:16:09');
insert into SCHEDULED (R_routeID, B_busID, timeStart, timeEnd) values (536984, 63145, '20:54:30', '17:02:57');
insert into SCHEDULED (R_routeID, B_busID, timeStart, timeEnd) values (542287, 29961, '7:57:22', '14:40:13');
insert into SCHEDULED (R_routeID, B_busID, timeStart, timeEnd) values (544019, 60721, '12:42:31', '4:11:49');
insert into SCHEDULED (R_routeID, B_busID, timeStart, timeEnd) values (544558, 74215, '14:00:47', '10:10:47');
insert into SCHEDULED (R_routeID, B_busID, timeStart, timeEnd) values (549780, 49069, '19:40:39', '19:13:26');
insert into SCHEDULED (R_routeID, B_busID, timeStart, timeEnd) values (553537, 78696, '19:01:22', '17:32:07');
insert into SCHEDULED (R_routeID, B_busID, timeStart, timeEnd) values (555928, 62553, '9:46:01', '16:33:34');
insert into SCHEDULED (R_routeID, B_busID, timeStart, timeEnd) values (561351, 99822, '20:37:18', '15:29:12');
insert into SCHEDULED (R_routeID, B_busID, timeStart, timeEnd) values (562315, 61642, '11:27:17', '16:18:19');
insert into SCHEDULED (R_routeID, B_busID, timeStart, timeEnd) values (564556, 30588, '19:49:55', '13:52:44');
insert into SCHEDULED (R_routeID, B_busID, timeStart, timeEnd) values (580300, 83086, '9:42:32', '15:45:28');
insert into SCHEDULED (R_routeID, B_busID, timeStart, timeEnd) values (583825, 85690, '9:13:56', '14:54:09');
insert into SCHEDULED (R_routeID, B_busID, timeStart, timeEnd) values (585345, 42536, '9:13:05', '19:44:27');
insert into SCHEDULED (R_routeID, B_busID, timeStart, timeEnd) values (595584, 47859, '7:15:08', '4:20:26');
insert into SCHEDULED (R_routeID, B_busID, timeStart, timeEnd) values (598969, 96929, '11:40:53', '13:41:06');
insert into SCHEDULED (R_routeID, B_busID, timeStart, timeEnd) values (600349, 63145, '10:10:17', '8:03:43');
insert into SCHEDULED (R_routeID, B_busID, timeStart, timeEnd) values (600771, 20868, '16:38:39', '18:02:50');
insert into SCHEDULED (R_routeID, B_busID, timeStart, timeEnd) values (603255, 84953, '9:02:18', '16:18:40');
insert into SCHEDULED (R_routeID, B_busID, timeStart, timeEnd) values (607670, 85843, '12:40:38', '10:21:08');
insert into SCHEDULED (R_routeID, B_busID, timeStart, timeEnd) values (611325, 52838, '4:40:48', '4:27:15');
insert into SCHEDULED (R_routeID, B_busID, timeStart, timeEnd) values (611400, 82062, '20:32:58', '22:46:10');
insert into SCHEDULED (R_routeID, B_busID, timeStart, timeEnd) values (615893, 53108, '19:40:21', '9:22:00');
insert into SCHEDULED (R_routeID, B_busID, timeStart, timeEnd) values (616372, 97141, '12:45:40', '19:20:41');
insert into SCHEDULED (R_routeID, B_busID, timeStart, timeEnd) values (621177, 32594, '11:11:07', '7:57:58');
insert into SCHEDULED (R_routeID, B_busID, timeStart, timeEnd) values (622644, 77162, '11:53:53', '22:12:58');
insert into SCHEDULED (R_routeID, B_busID, timeStart, timeEnd) values (623074, 98608, '6:03:15', '4:41:10');
insert into SCHEDULED (R_routeID, B_busID, timeStart, timeEnd) values (626372, 12678, '10:27:57', '12:16:11');
insert into SCHEDULED (R_routeID, B_busID, timeStart, timeEnd) values (630287, 29961, '6:24:21', '10:02:11');
insert into SCHEDULED (R_routeID, B_busID, timeStart, timeEnd) values (635742, 21808, '14:47:15', '21:48:27');
insert into SCHEDULED (R_routeID, B_busID, timeStart, timeEnd) values (645367, 23943, '12:46:51', '19:36:38');
insert into SCHEDULED (R_routeID, B_busID, timeStart, timeEnd) values (652793, 11111, '21:01:39', '9:46:59');
insert into SCHEDULED (R_routeID, B_busID, timeStart, timeEnd) values (656827, 52028, '21:47:54', '8:03:22');
insert into SCHEDULED (R_routeID, B_busID, timeStart, timeEnd) values (659991, 82062, '13:06:19', '12:01:00');
insert into SCHEDULED (R_routeID, B_busID, timeStart, timeEnd) values (662913, 13458, '8:15:32', '6:06:17');
insert into SCHEDULED (R_routeID, B_busID, timeStart, timeEnd) values (665830, 65433, '16:10:02', '10:36:55');
insert into SCHEDULED (R_routeID, B_busID, timeStart, timeEnd) values (675753, 78851, '13:48:45', '9:54:32');
insert into SCHEDULED (R_routeID, B_busID, timeStart, timeEnd) values (680520, 51660, '12:47:47', '22:23:54');
insert into SCHEDULED (R_routeID, B_busID, timeStart, timeEnd) values (684997, 86505, '21:17:14', '9:44:10');
insert into SCHEDULED (R_routeID, B_busID, timeStart, timeEnd) values (685055, 68761, '19:50:38', '12:43:05');
insert into SCHEDULED (R_routeID, B_busID, timeStart, timeEnd) values (686760, 60721, '11:25:20', '14:23:35');
insert into SCHEDULED (R_routeID, B_busID, timeStart, timeEnd) values (688908, 72192, '17:12:01', '11:46:15');
insert into SCHEDULED (R_routeID, B_busID, timeStart, timeEnd) values (690920, 38302, '9:57:16', '8:40:11');
insert into SCHEDULED (R_routeID, B_busID, timeStart, timeEnd) values (691825, 86131, '7:14:14', '22:20:16');
insert into SCHEDULED (R_routeID, B_busID, timeStart, timeEnd) values (695543, 23257, '6:30:18', '17:51:09');
insert into SCHEDULED (R_routeID, B_busID, timeStart, timeEnd) values (696047, 92141, '12:28:21', '9:06:13');
insert into SCHEDULED (R_routeID, B_busID, timeStart, timeEnd) values (704075, 45028, '15:39:14', '22:45:03');
insert into SCHEDULED (R_routeID, B_busID, timeStart, timeEnd) values (704896, 17994, '14:39:44', '5:41:26');
insert into SCHEDULED (R_routeID, B_busID, timeStart, timeEnd) values (707042, 98608, '8:47:57', '14:44:51');
insert into SCHEDULED (R_routeID, B_busID, timeStart, timeEnd) values (717100, 66444, '5:52:48', '16:47:30');
insert into SCHEDULED (R_routeID, B_busID, timeStart, timeEnd) values (726692, 66444, '5:32:53', '10:30:57');
insert into SCHEDULED (R_routeID, B_busID, timeStart, timeEnd) values (727690, 28529, '8:51:41', '17:39:48');
insert into SCHEDULED (R_routeID, B_busID, timeStart, timeEnd) values (728829, 60576, '17:11:32', '19:50:12');
insert into SCHEDULED (R_routeID, B_busID, timeStart, timeEnd) values (730777, 69890, '6:23:02', '14:38:27');
insert into SCHEDULED (R_routeID, B_busID, timeStart, timeEnd) values (734697, 86505, '22:45:29', '15:53:36');
insert into SCHEDULED (R_routeID, B_busID, timeStart, timeEnd) values (738524, 66514, '11:13:15', '16:57:06');
insert into SCHEDULED (R_routeID, B_busID, timeStart, timeEnd) values (751480, 64183, '8:16:10', '4:52:27');
insert into SCHEDULED (R_routeID, B_busID, timeStart, timeEnd) values (751675, 74215, '5:19:14', '17:29:00');
insert into SCHEDULED (R_routeID, B_busID, timeStart, timeEnd) values (767468, 51660, '16:44:03', '12:51:06');
insert into SCHEDULED (R_routeID, B_busID, timeStart, timeEnd) values (769645, 44679, '12:17:19', '19:28:03');
insert into SCHEDULED (R_routeID, B_busID, timeStart, timeEnd) values (797620, 38302, '10:28:41', '12:29:40');
insert into SCHEDULED (R_routeID, B_busID, timeStart, timeEnd) values (809963, 18766, '14:57:35', '19:01:12');
insert into SCHEDULED (R_routeID, B_busID, timeStart, timeEnd) values (827006, 98608, '20:09:27', '14:14:55');
insert into SCHEDULED (R_routeID, B_busID, timeStart, timeEnd) values (830331, 17994, '20:47:11', '22:05:37');
insert into SCHEDULED (R_routeID, B_busID, timeStart, timeEnd) values (836720, 84953, '20:51:27', '20:56:10');
insert into SCHEDULED (R_routeID, B_busID, timeStart, timeEnd) values (849217, 28529, '4:38:26', '6:40:37');
insert into SCHEDULED (R_routeID, B_busID, timeStart, timeEnd) values (852690, 65453, '7:21:08', '9:46:45');
insert into SCHEDULED (R_routeID, B_busID, timeStart, timeEnd) values (855328, 32410, '12:54:21', '16:53:43');
insert into SCHEDULED (R_routeID, B_busID, timeStart, timeEnd) values (860895, 55287, '15:47:46', '15:33:18');
insert into SCHEDULED (R_routeID, B_busID, timeStart, timeEnd) values (862482, 66444, '7:29:16', '21:47:09');
insert into SCHEDULED (R_routeID, B_busID, timeStart, timeEnd) values (866799, 94831, '19:29:11', '22:43:57');
insert into SCHEDULED (R_routeID, B_busID, timeStart, timeEnd) values (867324, 63145, '7:08:53', '15:03:47');
insert into SCHEDULED (R_routeID, B_busID, timeStart, timeEnd) values (869782, 86131, '14:09:28', '8:28:31');
insert into SCHEDULED (R_routeID, B_busID, timeStart, timeEnd) values (872056, 33824, '16:27:09', '22:35:15');
insert into SCHEDULED (R_routeID, B_busID, timeStart, timeEnd) values (879479, 74372, '13:24:05', '4:44:22');
insert into SCHEDULED (R_routeID, B_busID, timeStart, timeEnd) values (879486, 68761, '5:10:00', '16:06:28');
insert into SCHEDULED (R_routeID, B_busID, timeStart, timeEnd) values (884370, 57153, '7:47:17', '11:41:13');
insert into SCHEDULED (R_routeID, B_busID, timeStart, timeEnd) values (886608, 96929, '6:20:00', '4:37:44');
insert into SCHEDULED (R_routeID, B_busID, timeStart, timeEnd) values (889724, 67901, '10:51:45', '6:15:22');
insert into SCHEDULED (R_routeID, B_busID, timeStart, timeEnd) values (911634, 64508, '6:19:18', '12:54:25');
insert into SCHEDULED (R_routeID, B_busID, timeStart, timeEnd) values (912460, 38302, '14:02:14', '22:40:35');
insert into SCHEDULED (R_routeID, B_busID, timeStart, timeEnd) values (918178, 86616, '16:02:05', '15:42:40');
insert into SCHEDULED (R_routeID, B_busID, timeStart, timeEnd) values (919610, 25350, '22:06:47', '18:41:34');
insert into SCHEDULED (R_routeID, B_busID, timeStart, timeEnd) values (922432, 43799, '17:41:58', '4:07:29');
insert into SCHEDULED (R_routeID, B_busID, timeStart, timeEnd) values (923882, 73671, '6:06:23', '4:00:24');
insert into SCHEDULED (R_routeID, B_busID, timeStart, timeEnd) values (927079, 17682, '9:55:42', '22:42:59');
insert into SCHEDULED (R_routeID, B_busID, timeStart, timeEnd) values (938866, 79883, '6:39:18', '14:44:29');
insert into SCHEDULED (R_routeID, B_busID, timeStart, timeEnd) values (940790, 14130, '13:57:16', '13:00:30');
insert into SCHEDULED (R_routeID, B_busID, timeStart, timeEnd) values (942709, 98608, '18:33:56', '12:45:05');
insert into SCHEDULED (R_routeID, B_busID, timeStart, timeEnd) values (952090, 78474, '19:35:10', '14:05:12');
insert into SCHEDULED (R_routeID, B_busID, timeStart, timeEnd) values (965874, 24159, '13:15:14', '15:20:03');
insert into SCHEDULED (R_routeID, B_busID, timeStart, timeEnd) values (979273, 52838, '16:50:31', '8:04:23');
insert into SCHEDULED (R_routeID, B_busID, timeStart, timeEnd) values (979777, 94831, '7:11:18', '16:51:35');
insert into SCHEDULED (R_routeID, B_busID, timeStart, timeEnd) values (984025, 17217, '12:30:45', '18:25:35');
insert into SCHEDULED (R_routeID, B_busID, timeStart, timeEnd) values (987367, 27401, '16:38:14', '9:17:56');
insert into SCHEDULED (R_routeID, B_busID, timeStart, timeEnd) values (987513, 82062, '16:32:00', '4:29:52');
insert into SCHEDULED (R_routeID, B_busID, timeStart, timeEnd) values (993829, 77162, '20:07:37', '9:10:39');
insert into SCHEDULED (R_routeID, B_busID, timeStart, timeEnd) values (101035, 46123, '22:26:44', '22:18:27');
insert into SCHEDULED (R_routeID, B_busID, timeStart, timeEnd) values (104928, 90635, '21:43:36', '21:52:29');
insert into SCHEDULED (R_routeID, B_busID, timeStart, timeEnd) values (108962, 61642, '19:12:08', '14:38:15');
insert into SCHEDULED (R_routeID, B_busID, timeStart, timeEnd) values (110156, 69637, '15:29:28', '18:45:40');
insert into SCHEDULED (R_routeID, B_busID, timeStart, timeEnd) values (110619, 17994, '9:26:15', '16:24:39');
insert into SCHEDULED (R_routeID, B_busID, timeStart, timeEnd) values (130213, 14327, '12:04:57', '7:41:26');
insert into SCHEDULED (R_routeID, B_busID, timeStart, timeEnd) values (132275, 18912, '17:33:16', '13:09:20');
insert into SCHEDULED (R_routeID, B_busID, timeStart, timeEnd) values (132774, 60721, '21:08:54', '4:05:11');
insert into SCHEDULED (R_routeID, B_busID, timeStart, timeEnd) values (133436, 79906, '5:54:14', '9:28:57');
insert into SCHEDULED (R_routeID, B_busID, timeStart, timeEnd) values (146086, 43206, '22:43:21', '10:24:51');
insert into SCHEDULED (R_routeID, B_busID, timeStart, timeEnd) values (149741, 66829, '6:29:36', '11:07:18');
insert into SCHEDULED (R_routeID, B_busID, timeStart, timeEnd) values (156393, 43799, '13:29:10', '13:16:28');
insert into SCHEDULED (R_routeID, B_busID, timeStart, timeEnd) values (159357, 17994, '16:22:42', '21:49:10');
insert into SCHEDULED (R_routeID, B_busID, timeStart, timeEnd) values (167581, 56403, '22:45:58', '6:22:05');
insert into SCHEDULED (R_routeID, B_busID, timeStart, timeEnd) values (177236, 33824, '17:31:03', '18:25:18');
insert into SCHEDULED (R_routeID, B_busID, timeStart, timeEnd) values (179658, 50521, '6:02:59', '18:46:32');
insert into SCHEDULED (R_routeID, B_busID, timeStart, timeEnd) values (180058, 94831, '7:50:21', '12:22:37');
insert into SCHEDULED (R_routeID, B_busID, timeStart, timeEnd) values (188076, 41086, '14:28:07', '4:08:51');
insert into SCHEDULED (R_routeID, B_busID, timeStart, timeEnd) values (189630, 44679, '14:25:59', '4:16:55');
insert into SCHEDULED (R_routeID, B_busID, timeStart, timeEnd) values (192680, 55593, '10:56:34', '17:51:56');
insert into SCHEDULED (R_routeID, B_busID, timeStart, timeEnd) values (192685, 32410, '20:52:29', '19:16:19');
insert into SCHEDULED (R_routeID, B_busID, timeStart, timeEnd) values (195903, 99713, '6:41:16', '14:22:29');
insert into SCHEDULED (R_routeID, B_busID, timeStart, timeEnd) values (204419, 83086, '15:05:02', '18:23:07');
insert into SCHEDULED (R_routeID, B_busID, timeStart, timeEnd) values (208839, 67829, '21:09:31', '10:58:53');
insert into SCHEDULED (R_routeID, B_busID, timeStart, timeEnd) values (209428, 92170, '15:44:56', '22:03:54');
insert into SCHEDULED (R_routeID, B_busID, timeStart, timeEnd) values (210825, 14130, '12:41:28', '15:24:28');
insert into SCHEDULED (R_routeID, B_busID, timeStart, timeEnd) values (211007, 18912, '6:53:30', '22:28:06');
insert into SCHEDULED (R_routeID, B_busID, timeStart, timeEnd) values (213158, 60057, '7:35:41', '19:33:41');
insert into SCHEDULED (R_routeID, B_busID, timeStart, timeEnd) values (219658, 79883, '18:03:53', '11:29:23');
insert into SCHEDULED (R_routeID, B_busID, timeStart, timeEnd) values (224599, 79508, '10:17:45', '4:18:28');
insert into SCHEDULED (R_routeID, B_busID, timeStart, timeEnd) values (227774, 74917, '12:48:52', '22:23:05');
insert into SCHEDULED (R_routeID, B_busID, timeStart, timeEnd) values (230681, 96929, '14:39:01', '6:23:27');
insert into SCHEDULED (R_routeID, B_busID, timeStart, timeEnd) values (231937, 97845, '14:55:03', '15:57:35');
insert into SCHEDULED (R_routeID, B_busID, timeStart, timeEnd) values (234774, 54730, '12:13:03', '7:58:30');
insert into SCHEDULED (R_routeID, B_busID, timeStart, timeEnd) values (235053, 86616, '16:54:29', '17:03:21');
insert into SCHEDULED (R_routeID, B_busID, timeStart, timeEnd) values (235259, 13458, '17:01:24', '4:56:49');
insert into SCHEDULED (R_routeID, B_busID, timeStart, timeEnd) values (235888, 81789, '6:57:06', '14:54:42');
insert into SCHEDULED (R_routeID, B_busID, timeStart, timeEnd) values (241273, 42652, '9:52:37', '14:16:11');
insert into SCHEDULED (R_routeID, B_busID, timeStart, timeEnd) values (241369, 11848, '19:51:02', '16:45:36');
insert into SCHEDULED (R_routeID, B_busID, timeStart, timeEnd) values (245230, 54469, '8:36:03', '20:32:31');
insert into SCHEDULED (R_routeID, B_busID, timeStart, timeEnd) values (249489, 92170, '16:06:43', '5:57:12');
insert into SCHEDULED (R_routeID, B_busID, timeStart, timeEnd) values (251092, 84953, '7:34:28', '11:48:14');
insert into SCHEDULED (R_routeID, B_busID, timeStart, timeEnd) values (251570, 13458, '14:16:50', '12:17:45');
insert into SCHEDULED (R_routeID, B_busID, timeStart, timeEnd) values (252719, 66444, '18:20:31', '13:57:32');
insert into SCHEDULED (R_routeID, B_busID, timeStart, timeEnd) values (254555, 50521, '21:46:26', '12:33:07');
insert into SCHEDULED (R_routeID, B_busID, timeStart, timeEnd) values (256405, 27401, '9:19:15', '10:22:02');
insert into SCHEDULED (R_routeID, B_busID, timeStart, timeEnd) values (262146, 60721, '6:20:14', '22:19:00');
insert into SCHEDULED (R_routeID, B_busID, timeStart, timeEnd) values (263508, 82062, '9:21:10', '9:39:44');
insert into SCHEDULED (R_routeID, B_busID, timeStart, timeEnd) values (265680, 17994, '15:26:39', '10:38:56');
insert into SCHEDULED (R_routeID, B_busID, timeStart, timeEnd) values (266236, 72750, '13:21:52', '4:18:09');
insert into SCHEDULED (R_routeID, B_busID, timeStart, timeEnd) values (267907, 92170, '9:22:30', '12:31:09');
insert into SCHEDULED (R_routeID, B_busID, timeStart, timeEnd) values (275163, 98414, '22:01:48', '16:25:44');
insert into SCHEDULED (R_routeID, B_busID, timeStart, timeEnd) values (275330, 86505, '4:58:27', '12:58:16');
insert into SCHEDULED (R_routeID, B_busID, timeStart, timeEnd) values (290904, 53108, '6:02:38', '18:27:50');
insert into SCHEDULED (R_routeID, B_busID, timeStart, timeEnd) values (292792, 22555, '21:28:30', '8:40:32');
insert into SCHEDULED (R_routeID, B_busID, timeStart, timeEnd) values (294163, 76647, '8:14:46', '4:52:42');
insert into SCHEDULED (R_routeID, B_busID, timeStart, timeEnd) values (294977, 42536, '16:17:42', '14:19:08');
insert into SCHEDULED (R_routeID, B_busID, timeStart, timeEnd) values (298054, 85690, '4:29:31', '13:22:47');
insert into SCHEDULED (R_routeID, B_busID, timeStart, timeEnd) values (298476, 22167, '6:03:47', '21:06:12');
insert into SCHEDULED (R_routeID, B_busID, timeStart, timeEnd) values (298748, 32410, '8:06:14', '16:43:29');
insert into SCHEDULED (R_routeID, B_busID, timeStart, timeEnd) values (302323, 28529, '9:57:48', '6:26:51');
insert into SCHEDULED (R_routeID, B_busID, timeStart, timeEnd) values (309363, 54730, '15:35:42', '16:32:28');
insert into SCHEDULED (R_routeID, B_busID, timeStart, timeEnd) values (323214, 83086, '16:57:26', '12:08:04');
insert into SCHEDULED (R_routeID, B_busID, timeStart, timeEnd) values (323919, 12128, '9:39:28', '16:50:39');
insert into SCHEDULED (R_routeID, B_busID, timeStart, timeEnd) values (330812, 42536, '7:22:46', '13:19:55');
insert into SCHEDULED (R_routeID, B_busID, timeStart, timeEnd) values (335491, 26840, '5:43:23', '21:55:17');
insert into SCHEDULED (R_routeID, B_busID, timeStart, timeEnd) values (338646, 69890, '13:38:44', '21:46:11');
insert into SCHEDULED (R_routeID, B_busID, timeStart, timeEnd) values (342719, 98678, '18:46:20', '12:47:54');
insert into SCHEDULED (R_routeID, B_busID, timeStart, timeEnd) values (343836, 72750, '22:31:02', '20:31:13');
insert into SCHEDULED (R_routeID, B_busID, timeStart, timeEnd) values (352046, 74917, '10:23:04', '16:21:53');
insert into SCHEDULED (R_routeID, B_busID, timeStart, timeEnd) values (355884, 23511, '19:11:20', '4:52:37');
insert into SCHEDULED (R_routeID, B_busID, timeStart, timeEnd) values (357159, 22167, '8:28:13', '7:07:46');
insert into SCHEDULED (R_routeID, B_busID, timeStart, timeEnd) values (369737, 10488, '20:14:00', '9:34:09');
insert into SCHEDULED (R_routeID, B_busID, timeStart, timeEnd) values (370697, 42652, '11:39:43', '10:54:48');
insert into SCHEDULED (R_routeID, B_busID, timeStart, timeEnd) values (373416, 86616, '18:15:30', '7:55:02');
insert into SCHEDULED (R_routeID, B_busID, timeStart, timeEnd) values (379028, 88790, '20:44:21', '7:09:45');
insert into SCHEDULED (R_routeID, B_busID, timeStart, timeEnd) values (381852, 56403, '10:04:36', '10:32:55');
insert into SCHEDULED (R_routeID, B_busID, timeStart, timeEnd) values (383667, 32410, '14:26:17', '13:33:39');
insert into SCHEDULED (R_routeID, B_busID, timeStart, timeEnd) values (394165, 60721, '13:35:35', '21:35:11');
insert into SCHEDULED (R_routeID, B_busID, timeStart, timeEnd) values (396209, 69890, '14:38:09', '21:19:15');
insert into SCHEDULED (R_routeID, B_busID, timeStart, timeEnd) values (408770, 62553, '18:42:06', '7:07:57');
insert into SCHEDULED (R_routeID, B_busID, timeStart, timeEnd) values (410086, 82062, '16:03:57', '14:47:15');
insert into SCHEDULED (R_routeID, B_busID, timeStart, timeEnd) values (410633, 52028, '18:10:27', '16:23:42');
insert into SCHEDULED (R_routeID, B_busID, timeStart, timeEnd) values (418918, 78474, '4:12:30', '6:43:52');
insert into SCHEDULED (R_routeID, B_busID, timeStart, timeEnd) values (421540, 32410, '4:47:39', '10:12:49');
insert into SCHEDULED (R_routeID, B_busID, timeStart, timeEnd) values (441180, 85843, '4:04:47', '13:16:08');
insert into SCHEDULED (R_routeID, B_busID, timeStart, timeEnd) values (449891, 63145, '13:39:01', '20:33:46');
insert into SCHEDULED (R_routeID, B_busID, timeStart, timeEnd) values (451168, 51660, '20:41:51', '13:40:02');
insert into SCHEDULED (R_routeID, B_busID, timeStart, timeEnd) values (453830, 49069, '14:32:18', '10:36:57');
insert into SCHEDULED (R_routeID, B_busID, timeStart, timeEnd) values (455063, 83086, '12:41:42', '17:54:53');
insert into SCHEDULED (R_routeID, B_busID, timeStart, timeEnd) values (457296, 54469, '5:17:57', '20:05:57');
insert into SCHEDULED (R_routeID, B_busID, timeStart, timeEnd) values (458322, 35197, '20:23:52', '17:17:14');
insert into SCHEDULED (R_routeID, B_busID, timeStart, timeEnd) values (467691, 92170, '15:20:56', '4:01:03');
insert into SCHEDULED (R_routeID, B_busID, timeStart, timeEnd) values (469915, 92141, '14:17:35', '8:04:13');
insert into SCHEDULED (R_routeID, B_busID, timeStart, timeEnd) values (473410, 26937, '9:58:58', '4:02:12');
insert into SCHEDULED (R_routeID, B_busID, timeStart, timeEnd) values (477696, 33824, '22:32:31', '19:29:54');
insert into SCHEDULED (R_routeID, B_busID, timeStart, timeEnd) values (486348, 38302, '22:00:49', '22:10:30');
insert into SCHEDULED (R_routeID, B_busID, timeStart, timeEnd) values (486554, 45891, '18:30:55', '8:20:19');
insert into SCHEDULED (R_routeID, B_busID, timeStart, timeEnd) values (487657, 53506, '5:19:36', '18:56:34');
insert into SCHEDULED (R_routeID, B_busID, timeStart, timeEnd) values (487907, 31133, '6:54:55', '20:53:45');
insert into SCHEDULED (R_routeID, B_busID, timeStart, timeEnd) values (504565, 18206, '20:37:41', '8:39:00');
insert into SCHEDULED (R_routeID, B_busID, timeStart, timeEnd) values (506300, 96806, '15:59:34', '8:00:34');
insert into SCHEDULED (R_routeID, B_busID, timeStart, timeEnd) values (518090, 76647, '21:30:11', '21:03:56');
insert into SCHEDULED (R_routeID, B_busID, timeStart, timeEnd) values (521003, 22555, '21:32:42', '20:46:42');
insert into SCHEDULED (R_routeID, B_busID, timeStart, timeEnd) values (521690, 17208, '7:55:58', '10:16:59');
insert into SCHEDULED (R_routeID, B_busID, timeStart, timeEnd) values (536984, 86131, '17:03:10', '18:15:52');
insert into SCHEDULED (R_routeID, B_busID, timeStart, timeEnd) values (542287, 17208, '4:30:37', '14:06:37');
insert into SCHEDULED (R_routeID, B_busID, timeStart, timeEnd) values (544019, 33824, '7:00:03', '10:34:06');
insert into SCHEDULED (R_routeID, B_busID, timeStart, timeEnd) values (544558, 74917, '10:17:42', '19:35:56');
insert into SCHEDULED (R_routeID, B_busID, timeStart, timeEnd) values (549780, 92170, '22:08:04', '11:32:30');
insert into SCHEDULED (R_routeID, B_busID, timeStart, timeEnd) values (553537, 66829, '9:06:50', '12:18:32');
insert into SCHEDULED (R_routeID, B_busID, timeStart, timeEnd) values (555928, 12835, '13:57:27', '6:44:59');
insert into SCHEDULED (R_routeID, B_busID, timeStart, timeEnd) values (561351, 17994, '16:47:41', '16:34:21');
insert into SCHEDULED (R_routeID, B_busID, timeStart, timeEnd) values (562315, 49650, '5:18:53', '12:55:34');
insert into SCHEDULED (R_routeID, B_busID, timeStart, timeEnd) values (564556, 41086, '7:53:05', '12:10:31');
insert into SCHEDULED (R_routeID, B_busID, timeStart, timeEnd) values (580300, 15399, '9:57:38', '21:43:14');
insert into SCHEDULED (R_routeID, B_busID, timeStart, timeEnd) values (583825, 31133, '12:15:25', '5:21:09');
insert into SCHEDULED (R_routeID, B_busID, timeStart, timeEnd) values (585345, 14130, '18:16:23', '16:56:18');
insert into SCHEDULED (R_routeID, B_busID, timeStart, timeEnd) values (595584, 29568, '19:52:08', '11:01:46');
insert into SCHEDULED (R_routeID, B_busID, timeStart, timeEnd) values (598969, 20868, '19:30:04', '17:50:40');
insert into SCHEDULED (R_routeID, B_busID, timeStart, timeEnd) values (600349, 30948, '15:19:29', '19:32:00');
insert into SCHEDULED (R_routeID, B_busID, timeStart, timeEnd) values (600771, 14130, '19:09:49', '16:11:32');
insert into SCHEDULED (R_routeID, B_busID, timeStart, timeEnd) values (603255, 79883, '21:40:23', '8:28:46');
insert into SCHEDULED (R_routeID, B_busID, timeStart, timeEnd) values (607670, 49650, '18:09:19', '21:05:18');
insert into SCHEDULED (R_routeID, B_busID, timeStart, timeEnd) values (611325, 69637, '4:39:10', '5:51:51');
insert into SCHEDULED (R_routeID, B_busID, timeStart, timeEnd) values (611400, 68684, '11:32:40', '7:23:30');
insert into SCHEDULED (R_routeID, B_busID, timeStart, timeEnd) values (615893, 86505, '16:47:15', '20:10:38');
insert into SCHEDULED (R_routeID, B_busID, timeStart, timeEnd) values (616372, 43206, '14:55:23', '12:08:28');
insert into SCHEDULED (R_routeID, B_busID, timeStart, timeEnd) values (621177, 69890, '20:57:02', '10:28:09');
insert into SCHEDULED (R_routeID, B_busID, timeStart, timeEnd) values (622644, 25466, '17:25:41', '15:14:25');
insert into SCHEDULED (R_routeID, B_busID, timeStart, timeEnd) values (623074, 54730, '19:00:24', '7:33:43');
insert into SCHEDULED (R_routeID, B_busID, timeStart, timeEnd) values (626372, 35197, '8:56:13', '10:01:46');
insert into SCHEDULED (R_routeID, B_busID, timeStart, timeEnd) values (630287, 29283, '13:54:24', '10:18:04');
insert into SCHEDULED (R_routeID, B_busID, timeStart, timeEnd) values (635742, 63145, '11:38:27', '15:06:59');
insert into SCHEDULED (R_routeID, B_busID, timeStart, timeEnd) values (645367, 64183, '8:49:48', '7:57:48');
insert into SCHEDULED (R_routeID, B_busID, timeStart, timeEnd) values (652793, 90635, '9:32:15', '19:57:58');
insert into SCHEDULED (R_routeID, B_busID, timeStart, timeEnd) values (656827, 86505, '19:49:20', '12:38:54');
insert into SCHEDULED (R_routeID, B_busID, timeStart, timeEnd) values (659991, 66514, '9:13:50', '19:21:47');
insert into SCHEDULED (R_routeID, B_busID, timeStart, timeEnd) values (662913, 51660, '10:04:40', '16:04:51');
insert into SCHEDULED (R_routeID, B_busID, timeStart, timeEnd) values (665830, 81789, '10:40:59', '12:42:58');
insert into SCHEDULED (R_routeID, B_busID, timeStart, timeEnd) values (675753, 72329, '17:54:51', '10:10:06');
insert into SCHEDULED (R_routeID, B_busID, timeStart, timeEnd) values (680520, 26937, '12:35:49', '21:57:19');
insert into SCHEDULED (R_routeID, B_busID, timeStart, timeEnd) values (684997, 37772, '6:41:48', '18:47:00');
insert into SCHEDULED (R_routeID, B_busID, timeStart, timeEnd) values (685055, 21808, '13:03:24', '18:46:09');
insert into SCHEDULED (R_routeID, B_busID, timeStart, timeEnd) values (686760, 86131, '7:31:34', '10:20:18');
insert into SCHEDULED (R_routeID, B_busID, timeStart, timeEnd) values (688908, 82911, '22:18:01', '8:18:36');
insert into SCHEDULED (R_routeID, B_busID, timeStart, timeEnd) values (690920, 57153, '10:38:13', '17:15:24');
insert into SCHEDULED (R_routeID, B_busID, timeStart, timeEnd) values (695543, 59881, '20:33:41', '4:33:24');
insert into SCHEDULED (R_routeID, B_busID, timeStart, timeEnd) values (696047, 18206, '17:06:13', '9:31:36');
insert into SCHEDULED (R_routeID, B_busID, timeStart, timeEnd) values (704075, 21808, '13:03:18', '6:03:14');
insert into SCHEDULED (R_routeID, B_busID, timeStart, timeEnd) values (704896, 79883, '5:24:47', '4:37:00');
insert into SCHEDULED (R_routeID, B_busID, timeStart, timeEnd) values (707042, 54730, '8:58:24', '14:09:34');
insert into SCHEDULED (R_routeID, B_busID, timeStart, timeEnd) values (717100, 73518, '16:17:39', '22:50:55');
insert into SCHEDULED (R_routeID, B_busID, timeStart, timeEnd) values (726692, 32410, '8:50:42', '14:55:25');
insert into SCHEDULED (R_routeID, B_busID, timeStart, timeEnd) values (727690, 98678, '5:48:22', '6:13:03');
insert into SCHEDULED (R_routeID, B_busID, timeStart, timeEnd) values (730777, 19658, '21:14:18', '8:01:30');
insert into SCHEDULED (R_routeID, B_busID, timeStart, timeEnd) values (734697, 14130, '12:14:45', '17:34:16');
insert into SCHEDULED (R_routeID, B_busID, timeStart, timeEnd) values (738524, 53506, '22:37:12', '17:07:39');
insert into SCHEDULED (R_routeID, B_busID, timeStart, timeEnd) values (751480, 42652, '12:31:05', '8:15:13');
insert into SCHEDULED (R_routeID, B_busID, timeStart, timeEnd) values (751675, 24159, '19:35:37', '8:25:35');
insert into SCHEDULED (R_routeID, B_busID, timeStart, timeEnd) values (767468, 73363, '5:54:53', '22:30:55');
insert into SCHEDULED (R_routeID, B_busID, timeStart, timeEnd) values (769645, 28529, '12:37:58', '17:26:20');
insert into SCHEDULED (R_routeID, B_busID, timeStart, timeEnd) values (797620, 33824, '4:44:24', '9:46:44');
insert into SCHEDULED (R_routeID, B_busID, timeStart, timeEnd) values (809963, 73462, '4:42:30', '16:11:25');
insert into SCHEDULED (R_routeID, B_busID, timeStart, timeEnd) values (827006, 52028, '20:35:40', '8:24:08');
insert into SCHEDULED (R_routeID, B_busID, timeStart, timeEnd) values (830331, 23511, '10:16:34', '20:46:56');
insert into SCHEDULED (R_routeID, B_busID, timeStart, timeEnd) values (836720, 98414, '14:43:30', '11:47:29');
insert into SCHEDULED (R_routeID, B_busID, timeStart, timeEnd) values (849217, 68226, '18:50:49', '13:43:16');
insert into SCHEDULED (R_routeID, B_busID, timeStart, timeEnd) values (852690, 32594, '9:43:07', '17:49:55');
insert into SCHEDULED (R_routeID, B_busID, timeStart, timeEnd) values (855328, 17682, '5:10:37', '12:35:48');
insert into SCHEDULED (R_routeID, B_busID, timeStart, timeEnd) values (860895, 12128, '16:30:36', '21:03:20');
insert into SCHEDULED (R_routeID, B_busID, timeStart, timeEnd) values (862482, 29961, '17:11:54', '18:51:35');
insert into SCHEDULED (R_routeID, B_busID, timeStart, timeEnd) values (866799, 39836, '16:50:31', '14:47:37');
insert into SCHEDULED (R_routeID, B_busID, timeStart, timeEnd) values (867324, 26840, '9:15:14', '6:29:49');
insert into SCHEDULED (R_routeID, B_busID, timeStart, timeEnd) values (869782, 41086, '21:32:45', '14:21:56');
insert into SCHEDULED (R_routeID, B_busID, timeStart, timeEnd) values (872056, 53108, '15:19:48', '21:05:04');
insert into SCHEDULED (R_routeID, B_busID, timeStart, timeEnd) values (879479, 53108, '14:21:23', '7:11:05');
insert into SCHEDULED (R_routeID, B_busID, timeStart, timeEnd) values (879486, 66444, '13:11:46', '15:35:15');
insert into SCHEDULED (R_routeID, B_busID, timeStart, timeEnd) values (884370, 85843, '14:46:02', '14:30:08');
insert into SCHEDULED (R_routeID, B_busID, timeStart, timeEnd) values (886608, 74372, '10:13:04', '7:53:26');
insert into SCHEDULED (R_routeID, B_busID, timeStart, timeEnd) values (889724, 29283, '21:09:08', '4:50:40');
insert into SCHEDULED (R_routeID, B_busID, timeStart, timeEnd) values (911634, 21273, '15:42:20', '18:39:03');
insert into SCHEDULED (R_routeID, B_busID, timeStart, timeEnd) values (912460, 35197, '13:51:37', '11:05:31');
insert into SCHEDULED (R_routeID, B_busID, timeStart, timeEnd) values (918178, 86131, '16:49:34', '13:11:52');
